peptide,lca,superkingdom,kingdom,subkingdom,superphylum,phylum,subphylum,superclass,class,subclass,infraclass,superorder,order,suborder,infraorder,parvorder,superfamily,family,subfamily,tribe,subtribe,genus,subgenus,species,group,species,subgroup,species,subspecies
LPQVEGTGGDVQPSQDLVR,root,,,,,,,,,,,,,,,,,,,,,,,,,,,,
VLGQNEAVDAVSNALR,root,,,,,,,,,,,,,,,,,,,,,,,,,,,,
ALDLLDEAASSLR,root,,,,,,,,,,,,,,,,,,,,,,,,,,,,
DVPGTGNEFVGDFR,Bacillariophyta,Eukaryota,,,,Bacillariophyta,,,,,,,,,,,,,,,,,,,,,,,
VTDAELAEVLAR,root,,,,,,,,,,,,,,,,,,,,,,,,,,,,
DVTGEAEFVGDFR,,,,,,,,,,,,,,,,,,,,,,,,,,,,,
VHTVVLNDPGR,root,,,,,,,,,,,,,,,,,,,,,,,,,,,,
STEFDNLLLVGPLAGK,,,,,,,,,,,,,,,,,,,,,,,,,,,,,
DYTPANNYNNLLDR,Eukaryota,Eukaryota,,,,,,,,,,,,,,,,,,,,,,,,,,,
DVTGEGEFVGDFR,Thalassiosirales,Eukaryota,,,,Bacillariophyta,,,Coscinodiscophyceae,Thalassiosirophycidae,,,Thalassiosirales,,,,,,,,,,,,,,,,
DYDPELNKNNVLAR,Eukaryota,Eukaryota,,,,,,,,,,,,,,,,,,,,,,,,,,,
RQTSELQHGR,,,,,,,,,,,,,,,,,,,,,,,,,,,,,
NGALDFGWDSFDEETK,Bacillariophyta,Eukaryota,,,,Bacillariophyta,,,,,,,,,,,,,,,,,,,,,,,
AGVHLPGNLDYAGNSF,,,,,,,,,,,,,,,,,,,,,,,,,,,,,
FGYDFLPGK,,,,,,,,,,,,,,,,,,,,,,,,,,,,,
LAQLAFLGNLLTR,Thalassiosira,pseudonana,Eukaryota,,,,Bacillariophyta,,,Coscinodiscophyceae,Thalassiosirophycidae,,,Thalassiosirales,,,,,Thalassiosiraceae,,,,Thalassiosira,,,,Thalassiosira,pseudonana,
GYDPDLPLLGHLQ,,,,,,,,,,,,,,,,,,,,,,,,,,,,,
DFGYSFPCDGPGR,root,,,,,,,,,,,,,,,,,,,,,,,,,,,,
APGDFGFGK,,,,,,,,,,,,,,,,,,,,,,,,,,,,,
AAEDPEFETFYTK,root,,,,,,,,,,,,,,,,,,,,,,,,,,,,
NGALDFGWDK,Bacillariophyta,Eukaryota,,,,Bacillariophyta,,,,,,,,,,,,,,,,,,,,,,,
ALGRPQDMFSDK,root,,,,,,,,,,,,,,,,,,,,,,,,,,,,
DFGWDKFDEETK,,,,,,,,,,,,,,,,,,,,,,,,,,,,,
SSAFGFLLAK,Eukaryota,Eukaryota,,,,,,,,,,,,,,,,,,,,,,,,,,,
DVTGQGEFVGDFR,Fragilariopsis,cylindrus,Eukaryota,,,,Bacillariophyta,,,Bacillariophyceae,,,,Bacillariales,,,,,Bacillariaceae,,,,Fragilariopsis,,,,Fragilariopsis,cylindrus,
DLMAQLYPSFGK,Eukaryota,Eukaryota,,,,,,,,,,,,,,,,,,,,,,,,,,,
NNPVLLGEPGVGK,root,,,,,,,,,,,,,,,,,,,,,,,,,,,,
FGGDVLEVGGK,,,,,,,,,,,,,,,,,,,,,,,,,,,,,
ALQQQLENPLAQQLLSGELVPGK,root,,,,,,,,,,,,,,,,,,,,,,,,,,,,
ELLDAHRPPGGR,root,,,,,,,,,,,,,,,,,,,,,,,,,,,,
YPVFAQQGYSNPR,,,,,,,,,,,,,,,,,,,,,,,,,,,,,
DKPVALSLVQAR,root,,,,,,,,,,,,,,,,,,,,,,,,,,,,
GQTFKDAPTVK,Eukaryota,Eukaryota,,,,,,,,,,,,,,,,,,,,,,,,,,,
ALGPGLGQGNAAGQAVEGLAR,,,,,,,,,,,,,,,,,,,,,,,,,,,,,
SGDCTQERFDR,,,,,,,,,,,,,,,,,,,,,,,,,,,,,
DLESTGFAWWSGNAR,root,,,,,,,,,,,,,,,,,,,,,,,,,,,,
LGEHNLDVLEGNEQ,,,,,,,,,,,,,,,,,,,,,,,,,,,,,
LLPLGYDPDLPLLGHLQ,Tetraselmis,Eukaryota,Viridiplantae,,,Chlorophyta,,,Chlorodendrophyceae,,,,Chlorodendrales,,,,,Chlorodendraceae,,,,Tetraselmis,,,,,,,
NPVLLGEPGVGK,root,,,,,,,,,,,,,,,,,,,,,,,,,,,,
TGEPALDLPK,root,,,,,,,,,,,,,,,,,,,,,,,,,,,,
GQTFKDAPTVKK,Eukaryota,Eukaryota,,,,,,,,,,,,,,,,,,,,,,,,,,,
AGVHLPGNLDYAG,,,,,,,,,,,,,,,,,,,,,,,,,,,,,
KAQLGEVFEFDR,root,,,,,,,,,,,,,,,,,,,,,,,,,,,,
YLTYPFYAGGNR,Eukaryota,Eukaryota,,,,,,,,,,,,,,,,,,,,,,,,,,,
YAFGGDVLEVGGK,,,,,,,,,,,,,,,,,,,,,,,,,,,,,
GTDGLPHLVADGR,,,,,,,,,,,,,,,,,,,,,,,,,,,,,
AGLHLPGSLNYAGD,,,,,,,,,,,,,,,,,,,,,,,,,,,,,
NGYLDFGWDDFDEETK,Bacillariophyta,Eukaryota,,,,Bacillariophyta,,,,,,,,,,,,,,,,,,,,,,,
ELPLPHEFLLNR,root,,,,,,,,,,,,,,,,,,,,,,,,,,,,
LYTSELVHCR,,,,,,,,,,,,,,,,,,,,,,,,,,,,,
GDATYLLVK,Eukaryota,Eukaryota,,,,,,,,,,,,,,,,,,,,,,,,,,,
GGESVGQSTLTR,root,,,,,,,,,,,,,,,,,,,,,,,,,,,,
SYAFGGDVLEVGGK,,,,,,,,,,,,,,,,,,,,,,,,,,,,,
CSESPAFTK,Bacillariophyta,Eukaryota,,,,Bacillariophyta,,,,,,,,,,,,,,,,,,,,,,,
RALELNNGR,root,,,,,,,,,,,,,,,,,,,,,,,,,,,,
VLNTWADLLNR,root,,,,,,,,,,,,,,,,,,,,,,,,,,,,
KLAFYDYLGNNPAK,root,,,,,,,,,,,,,,,,,,,,,,,,,,,,
GRGQVYPTGEK,root,,,,,,,,,,,,,,,,,,,,,,,,,,,,
AVPVVGPPLVLVLR,,,,,,,,,,,,,,,,,,,,,,,,,,,,,
LGEHNLDVLEGN,,,,,,,,,,,,,,,,,,,,,,,,,,,,,
VNDDGTLQDPVLGTK,,,,,,,,,,,,,,,,,,,,,,,,,,,,,
LGGELPLVGPM,,,,,,,,,,,,,,,,,,,,,,,,,,,,,
CSESPAFTKR,Bacillariophyta,Eukaryota,,,,Bacillariophyta,,,,,,,,,,,,,,,,,,,,,,,
DEETKLQKR,,,,,,,,,,,,,,,,,,,,,,,,,,,,,
GSGGGSSGGSLGGR,root,,,,,,,,,,,,,,,,,,,,,,,,,,,,
LSSPATLNSR,Mammalia,Eukaryota,Metazoa,,,Chordata,Craniata,Sarcopterygii,Mammalia,,,,,,,,,,,,,,,,,,,,
AAAAGFEK,root,,,,,,,,,,,,,,,,,,,,,,,,,,,,
FGLTPLLR,root,,,,,,,,,,,,,,,,,,,,,,,,,,,,
GGSGGSYGGGGSGGGYGGGSGSR,Hominoidea,Eukaryota,Metazoa,,,Chordata,Craniata,Sarcopterygii,Mammalia,,,Euarchontoglires,Primates,Haplorrhini,Simiiformes,Catarrhini,Hominoidea,,,,,,,,,,,,
LLTHPNFNGNTL,,,,,,,,,,,,,,,,,,,,,,,,,,,,,
GEAEFVGDFR,,,,,,,,,,,,,,,,,,,,,,,,,,,,,
FLGNLLTR,Bacteria,Bacteria,,,,,,,,,,,,,,,,,,,,,,,,,,,
AQLGEVFEFDR,root,,,,,,,,,,,,,,,,,,,,,,,,,,,,
ANYDFLPGK,,,,,,,,,,,,,,,,,,,,,,,,,,,,,
ALGPGLGQGNAAGQ,,,,,,,,,,,,,,,,,,,,,,,,,,,,,
LGYDPDLPLLGHLQ,,,,,,,,,,,,,,,,,,,,,,,,,,,,,
YVGGTEEDLK,,,,,,,,,,,,,,,,,,,,,,,,,,,,,
EGVSLWER,Eukaryota,Eukaryota,,,,,,,,,,,,,,,,,,,,,,,,,,,
VEGTGGDVQPSQDLVR,,,,,,,,,,,,,,,,,,,,,,,,,,,,,
EADSPPALALK,,,,,,,,,,,,,,,,,,,,,,,,,,,,,
ETELLNYLNPK,,,,,,,,,,,,,,,,,,,,,,,,,,,,,
STGFAWWSGNAR,Eukaryota,Eukaryota,,,,,,,,,,,,,,,,,,,,,,,,,,,
AGVHLPGNLDY,,,,,,,,,,,,,,,,,,,,,,,,,,,,,
TSLESDGVFR,Eukaryota,Eukaryota,,,,,,,,,,,,,,,,,,,,,,,,,,,
YVELKHGR,root,,,,,,,,,,,,,,,,,,,,,,,,,,,,
QSSQVVWPLVGQ,,,,,,,,,,,,,,,,,,,,,,,,,,,,,
AFGGDVLEVGGK,,,,,,,,,,,,,,,,,,,,,,,,,,,,,
APGDFGLDGGFLK,Thalassiosira,pseudonana,Eukaryota,,,,Bacillariophyta,,,Coscinodiscophyceae,Thalassiosirophycidae,,,Thalassiosirales,,,,,Thalassiosiraceae,,,,Thalassiosira,,,,Thalassiosira,pseudonana,
AGVHLPGNLDYAGN,,,,,,,,,,,,,,,,,,,,,,,,,,,,,
VTGEGEFVGDFR,,,,,,,,,,,,,,,,,,,,,,,,,,,,,
AVGLAHYLLGGLGTT,,,,,,,,,,,,,,,,,,,,,,,,,,,,,
DDADQERFDR,,,,,,,,,,,,,,,,,,,,,,,,,,,,,
NVGGLLLLPK,,,,,,,,,,,,,,,,,,,,,,,,,,,,,
YDPDLPLLGHLQ,,,,,,,,,,,,,,,,,,,,,,,,,,,,,
AGVHLPGNLDYAGD,,,,,,,,,,,,,,,,,,,,,,,,,,,,,
NGGTGNDEVANK,,,,,,,,,,,,,,,,,,,,,,,,,,,,,
LGEHNLDVLEGNE,,,,,,,,,,,,,,,,,,,,,,,,,,,,,
ALQELQHGR,Thalassiosira,pseudonana,Eukaryota,,,,Bacillariophyta,,,Coscinodiscophyceae,Thalassiosirophycidae,,,Thalassiosirales,,,,,Thalassiosiraceae,,,,Thalassiosira,,,,Thalassiosira,pseudonana,
AGVHLPGNLDYA,,,,,,,,,,,,,,,,,,,,,,,,,,,,,
QVEGTGGDVQPSQDLVR,,,,,,,,,,,,,,,,,,,,,,,,,,,,,
SFPVLLVDK,,,,,,,,,,,,,,,,,,,,,,,,,,,,,
YQWDSGYFQQELER,root,,,,,,,,,,,,,,,,,,,,,,,,,,,,
QLLFEPLFAEY,,,,,,,,,,,,,,,,,,,,,,,,,,,,,
GWDKFDEETK,,,,,,,,,,,,,,,,,,,,,,,,,,,,,
WVTNPLK,root,,,,,,,,,,,,,,,,,,,,,,,,,,,,
HVDCPGHADYVK,root,,,,,,,,,,,,,,,,,,,,,,,,,,,,
DALGNELMAK,,,,,,,,,,,,,,,,,,,,,,,,,,,,,
NGFLDFGWDK,Bacillariophyta,Eukaryota,,,,Bacillariophyta,,,,,,,,,,,,,,,,,,,,,,,
LNGQTFK,root,,,,,,,,,,,,,,,,,,,,,,,,,,,,
ALELNNGR,root,,,,,,,,,,,,,,,,,,,,,,,,,,,,
DSQTNSLEEVSR,Dictyota,dichotoma,Eukaryota,,,,,,,Phaeophyceae,,,,Dictyotales,,,,,Dictyotaceae,,,,Dictyota,,,,Dictyota,dichotoma,
SEGTDLQTK,Conticribra,weissflogii,Eukaryota,,,,Bacillariophyta,,,Coscinodiscophyceae,Thalassiosirophycidae,,,Thalassiosirales,,,,,Thalassiosiraceae,,,,Conticribra,,,,Conticribra,weissflogii,
LGGSLPLVGEM,,,,,,,,,,,,,,,,,,,,,,,,,,,,,
GQVYPTGEK,root,,,,,,,,,,,,,,,,,,,,,,,,,,,,
TPLANLLR,root,,,,,,,,,,,,,,,,,,,,,,,,,,,,
LGGELPLVGQM,,,,,,,,,,,,,,,,,,,,,,,,,,,,,
WFNCGPSK,,,,,,,,,,,,,,,,,,,,,,,,,,,,,
LNSVNYVSPR,,,,,,,,,,,,,,,,,,,,,,,,,,,,,
NLFDPFGFSK,,,,,,,,,,,,,,,,,,,,,,,,,,,,,
VGGGLYTK,root,,,,,,,,,,,,,,,,,,,,,,,,,,,,
ALSLTQGR,root,,,,,,,,,,,,,,,,,,,,,,,,,,,,
GPAPLPLALAHLD,,,,,,,,,,,,,,,,,,,,,,,,,,,,,
LGPGDFLVH,,,,,,,,,,,,,,,,,,,,,,,,,,,,,
SLPFLTVPEK,Thalassiosirales,Eukaryota,,,,Bacillariophyta,,,Coscinodiscophyceae,Thalassiosirophycidae,,,Thalassiosirales,,,,,,,,,,,,,,,,
DPDLPLLGHLQ,,,,,,,,,,,,,,,,,,,,,,,,,,,,,
ELLNYLNPK,,,,,,,,,,,,,,,,,,,,,,,,,,,,,
DQFNKVFQL,Thalassiosirales,Eukaryota,,,,Bacillariophyta,,,Coscinodiscophyceae,Thalassiosirophycidae,,,Thalassiosirales,,,,,,,,,,,,,,,,
YDYLGNNPAK,,,,,,,,,,,,,,,,,,,,,,,,,,,,,
ALQLQPLFAQ,,,,,,,,,,,,,,,,,,,,,,,,,,,,,
LPDKLAFYDY,,,,,,,,,,,,,,,,,,,,,,,,,,,,,
GGDVLEVGGK,,,,,,,,,,,,,,,,,,,,,,,,,,,,,
NDEALAFLR,Chloroflexi,bacterium,Bacteria,,,,Chloroflexi,,,,,,,,,,,,,,,,,,,,Chloroflexi,bacterium,
QQVPLVNDR,Eukaryota,Eukaryota,,,,,,,,,,,,,,,,,,,,,,,,,,,
AFLELLR,root,,,,,,,,,,,,,,,,,,,,,,,,,,,,
TDGKPWWT,,,,,,,,,,,,,,,,,,,,,,,,,,,,,
EAEFVGDFR,,,,,,,,,,,,,,,,,,,,,,,,,,,,,
NLNPDTPR,,,,,,,,,,,,,,,,,,,,,,,,,,,,,
LGALELGVMK,,,,,,,,,,,,,,,,,,,,,,,,,,,,,
ELNSVNYVSPR,,,,,,,,,,,,,,,,,,,,,,,,,,,,,
TLFRDVFTG,,,,,,,,,,,,,,,,,,,,,,,,,,,,,
GQLTDLTTTEK,,,,,,,,,,,,,,,,,,,,,,,,,,,,,
YVNWLQQTLAAN,Rodentia,Eukaryota,Metazoa,,,Chordata,Craniata,Sarcopterygii,Mammalia,,,Euarchontoglires,Rodentia,,,,,,,,,,,,,,,,
AGLHLPGSLNYA,,,,,,,,,,,,,,,,,,,,,,,,,,,,,
SNEETLAWLR,Thalassiosira,oceanica,Eukaryota,,,,Bacillariophyta,,,Coscinodiscophyceae,Thalassiosirophycidae,,,Thalassiosirales,,,,,Thalassiosiraceae,,,,Thalassiosira,,,,Thalassiosira,oceanica,
DEETKLSK,Biomphalaria,glabrata,Eukaryota,Metazoa,,,Mollusca,,,Gastropoda,Heterobranchia,,,,,,,Lymnaeoidea,Planorbidae,,,,Biomphalaria,,,,Biomphalaria,glabrata,
GGELPLVGPM,,,,,,,,,,,,,,,,,,,,,,,,,,,,,
NNYNNLLDR,,,,,,,,,,,,,,,,,,,,,,,,,,,,,
GWDSFDEETK,,,,,,,,,,,,,,,,,,,,,,,,,,,,,
EGNEQFLNAAK,,,,,,,,,,,,,,,,,,,,,,,,,,,,,
ELAVFDPSDPVLNP,,,,,,,,,,,,,,,,,,,,,,,,,,,,,
SPATLNSR,Dipodomys,ordii,Eukaryota,Metazoa,,,Chordata,Craniata,Sarcopterygii,Mammalia,,,Euarchontoglires,Rodentia,Castorimorpha,,,,Heteromyidae,Dipodomyinae,,,Dipodomys,,,,Dipodomys,ordii,
SGPMNKGDGLAE,,,,,,,,,,,,,,,,,,,,,,,,,,,,,
DFGWDSFDEETK,,,,,,,,,,,,,,,,,,,,,,,,,,,,,
AGVHLPGNLDYAGDS,,,,,,,,,,,,,,,,,,,,,,,,,,,,,
LFELYTK,root,,,,,,,,,,,,,,,,,,,,,,,,,,,,
MTEENLYQK,Haematococcus,lacustris,Eukaryota,Viridiplantae,,,Chlorophyta,,,Chlorophyceae,,,,Chlamydomonadales,,,,,Haematococcaceae,,,,Haematococcus,,,,Haematococcus,lacustris,
NEQFLNAAK,,,,,,,,,,,,,,,,,,,,,,,,,,,,,
LGEHNLDVL,,,,,,,,,,,,,,,,,,,,,,,,,,,,,
DKFDEETK,Candidatus,Cloacimonetes,bacterium,Bacteria,,,,Candidatus,Cloacimonetes,,,,,,,,,,,,,,,,,,,,Candidatus
AGLHLPGNLDTA,,,,,,,,,,,,,,,,,,,,,,,,,,,,,
LGEHNLDVLEG,,,,,,,,,,,,,,,,,,,,,,,,,,,,,
LSGDCTQER,,,,,,,,,,,,,,,,,,,,,,,,,,,,,
LNPEGYYLFDK,,,,,,,,,,,,,,,,,,,,,,,,,,,,,
QLAFLGNLLTR,,,,,,,,,,,,,,,,,,,,,,,,,,,,,
ASDAELAR,Bacteria,Bacteria,,,,,,,,,,,,,,,,,,,,,,,,,,,
GVTVDFYGGK,,,,,,,,,,,,,,,,,,,,,,,,,,,,,
GYSFPCDGPGR,,,,,,,,,,,,,,,,,,,,,,,,,,,,,
MLTGLPFLYE,,,,,,,,,,,,,,,,,,,,,,,,,,,,,
EWELSYR,root,,,,,,,,,,,,,,,,,,,,,,,,,,,,
ALEGPLNTYAR,,,,,,,,,,,,,,,,,,,,,,,,,,,,,
FGWDDFDEETK,,,,,,,,,,,,,,,,,,,,,,,,,,,,,
SPPALALK,,,,,,,,,,,,,,,,,,,,,,,,,,,,,
GEGEFVGDFR,,,,,,,,,,,,,,,,,,,,,,,,,,,,,
QTSELQHGR,,,,,,,,,,,,,,,,,,,,,,,,,,,,,
GLSDLQTDLR,,,,,,,,,,,,,,,,,,,,,,,,,,,,,
YLGNNPAK,Noccaea,caerulescens,Eukaryota,Viridiplantae,,,Streptophyta,Streptophytina,,Magnoliopsida,,,,Brassicales,,,,,Brassicaceae,,Coluteocarpeae,,Noccaea,,,,Noccaea,caerulescens,
VATVSLPR,root,,,,,,,,,,,,,,,,,,,,,,,,,,,,
VAPETYR,root,,,,,,,,,,,,,,,,,,,,,,,,,,,,
FVFPEEVLPR,root,,,,,,,,,,,,,,,,,,,,,,,,,,,,
NNNPDTPR,,,,,,,,,,,,,,,,,,,,,,,,,,,,,
AFYDYLGNNPAK,,,,,,,,,,,,,,,,,,,,,,,,,,,,,
VSTVYDWLER,,,,,,,,,,,,,,,,,,,,,,,,,,,,,
SVNYVSPR,,,,,,,,,,,,,,,,,,,,,,,,,,,,,
LGYFPPFDAK,,,,,,,,,,,,,,,,,,,,,,,,,,,,,
GRDSELKNGR,,,,,,,,,,,,,,,,,,,,,,,,,,,,,
KAQLGEVFEF,Pavlova,lutheri,Eukaryota,,,,Haptista,,,Haptophyta,,,,Pavlovales,,,,,Pavlovaceae,,,,Pavlova,,,,Pavlova,lutheri,
VVLNDPGR,root,,,,,,,,,,,,,,,,,,,,,,,,,,,,
NAAGQAVEGLAR,Didymosphenia,geminata,Eukaryota,,,,Bacillariophyta,,,Bacillariophyceae,,,,Cymbellales,,,,,Gomphonemataceae,,,,Didymosphenia,,,,Didymosphenia,geminata,
GFAWWSGNAR,Eukaryota,Eukaryota,,,,,,,,,,,,,,,,,,,,,,,,,,,
AGVHLPGNLD,,,,,,,,,,,,,,,,,,,,,,,,,,,,,
QAGQLTDLTTTEK,,,,,,,,,,,,,,,,,,,,,,,,,,,,,
AHVDCPGHADYVKN,root,,,,,,,,,,,,,,,,,,,,,,,,,,,,
GWDDFDEETK,,,,,,,,,,,,,,,,,,,,,,,,,,,,,
AVLTQGPFPYV,,,,,,,,,,,,,,,,,,,,,,,,,,,,,
AAGQAVEGLAR,root,,,,,,,,,,,,,,,,,,,,,,,,,,,,
HVDCPGHADYVKN,root,,,,,,,,,,,,,,,,,,,,,,,,,,,,
FSDFLPVDFLR,,,,,,,,,,,,,,,,,,,,,,,,,,,,,
FGLATATGR,Thalassiosira,Eukaryota,,,,Bacillariophyta,,,Coscinodiscophyceae,Thalassiosirophycidae,,,Thalassiosirales,,,,,Thalassiosiraceae,,,,Thalassiosira,,,,,,,
AFLGQLVTR,,,,,,,,,,,,,,,,,,,,,,,,,,,,,
LGEHNLDVLEGNEQF,,,,,,,,,,,,,,,,,,,,,,,,,,,,,
LTTPGQR,root,,,,,,,,,,,,,,,,,,,,,,,,,,,,
LSDGLSEEK,,,,,,,,,,,,,,,,,,,,,,,,,,,,,
ELLLGDR,root,,,,,,,,,,,,,,,,,,,,,,,,,,,,
GMLSGDCTQER,,,,,,,,,,,,,,,,,,,,,,,,,,,,,
FDEETK,root,,,,,,,,,,,,,,,,,,,,,,,,,,,,
GFRFPCDGPGR,root,,,,,,,,,,,,,,,,,,,,,,,,,,,,
VVLNDPGRLLSV,Streptophytina,Eukaryota,Viridiplantae,,,Streptophyta,Streptophytina,,,,,,,,,,,,,,,,,,,,,,
GVTFSDLAK,,,,,,,,,,,,,,,,,,,,,,,,,,,,,
GLLDDADQER,,,,,,,,,,,,,,,,,,,,,,,,,,,,,
EADSPPALALKQ,,,,,,,,,,,,,,,,,,,,,,,,,,,,,
LRYVELK,root,,,,,,,,,,,,,,,,,,,,,,,,,,,,
GLDTVLFER,Bacillariophyceae,Eukaryota,,,,Bacillariophyta,,,Bacillariophyceae,,,,,,,,,,,,,,,,,,,,
GGELPLVGQM,,,,,,,,,,,,,,,,,,,,,,,,,,,,,
SPWTETDFR,,,,,,,,,,,,,,,,,,,,,,,,,,,,,
TTTWLWNLHAD,,,,,,,,,,,,,,,,,,,,,,,,,,,,,
EAYPGDVFYLH,Bacteria,Bacteria,,,,,,,,,,,,,,,,,,,,,,,,,,,
AGLHLPGNLDT,,,,,,,,,,,,,,,,,,,,,,,,,,,,,
HVDCPGHADY,,,,,,,,,,,,,,,,,,,,,,,,,,,,,
GDCTQERFDR,,,,,,,,,,,,,,,,,,,,,,,,,,,,,
YLGNNPAKGGL,Noccaea,caerulescens,Eukaryota,Viridiplantae,,,Streptophyta,Streptophytina,,Magnoliopsida,,,,Brassicales,,,,,Brassicaceae,,Coluteocarpeae,,Noccaea,,,,Noccaea,caerulescens,
GFFDPLNLSK,,,,,,,,,,,,,,,,,,,,,,,,,,,,,
LTGFGEVK,root,,,,,,,,,,,,,,,,,,,,,,,,,,,,
ALGPGLGQGNAA,,,,,,,,,,,,,,,,,,,,,,,,,,,,,
VALSLVQAR,Planctomycetes,Bacteria,,,,Planctomycetes,,,,,,,,,,,,,,,,,,,,,,,
AHVDCPGHAD,,,,,,,,,,,,,,,,,,,,,,,,,,,,,
LLETEPGSR,,,,,,,,,,,,,,,,,,,,,,,,,,,,,
SEGTDLQTKK,Conticribra,weissflogii,Eukaryota,,,,Bacillariophyta,,,Coscinodiscophyceae,Thalassiosirophycidae,,,Thalassiosirales,,,,,Thalassiosiraceae,,,,Conticribra,,,,Conticribra,weissflogii,
LGPGDFLVHHALAL,,,,,,,,,,,,,,,,,,,,,,,,,,,,,
SDGLSEEK,Parabacteroides,Bacteria,,,,Bacteroidetes,,,Bacteroidia,,,,Bacteroidales,,,,,Tannerellaceae,,,,Parabacteroides,,,,,,,
TPGDWESSKDQF,,,,,,,,,,,,,,,,,,,,,,,,,,,,,
SGPMNKGDGLAEA,Eukaryota,Eukaryota,,,,,,,,,,,,,,,,,,,,,,,,,,,
TSELQHGR,,,,,,,,,,,,,,,,,,,,,,,,,,,,,
SPPALALKQ,,,,,,,,,,,,,,,,,,,,,,,,,,,,,
GGSLPLVGEM,,,,,,,,,,,,,,,,,,,,,,,,,,,,,
LVGGYTCAAN,,,,,,,,,,,,,,,,,,,,,,,,,,,,,
GQAVEGLAR,,,,,,,,,,,,,,,,,,,,,,,,,,,,,
SLPFLTVPEKLD,Thalassiosirales,Eukaryota,,,,Bacillariophyta,,,Coscinodiscophyceae,Thalassiosirophycidae,,,Thalassiosirales,,,,,,,,,,,,,,,,
SGSHFCGGSLLNSQW,,,,,,,,,,,,,,,,,,,,,,,,,,,,,
GATQAGQLTDLTTTEKGE,,,,,,,,,,,,,,,,,,,,,,,,,,,,,
EFLLNR,root,,,,,,,,,,,,,,,,,,,,,,,,,,,,
TGEAEFVGDFR,,,,,,,,,,,,,,,,,,,,,,,,,,,,,
PGTLPGWEGPGWDK,,,,,,,,,,,,,,,,,,,,,,,,,,,,,
FYDYLGNNPAK,Ginkgo,biloba,Eukaryota,Viridiplantae,,,Streptophyta,Streptophytina,,Ginkgoopsida,Ginkgoidae,,,Ginkgoales,,,,,Ginkgoaceae,,,,Ginkgo,,,,Ginkgo,biloba,
LDEAGQAR,Bacteria,Bacteria,,,,,,,,,,,,,,,,,,,,,,,,,,,
SGSHFCGGSLLNSQ,,,,,,,,,,,,,,,,,,,,,,,,,,,,,
LPFFGCPTAGNR,Thalassiosira,Eukaryota,,,,Bacillariophyta,,,Coscinodiscophyceae,Thalassiosirophycidae,,,Thalassiosirales,,,,,Thalassiosiraceae,,,,Thalassiosira,,,,,,,
DDFDEETK,,,,,,,,,,,,,,,,,,,,,,,,,,,,,
VNYVSPR,,,,,,,,,,,,,,,,,,,,,,,,,,,,,
TCDLLFK,root,,,,,,,,,,,,,,,,,,,,,,,,,,,,
LAMMPLK,root,,,,,,,,,,,,,,,,,,,,,,,,,,,,
MAQLYPSFGK,,,,,,,,,,,,,,,,,,,,,,,,,,,,,
SFDEETK,root,,,,,,,,,,,,,,,,,,,,,,,,,,,,
SLESDGVFR,,,,,,,,,,,,,,,,,,,,,,,,,,,,,
PDLPLLGHLQ,,,,,,,,,,,,,,,,,,,,,,,,,,,,,
RVLEER,root,,,,,,,,,,,,,,,,,,,,,,,,,,,,
ALGPGLGQGNAAGQAVEG,,,,,,,,,,,,,,,,,,,,,,,,,,,,,
WAQPGHFSR,root,,,,,,,,,,,,,,,,,,,,,,,,,,,,
GYDPDLPLLGH,,,,,,,,,,,,,,,,,,,,,,,,,,,,,
GLLDDADQERFD,,,,,,,,,,,,,,,,,,,,,,,,,,,,,
AFLGNLLTR,,,,,,,,,,,,,,,,,,,,,,,,,,,,,
SEEALKR,root,,,,,,,,,,,,,,,,,,,,,,,,,,,,
TVPTGVGK,,,,,,,,,,,,,,,,,,,,,,,,,,,,,
DSFDEETK,,,,,,,,,,,,,,,,,,,,,,,,,,,,,
ALTPYAYLSK,,,,,,,,,,,,,,,,,,,,,,,,,,,,,
SDFLTFK,root,,,,,,,,,,,,,,,,,,,,,,,,,,,,
NVEWTEFLDEK,,,,,,,,,,,,,,,,,,,,,,,,,,,,,
EAVLDLR,root,,,,,,,,,,,,,,,,,,,,,,,,,,,,
FDPAGFAAK,,,,,,,,,,,,,,,,,,,,,,,,,,,,,
NGGPYQLLVLH,,,,,,,,,,,,,,,,,,,,,,,,,,,,,
AQLYPSFGK,,,,,,,,,,,,,,,,,,,,,,,,,,,,,
VTPEAELANGR,,,,,,,,,,,,,,,,,,,,,,,,,,,,,
DSPPALALKQ,,,,,,,,,,,,,,,,,,,,,,,,,,,,,
LVGPLAGK,Desulfovibrio,Bacteria,,,,Proteobacteria,delta/epsilon,subdivisions,,Deltaproteobacteria,,,,Desulfovibrionales,,,,,Desulfovibrionaceae,,,,Desulfovibrio,,,,,,
GLVGDLLAR,root,,,,,,,,,,,,,,,,,,,,,,,,,,,,
QNEAVDAVSNALR,,,,,,,,,,,,,,,,,,,,,,,,,,,,,
NLLLVGPLAGK,,,,,,,,,,,,,,,,,,,,,,,,,,,,,
AGVHLPGNLDYAGNS,,,,,,,,,,,,,,,,,,,,,,,,,,,,,
RYVELK,root,,,,,,,,,,,,,,,,,,,,,,,,,,,,
NSNGLCTR,,,,,,,,,,,,,,,,,,,,,,,,,,,,,
QFLNAAK,root,,,,,,,,,,,,,,,,,,,,,,,,,,,,
FLPVDFLR,Candidatus,Methanoperedenaceae,archaeon,Archaea,,,,Euryarchaeota,,,Methanomicrobia,,,,Methanosarcinales,,,,,Candidatus,Methanoperedenaceae,,,,,,,,Candidatus
LPDKLAFYD,,,,,,,,,,,,,,,,,,,,,,,,,,,,,
LAFLGQLVTR,,,,,,,,,,,,,,,,,,,,,,,,,,,,,
NYSPEEYADK,,,,,,,,,,,,,,,,,,,,,,,,,,,,,
NEADMLDLR,,,,,,,,,,,,,,,,,,,,,,,,,,,,,
