peptide,lca,superkingdom,kingdom,subkingdom,superphylum,phylum,subphylum,superclass,class,subclass,infraclass,superorder,order,suborder,infraorder,parvorder,superfamily,family,subfamily,tribe,subtribe,genus,subgenus,species,group,species.1,subgroup,species.2,subspecies,Area,NAAF_num.
ALQELQHGR,Thalassiosira,pseudonana,Eukaryota,,,,Bacillariophyta,,,Coscinodiscophyceae,Thalassiosirophycidae,,,Thalassiosirales,,,,,Thalassiosiraceae,,,,Thalassiosira,,,,Thalassiosira,pseudonana,,122000.0,13555.555555555557
APGDFGLDGGFLK,Thalassiosira,pseudonana,Eukaryota,,,,Bacillariophyta,,,Coscinodiscophyceae,Thalassiosirophycidae,,,Thalassiosirales,,,,,Thalassiosiraceae,,,,Thalassiosira,,,,Thalassiosira,pseudonana,,177000.0,13615.384615384617
CSESPAFTK,Bacillariophyta,Eukaryota,,,,Bacillariophyta,,,,,,,,,,,,,,,,,,,,,,,,8750000.0,972222.2222222221
CSESPAFTKR,Bacillariophyta,Eukaryota,,,,Bacillariophyta,,,,,,,,,,,,,,,,,,,,,,,,8620000.0,862000.0
DQFNKVFQL,Thalassiosirales,Eukaryota,,,,Bacillariophyta,,,Coscinodiscophyceae,Thalassiosirophycidae,,,Thalassiosirales,,,,,,,,,,,,,,,,,2730000.0,303333.33333333326
DVPGTGNEFVGDFR,Bacillariophyta,Eukaryota,,,,Bacillariophyta,,,,,,,,,,,,,,,,,,,,,,,,81800000.0,5842857.142857143
DVTGEGEFVGDFR,Thalassiosirales,Eukaryota,,,,Bacillariophyta,,,Coscinodiscophyceae,Thalassiosirophycidae,,,Thalassiosirales,,,,,,,,,,,,,,,,,25600000.0,1969230.7692307688
DVTGQGEFVGDFR,Fragilariopsis,cylindrus,Eukaryota,,,,Bacillariophyta,,,Bacillariophyceae,,,,Bacillariales,,,,,Bacillariaceae,,,,Fragilariopsis,,,,Fragilariopsis,cylindrus,,233000.0,17923.076923076922
FGLATATGR,Thalassiosira,Eukaryota,,,,Bacillariophyta,,,Coscinodiscophyceae,Thalassiosirophycidae,,,Thalassiosirales,,,,,Thalassiosiraceae,,,,Thalassiosira,,,,,,,,114000.0,12666.666666666664
GLDTVLFER,Bacillariophyceae,Eukaryota,,,,Bacillariophyta,,,Bacillariophyceae,,,,,,,,,,,,,,,,,,,,,43500.0,4833.333333333333
LAQLAFLGNLLTR,Thalassiosira,pseudonana,Eukaryota,,,,Bacillariophyta,,,Coscinodiscophyceae,Thalassiosirophycidae,,,Thalassiosirales,,,,,Thalassiosiraceae,,,,Thalassiosira,,,,Thalassiosira,pseudonana,,41600.0,3200.0
LPFFGCPTAGNR,Thalassiosira,Eukaryota,,,,Bacillariophyta,,,Coscinodiscophyceae,Thalassiosirophycidae,,,Thalassiosirales,,,,,Thalassiosiraceae,,,,Thalassiosira,,,,,,,,94700.0,7891.666666666668
NAAGQAVEGLAR,Didymosphenia,geminata,Eukaryota,,,,Bacillariophyta,,,Bacillariophyceae,,,,Cymbellales,,,,,Gomphonemataceae,,,,Didymosphenia,,,,Didymosphenia,geminata,,731000.0,60916.66666666666
NGALDFGWDK,Bacillariophyta,Eukaryota,,,,Bacillariophyta,,,,,,,,,,,,,,,,,,,,,,,,33000000.0,3300000.0
NGALDFGWDK,Bacillariophyta,Eukaryota,,,,Bacillariophyta,,,,,,,,,,,,,,,,,,,,,,,,1570000.0,157000.0
NGALDFGWDK,Bacillariophyta,Eukaryota,,,,Bacillariophyta,,,,,,,,,,,,,,,,,,,,,,,,88500.0,8850.0
NGALDFGWDSFDEETK,Bacillariophyta,Eukaryota,,,,Bacillariophyta,,,,,,,,,,,,,,,,,,,,,,,,6510000.0,406875.0
NGFLDFGWDK,Bacillariophyta,Eukaryota,,,,Bacillariophyta,,,,,,,,,,,,,,,,,,,,,,,,1220000.0,122000.0
NGYLDFGWDDFDEETK,Bacillariophyta,Eukaryota,,,,Bacillariophyta,,,,,,,,,,,,,,,,,,,,,,,,418000.0,26125.0
SEGTDLQTK,Conticribra,weissflogii,Eukaryota,,,,Bacillariophyta,,,Coscinodiscophyceae,Thalassiosirophycidae,,,Thalassiosirales,,,,,Thalassiosiraceae,,,,Conticribra,,,,Conticribra,weissflogii,,3620000.0,402222.22222222225
SEGTDLQTKK,Conticribra,weissflogii,Eukaryota,,,,Bacillariophyta,,,Coscinodiscophyceae,Thalassiosirophycidae,,,Thalassiosirales,,,,,Thalassiosiraceae,,,,Conticribra,,,,Conticribra,weissflogii,,45100.0,4510.0
SLPFLTVPEK,Thalassiosirales,Eukaryota,,,,Bacillariophyta,,,Coscinodiscophyceae,Thalassiosirophycidae,,,Thalassiosirales,,,,,,,,,,,,,,,,,399000.0,39900.0
SLPFLTVPEKLD,Thalassiosirales,Eukaryota,,,,Bacillariophyta,,,Coscinodiscophyceae,Thalassiosirophycidae,,,Thalassiosirales,,,,,,,,,,,,,,,,,53400.0,4450.0
SNEETLAWLR,Thalassiosira,oceanica,Eukaryota,,,,Bacillariophyta,,,Coscinodiscophyceae,Thalassiosirophycidae,,,Thalassiosirales,,,,,Thalassiosiraceae,,,,Thalassiosira,,,,Thalassiosira,oceanica,,443000.0,44300.0
