Peptide,-10lgP,Mass,Length,ppm,m/z,RT,Area 325_T12_trypsin,Fraction,Scan,Source File,#Spec,#Spec 325_T12_trypsin,Accession,PTM,AScore
LPQVEGTGGDVQPSQDLVR,91.47,1994.0068,19,1.1,665.6769,73.36,2.06E8,14,16361,20210114_Weissrot_325_T12_trypsin_EThcD_120min_2uL.raw,22,22,gi|54036848,,
VIGQNEAVDAVSNAIR,79.09,1654.8638,16,1.7,552.6295,89.47,2.98E8,14,20448,20210114_Weissrot_325_T12_trypsin_EThcD_120min_2uL.raw,26,26,gi|54036848,,
AIDLIDEAASSIR,75.97,1372.7197,13,2.0,458.5815,106.62,2.65E8,14,24902,20210114_Weissrot_325_T12_trypsin_EThcD_120min_2uL.raw,23,23,gi|54036848,,
DVPGTGNEFVGDFR,70.38,1508.6896,14,1.2,503.9044,87.47,8.18E7,14,19936,20210114_Weissrot_325_T12_trypsin_EThcD_120min_2uL.raw,16,16,Thalassiosira_weissflogii_0203319814:Thalassiosira_weissflogii_0201860518:Thalassiosira_weissflogii_0203473996,,
RQTSELQHGR,67.51,1210.6167,10,1.1,404.5466,15.59,1.25E6,14,2338,20210114_Weissrot_325_T12_trypsin_EThcD_120min_2uL.raw,3,3,Thalassiosira_weissflogii_0203204228,,
VTDAEIAEVLAR,66.66,1285.6877,12,1.1,429.5703,95.98,2.61E8,14,22126,20210114_Weissrot_325_T12_trypsin_EThcD_120min_2uL.raw,19,19,gi|54036848,,
VHTVVLNDPGR,64.69,1205.6516,11,0.5,402.8914,43.53,1.59E6,14,9119,20210114_Weissrot_325_T12_trypsin_EThcD_120min_2uL.raw,3,3,tr|A0A089VKF6|A0A089VKF6_THAWE:Thalassiosira_weissflogii_0203103378,,
AIQQQIENPLAQQILSGELVPGK,63.89,2473.3540,23,7.6,825.4649,122.41,6.35E7,14,29069,20210114_Weissrot_325_T12_trypsin_EThcD_120min_2uL.raw,15,15,gi|54036848,,
IIPLGYDPDLPIIGHLQ,63.67,1873.0349,17,0.8,625.3527,131.13,3.02E6,14,31255,20210114_Weissrot_325_T12_trypsin_EThcD_120min_2uL.raw,8,8,Thalassiosira_weissflogii_0203319814:Thalassiosira_weissflogii_0201860518:Thalassiosira_weissflogii_0203473996,,
DVTGEAEFVGDFR,60.28,1440.6521,13,1.5,481.2253,93.53,4.18E6,14,21496,20210114_Weissrot_325_T12_trypsin_EThcD_120min_2uL.raw,13,13,Thalassiosira_weissflogii_0203265014:Thalassiosira_weissflogii_0203425620:Thalassiosira_weissflogii_0203508352:Thalassiosira_weissflogii_0203264230,,
LPQVEGTGGDVQPSQ(+.98)DLVR,57.45,1994.9908,19,1.5,998.5042,76.65,1.02E6,13,23944,20210112_Weissrot_325_T12_trypsin_DDA_120min_2uL.raw,3,3,gi|54036848,Deamidation (NQ),Q15:Deamidation (NQ):10.03
LPQVEGTGGDVQ(+.98)PSQDLVR,57.33,1994.9908,19,1.7,666.0054,75.96,2.5E6,14,17016,20210114_Weissrot_325_T12_trypsin_EThcD_120min_2uL.raw,5,5,gi|54036848,Deamidation (NQ),Q12:Deamidation (NQ):0.00
AIGPGIGQGNAAGQAVEGIAR,57.17,1906.0020,21,-0.4,954.0079,80.64,3.03E6,13,25498,20210112_Weissrot_325_T12_trypsin_DDA_120min_2uL.raw,6,6,tr|A0A089VKF1|A0A089VKF1_THAWE,,
DYDPELNKNNVLAR,56.38,1659.8217,14,0.5,554.2814,64.62,2.97E7,14,14211,20210114_Weissrot_325_T12_trypsin_EThcD_120min_2uL.raw,8,8,tr|A0A089VIJ5|A0A089VIJ5_THAWE,,
ALGRPQDMFSDK,56.05,1363.6554,12,0.8,455.5594,67.59,1.3E7,14,14932,20210114_Weissrot_325_T12_trypsin_EThcD_120min_2uL.raw,9,9,tr|A0A089VNZ5|A0A089VNZ5_THAWE,,
GYDPDLPIIGHLQ,55.85,1436.7300,13,1.3,479.9179,110.28,6E8,14,25877,20210114_Weissrot_325_T12_trypsin_EThcD_120min_2uL.raw,72,72,Thalassiosira_weissflogii_0203319814:Thalassiosira_weissflogii_0201860518:Thalassiosira_weissflogii_0203473996,,
EIPLPHEFIINR,53.37,1476.8088,12,0.4,493.2771,105.91,1.99E7,14,24715,20210114_Weissrot_325_T12_trypsin_EThcD_120min_2uL.raw,17,17,tr|A0A089VNZ5|A0A089VNZ5_THAWE,,
NGALDFGWDSFDEETK,52.59,1829.7744,16,1.6,915.8959,111.48,1.66E7,15,36645,20210117_Weissrot_325_T12_trypsin_DDA_120min_2uL_dup.raw,6,6,Thalassiosira_weissflogii_0203265014:Thalassiosira_weissflogii_0203425620:Thalassiosira_weissflogii_0203508352:Thalassiosira_weissflogii_0203264230,,
LPQ(+.98)VEGTGGDVQPSQDLVR,52.51,1994.9908,19,4.3,998.5070,75.62,6.96E5,13,23517,20210112_Weissrot_325_T12_trypsin_DDA_120min_2uL.raw,3,3,gi|54036848,Deamidation (NQ),Q3:Deamidation (NQ):197.55
DFGWDKFDEETK,52.41,1515.6517,12,1.0,506.2250,93.42,1.21E7,14,21466,20210114_Weissrot_325_T12_trypsin_EThcD_120min_2uL.raw,9,9,Thalassiosira_weissflogii_0203172898,,
GQTFKDAPTVKK,51.85,1318.7245,12,0.4,440.5823,30.35,2.6E6,14,5976,20210114_Weissrot_325_T12_trypsin_EThcD_120min_2uL.raw,1,1,tr|A0A089VKF6|A0A089VKF6_THAWE:Thalassiosira_weissflogii_0203103378,,
STEFDNILIVGPIAGK,51.70,1672.9036,16,-1.8,837.4576,116.11,7.04E5,13,40729,20210112_Weissrot_325_T12_trypsin_DDA_120min_2uL.raw,2,2,Thalassiosira_weissflogii_0171348692:tr|A0A089VIP5|A0A089VIP5_THAWE,,
EILDAHRPPGGR,51.36,1316.6948,12,1.0,439.9060,36.57,4.33E6,14,7451,20210114_Weissrot_325_T12_trypsin_EThcD_120min_2uL.raw,5,5,tr|A0A089VIJ5|A0A089VIJ5_THAWE,,
DYTPANNYNNLLDR,51.05,1681.7695,14,0.0,841.8920,81.12,1.74E6,13,25676,20210112_Weissrot_325_T12_trypsin_DDA_120min_2uL.raw,7,7,tr|A0A089VNZ5|A0A089VNZ5_THAWE,,
KAQLGEVFEFDR,49.86,1437.7252,12,0.7,480.2494,108.45,7.7E5,14,25391,20210114_Weissrot_325_T12_trypsin_EThcD_120min_2uL.raw,3,3,tr|A0A089VKF6|A0A089VKF6_THAWE:Thalassiosira_weissflogii_0203103378,,
GTDGLPHLVADGR,48.18,1306.6630,13,0.8,436.5620,66.69,3.51E6,14,14708,20210114_Weissrot_325_T12_trypsin_EThcD_120min_2uL.raw,3,3,tr|A0A089VKJ7|A0A089VKJ7_THAWE,,
GDATYLIVK,48.15,978.5386,9,1.3,490.2772,70.78,2.85E6,14,15717,20210114_Weissrot_325_T12_trypsin_EThcD_120min_2uL.raw,3,3,Thalassiosira_weissflogii_0203603364,,
DVTGEGEFVGDFR,48.08,1426.6365,13,0.2,714.3256,87.59,2.56E7,13,28276,20210112_Weissrot_325_T12_trypsin_DDA_120min_2uL.raw,7,7,Thalassiosira_weissflogii_0201860448:Thalassiosira_weissflogii_0201813222,,
VIGQ(+.98)NEAVDAVSNAIR,48.02,1655.8478,16,1.0,552.9571,95.65,7.19E5,14,22042,20210114_Weissrot_325_T12_trypsin_EThcD_120min_2uL.raw,3,3,gi|54036848,Deamidation (NQ),Q4:Deamidation (NQ):0.00
LYTSEIVHC(+57.02)R,47.65,1276.6234,10,1.0,426.5488,53.91,1.19E6,14,11605,20210114_Weissrot_325_T12_trypsin_EThcD_120min_2uL.raw,2,2,Thalassiosira_weissflogii_0203358160,Carbamidomethylation,C9:Carbamidomethylation:1000.00
VIGQN(+.98)EAVDAVSNAIR,47.24,1655.8478,16,2.3,828.9331,89.71,1.13E5,15,28327,20210117_Weissrot_325_T12_trypsin_DDA_120min_2uL_dup.raw,4,4,gi|54036848,Deamidation (NQ),N5:Deamidation (NQ):17.01
FGYDFIPGK,47.17,1042.5123,9,0.0,522.2634,93.29,4.14E6,13,30701,20210112_Weissrot_325_T12_trypsin_DDA_120min_2uL.raw,3,3,Thalassiosira_weissflogii_0203204228,,
GQTFKDAPTVK,47.10,1190.6295,11,0.6,397.8840,39.11,6.43E6,14,8053,20210114_Weissrot_325_T12_trypsin_EThcD_120min_2uL.raw,5,5,tr|A0A089VKF6|A0A089VKF6_THAWE:Thalassiosira_weissflogii_0203103378,,
GWDKFDEETK,46.88,1253.5564,10,1.2,418.8599,59.55,2.7E7,14,12975,20210114_Weissrot_325_T12_trypsin_EThcD_120min_2uL.raw,9,9,Thalassiosira_weissflogii_0203172898,,
DFGYSFPC(+57.02)DGPGR,46.38,1473.5983,13,0.6,737.8069,85.39,1.77E7,13,27384,20210112_Weissrot_325_T12_trypsin_DDA_120min_2uL.raw,7,7,tr|A0A089VIJ5|A0A089VIJ5_THAWE,Carbamidomethylation,C8:Carbamidomethylation:1000.00
IAQLAFLGNIITR,46.36,1428.8452,13,-1.7,715.4286,127.90,4.18E4,13,45101,20210112_Weissrot_325_T12_trypsin_DDA_120min_2uL.raw,5,5,Thalassiosira_weissflogii_0203265014:Thalassiosira_weissflogii_0203425620:Thalassiosira_weissflogii_0203508352:Thalassiosira_weissflogii_0201860448,,
AGVHLPGNIDYAGN(+.98)SF,45.99,1631.7579,16,1.0,816.8871,100.89,2.6E7,14,23401,20210114_Weissrot_325_T12_trypsin_EThcD_120min_2uL.raw,7,7,Thalassiosira_weissflogii_0201860448,Deamidation (NQ),N14:Deamidation (NQ):0.00
AGVHLPGNIDYAGNSF,45.96,1630.7739,16,2.5,816.3963,97.27,4.26E6,15,31326,20210117_Weissrot_325_T12_trypsin_DDA_120min_2uL_dup.raw,4,4,Thalassiosira_weissflogii_0201860448,,
DVTGQGEFVGDFR,45.62,1425.6525,13,1.0,713.8342,80.85,2.33E5,15,24899,20210117_Weissrot_325_T12_trypsin_DDA_120min_2uL_dup.raw,2,2,Thalassiosira_weissflogii_0203172898,,
KLAFYDYIGNNPAK,45.38,1612.8248,14,1.3,538.6163,106.49,2.66E6,14,24867,20210114_Weissrot_325_T12_trypsin_EThcD_120min_2uL.raw,3,3,tr|A0A089VKF6|A0A089VKF6_THAWE:Thalassiosira_weissflogii_0203103378,,
DLM(+15.99)AQLYPSFGK,45.08,1384.6697,12,1.1,693.3429,90.84,5.12E5,13,29674,20210112_Weissrot_325_T12_trypsin_DDA_120min_2uL.raw,4,4,tr|A0A089VNZ5|A0A089VNZ5_THAWE,Oxidation (M),M3:Oxidation (M):1000.00
AAEDPEFETFYTK,44.75,1546.6827,13,-0.4,774.3483,85.60,4.23E5,13,27469,20210112_Weissrot_325_T12_trypsin_DDA_120min_2uL.raw,1,1,Thalassiosira_weissflogii_0203239758:Thalassiosira_weissflogii_0203293074:tr|A0A089VKI3|A0A089VKI3_THAWE,,
DIESTGFAWWSGNAR,44.50,1695.7642,15,0.0,848.8893,115.34,1.22E5,13,40421,20210112_Weissrot_325_T12_trypsin_DDA_120min_2uL.raw,2,2,Thalassiosira_weissflogii_0203239758:Thalassiosira_weissflogii_0203293074,,
NGALDFGWDK,44.48,1121.5142,10,1.5,561.7652,90.68,3.3E7,15,28741,20210117_Weissrot_325_T12_trypsin_DDA_120min_2uL_dup.raw,9,9,Thalassiosira_weissflogii_0201860448,,
APGDFGFGK,44.40,894.4235,9,-0.6,448.2188,68.75,4.1E6,13,20893,20210112_Weissrot_325_T12_trypsin_DDA_120min_2uL.raw,4,4,Thalassiosira_weissflogii_0203386184,,
AIQQQ(+.98)IENPLAQQILSGELVPGK,44.28,2474.3379,23,-0.7,825.7860,127.20,3.22E4,13,44877,20210112_Weissrot_325_T12_trypsin_DDA_120min_2uL.raw,1,1,gi|54036848,Deamidation (NQ),Q5:Deamidation (NQ):0.00
LGEHNIDVLEGNEQ,44.21,1565.7322,14,-0.3,783.8731,73.48,3.01E7,13,22628,20210112_Weissrot_325_T12_trypsin_DDA_120min_2uL.raw,5,5,,,
C(+57.02)SESPAFTKR,43.87,1181.5499,10,0.4,394.8574,29.79,8.62E6,14,5841,20210114_Weissrot_325_T12_trypsin_EThcD_120min_2uL.raw,4,4,tr|A0A089VKJ7|A0A089VKJ7_THAWE,Carbamidomethylation,C1:Carbamidomethylation:1000.00
AVPVVGPPLVLVLR,43.76,1427.9227,14,1.4,714.9696,126.23,2.89E5,15,40865,20210117_Weissrot_325_T12_trypsin_DDA_120min_2uL_dup.raw,4,4,tr|A0A089VQE1|A0A089VQE1_THAWE,,
HVDC(+57.02)PGHADYVK,43.72,1396.6194,12,0.2,466.5471,28.82,1.39E6,14,5609,20210114_Weissrot_325_T12_trypsin_EThcD_120min_2uL.raw,2,2,Thalassiosira_weissflogii_0201803686:Thalassiosira_weissflogii_0203570456:Thalassiosira_weissflogii_0201773254:tr|A0A089VKN5|A0A089VKN5_THAWE:Thalassiosira_weissflogii_0203257228,Carbamidomethylation,C4:Carbamidomethylation:1000.00
AAAAGFEK,43.64,763.3864,8,0.9,382.7008,27.66,4.81E6,14,5342,20210114_Weissrot_325_T12_trypsin_EThcD_120min_2uL.raw,3,3,Thalassiosira_weissflogii_0203239758,,
SGDC(+57.02)TQERFDR,43.45,1369.5680,11,0.1,457.5300,28.93,2.69E7,14,5635,20210114_Weissrot_325_T12_trypsin_EThcD_120min_2uL.raw,5,5,Thalassiosira_weissflogii_0203319814:Thalassiosira_weissflogii_0201860518:Thalassiosira_weissflogii_0203473996,Carbamidomethylation,C4:Carbamidomethylation:1000.00
NNPVLIGEPGVGK,43.19,1292.7089,13,1.1,647.3624,66.32,1.79E8,15,19444,20210117_Weissrot_325_T12_trypsin_DDA_120min_2uL_dup.raw,9,9,gi|54036848,,
AGIHLPGSINYAGD,43.07,1383.6782,14,-0.3,692.8462,87.41,1.54E7,13,28202,20210112_Weissrot_325_T12_trypsin_DDA_120min_2uL.raw,5,5,Thalassiosira_weissflogii_0203319814:Thalassiosira_weissflogii_0201860518:Thalassiosira_weissflogii_0203473996,,
TGEPALDLPK,43.00,1039.5549,10,1.4,520.7855,67.51,1.66E7,15,19837,20210117_Weissrot_325_T12_trypsin_DDA_120min_2uL_dup.raw,10,10,tr|A0A089VKF6|A0A089VKF6_THAWE:Thalassiosira_weissflogii_0203103378,,
YPVFAQQGYSNPR,42.94,1525.7313,13,1.2,763.8738,68.14,2.79E6,15,20057,20210117_Weissrot_325_T12_trypsin_DDA_120min_2uL_dup.raw,8,8,Thalassiosira_weissflogii_0171348692:tr|A0A089VIP5|A0A089VIP5_THAWE,,
DLMAQLYPSFGK,42.85,1368.6747,12,-1.0,685.3439,111.11,3.91E6,13,38620,20210112_Weissrot_325_T12_trypsin_DDA_120min_2uL.raw,4,4,tr|A0A089VNZ5|A0A089VNZ5_THAWE,,
GGSGGSYGGGGSGGGYGGGSGSR,42.70,1790.7203,23,1.1,896.3685,28.83,9.88E4,13,8135,20210112_Weissrot_325_T12_trypsin_DDA_120min_2uL.raw,2,2,,,
SSAFGFLLAK,42.68,1039.5702,10,-0.4,520.7922,110.96,7.27E5,13,38528,20210112_Weissrot_325_T12_trypsin_DDA_120min_2uL.raw,3,3,Thalassiosira_weissflogii_0201777954,,
DDADQERFDR,42.66,1265.5272,10,0.8,422.8500,31.29,1.78E8,14,6197,20210114_Weissrot_325_T12_trypsin_EThcD_120min_2uL.raw,9,9,Thalassiosira_weissflogii_0203265014:Thalassiosira_weissflogii_0203425620:Thalassiosira_weissflogii_0203508352:Thalassiosira_weissflogii_0201860448,,
FGGDVIEVGGK,42.53,1076.5502,11,1.2,539.2830,66.67,1.3E7,15,19559,20210117_Weissrot_325_T12_trypsin_DDA_120min_2uL_dup.raw,5,5,tr|A0A089VNZ5|A0A089VNZ5_THAWE,,
YLTYPFYAGGNR,41.89,1420.6775,12,0.6,711.3464,93.14,2.3E6,13,30637,20210112_Weissrot_325_T12_trypsin_DDA_120min_2uL.raw,2,2,Thalassiosira_weissflogii_0171348692:tr|A0A089VIP5|A0A089VIP5_THAWE,,
N(+.98)NPVLIGEPGVGK,41.81,1293.6929,13,1.5,647.8547,69.14,3.23E5,15,20418,20210117_Weissrot_325_T12_trypsin_DDA_120min_2uL_dup.raw,3,3,gi|54036848,Deamidation (NQ),N1:Deamidation (NQ):0.00
NPVLIGEPGVGK,41.58,1178.6659,12,-0.5,590.3399,67.76,3.74E6,13,20539,20210112_Weissrot_325_T12_trypsin_DDA_120min_2uL.raw,2,2,gi|54036848,,
GSGGGSSGGSIGGR,41.29,1091.4955,14,0.8,546.7554,17.19,2.12E5,15,3473,20210117_Weissrot_325_T12_trypsin_DDA_120min_2uL_dup.raw,2,2,,,
AGVHLPGNIDYAG,41.03,1282.6306,13,-0.8,642.3221,82.83,1.13E7,13,26369,20210112_Weissrot_325_T12_trypsin_DDA_120min_2uL.raw,6,6,Thalassiosira_weissflogii_0203265014:Thalassiosira_weissflogii_0203425620:Thalassiosira_weissflogii_0203508352:Thalassiosira_weissflogii_0201860448,,
VINTWADIINR,40.69,1313.7092,11,1.0,657.8625,100.12,1.27E6,15,32512,20210117_Weissrot_325_T12_trypsin_DDA_120min_2uL_dup.raw,3,3,tr|A0A089VPE6|A0A089VPE6_THAWE:Thalassiosira_weissflogii_0203215658,,
GRGQVYPTGEK,40.60,1190.6044,11,1.4,596.3103,24.64,8.51E4,15,6416,20210117_Weissrot_325_T12_trypsin_DDA_120min_2uL_dup.raw,2,2,Thalassiosira_weissflogii_0171348692:tr|A0A089VIP5|A0A089VIP5_THAWE,,
DEETKLQKR,40.24,1145.6040,9,1.4,382.8758,18.36,1.68E7,14,3044,20210114_Weissrot_325_T12_trypsin_EThcD_120min_2uL.raw,3,3,Thalassiosira_weissflogii_0203319814:Thalassiosira_weissflogii_0201860518:Thalassiosira_weissflogii_0203473996,,
NGYIDFGWDDFDEETK,39.72,1949.7955,16,0.6,975.9056,118.70,4.18E5,13,41799,20210112_Weissrot_325_T12_trypsin_DDA_120min_2uL.raw,1,1,Thalassiosira_weissflogii_0203319814:Thalassiosira_weissflogii_0201860518:Thalassiosira_weissflogii_0203473996,,
LGGELPIVGPM,39.47,1081.5841,11,-1.2,541.7987,113.66,1.18E7,13,39719,20210112_Weissrot_325_T12_trypsin_DDA_120min_2uL.raw,7,7,Thalassiosira_weissflogii_0203265014:Thalassiosira_weissflogii_0203425620:Thalassiosira_weissflogii_0203172898,,
C(+57.02)SESPAFTK,39.39,1025.4487,9,0.9,513.7321,34.61,8.75E6,15,9370,20210117_Weissrot_325_T12_trypsin_DDA_120min_2uL_dup.raw,5,5,tr|A0A089VKJ7|A0A089VKJ7_THAWE,Carbamidomethylation,C1:Carbamidomethylation:1000.00
YAFGGDVIEVGGK,39.36,1310.6506,13,1.3,656.3334,87.26,6.24E6,13,28143,20210112_Weissrot_325_T12_trypsin_DDA_120min_2uL.raw,4,4,tr|A0A089VNZ5|A0A089VNZ5_THAWE,,
YVEIKHGR,39.31,1000.5454,8,0.3,501.2802,20.99,9.92E6,14,3711,20210114_Weissrot_325_T12_trypsin_EThcD_120min_2uL.raw,6,6,Thalassiosira_weissflogii_0203319814:Thalassiosira_weissflogii_0201860518:Thalassiosira_weissflogii_0203473996:Thalassiosira_weissflogii_0203265014:Thalassiosira_weissflogii_0203425620:Thalassiosira_weissflogii_0203508352:Thalassiosira_weissflogii_0201860448:Thalassiosira_weissflogii_0203172898:Thalassiosira_weissflogii_0201813222,,
YVELKHGR,39.31,1000.5454,8,0.3,501.2802,20.99,9.92E6,14,3711,20210114_Weissrot_325_T12_trypsin_EThcD_120min_2uL.raw,6,6,Thalassiosira_weissflogii_0201836064:Thalassiosira_weissflogii_0171420522:Thalassiosira_weissflogii_0203294152,,
DKPVALSIVQAR,39.01,1295.7561,12,0.4,432.9261,72.23,4.23E6,14,16080,20210114_Weissrot_325_T12_trypsin_EThcD_120min_2uL.raw,7,7,tr|A0A089VIJ5|A0A089VIJ5_THAWE,,
LGYDPDLPIIGHLQ,38.94,1549.8140,14,-0.1,775.9142,118.63,1.46E4,13,41768,20210112_Weissrot_325_T12_trypsin_DDA_120min_2uL.raw,1,1,Thalassiosira_weissflogii_0203319814:Thalassiosira_weissflogii_0201860518:Thalassiosira_weissflogii_0203473996,,
SYAFGGDVIEVGGK,38.92,1397.6826,14,0.9,699.8492,86.12,1.51E6,15,26875,20210117_Weissrot_325_T12_trypsin_DDA_120min_2uL_dup.raw,2,2,tr|A0A089VNZ5|A0A089VNZ5_THAWE,,
GGESVGQSTLTR,38.89,1190.5891,12,1.4,596.3027,36.91,2.67E6,15,10016,20210117_Weissrot_325_T12_trypsin_DDA_120min_2uL_dup.raw,3,3,tr|A0A089VQE1|A0A089VQE1_THAWE,,
RAIELNNGR,38.73,1041.5679,9,1.3,521.7919,28.32,7.93E6,15,7597,20210117_Weissrot_325_T12_trypsin_DDA_120min_2uL_dup.raw,4,4,Thalassiosira_weissflogii_0203319814:Thalassiosira_weissflogii_0201860518:Thalassiosira_weissflogii_0203473996:Thalassiosira_weissflogii_0203265014:Thalassiosira_weissflogii_0203425620:Thalassiosira_weissflogii_0203508352:Thalassiosira_weissflogii_0201860448:Thalassiosira_weissflogii_0203172898:Thalassiosira_weissflogii_0203264230:Thalassiosira_weissflogii_0201813222,,
IPDKLAFYDY,38.69,1243.6124,10,0.9,622.8140,100.28,1.08E7,14,23242,20210114_Weissrot_325_T12_trypsin_EThcD_120min_2uL.raw,5,5,tr|A0A089VKF6|A0A089VKF6_THAWE:Thalassiosira_weissflogii_0203103378,,
VEGTGGDVQPSQDLVR,38.67,1655.8114,16,0.5,828.9134,54.64,3.93E5,15,15488,20210117_Weissrot_325_T12_trypsin_DDA_120min_2uL_dup.raw,2,2,gi|54036848,,
YDPDLPIIGHLQ,38.59,1379.7085,12,0.2,690.8617,110.19,1.45E7,13,38162,20210112_Weissrot_325_T12_trypsin_DDA_120min_2uL.raw,7,7,Thalassiosira_weissflogii_0203319814:Thalassiosira_weissflogii_0201860518:Thalassiosira_weissflogii_0203473996,,
TIFRDVFTG,38.46,1054.5447,9,1.1,528.2802,96.12,1E6,14,22163,20210114_Weissrot_325_T12_trypsin_EThcD_120min_2uL.raw,1,1,tr|A0A089VKF6|A0A089VKF6_THAWE:Thalassiosira_weissflogii_0203103378,,
AGVHLPGNIDYAGN,38.42,1396.6735,14,2.0,699.3454,77.83,1.04E7,15,23742,20210117_Weissrot_325_T12_trypsin_DDA_120min_2uL_dup.raw,5,5,Thalassiosira_weissflogii_0201860448,,
YVGGTEEDLK,38.38,1109.5240,10,-0.7,555.7689,42.30,3.34E6,13,12232,20210112_Weissrot_325_T12_trypsin_DDA_120min_2uL.raw,3,3,Thalassiosira_weissflogii_0201773708:Thalassiosira_weissflogii_0171380628,,
LGEHNIDVLEGN,38.28,1308.6310,12,-0.2,655.3226,73.65,1.17E8,13,22694,20210112_Weissrot_325_T12_trypsin_DDA_120min_2uL.raw,9,9,,,
LSSPATLNSR,38.14,1044.5564,10,1.1,523.2861,42.41,8.42E6,15,11639,20210117_Weissrot_325_T12_trypsin_DDA_120min_2uL_dup.raw,4,4,,,
AIQQ(+.98)QIENPLAQQILSGELVPGK,38.08,2474.3379,23,1.6,825.7879,125.77,7.68E3,13,44418,20210112_Weissrot_325_T12_trypsin_DDA_120min_2uL.raw,1,1,gi|54036848,Deamidation (NQ),Q4:Deamidation (NQ):0.00
AGVHLPGNIDYAGDS,37.64,1484.6896,15,1.2,743.3530,80.44,2.13E6,14,18146,20210114_Weissrot_325_T12_trypsin_EThcD_120min_2uL.raw,1,1,Thalassiosira_weissflogii_0203265014:Thalassiosira_weissflogii_0203425620:Thalassiosira_weissflogii_0203508352,,
NGGTGNDEVANK,37.45,1174.5215,12,1.2,588.2687,16.06,3.98E4,15,2958,20210117_Weissrot_325_T12_trypsin_DDA_120min_2uL_dup.raw,1,1,Thalassiosira_weissflogii_0203505222:Thalassiosira_weissflogii_0203443340,,
DFGWDK,37.20,766.3286,6,1.3,384.1721,68.98,2.49E7,14,15281,20210114_Weissrot_325_T12_trypsin_EThcD_120min_2uL.raw,4,4,Thalassiosira_weissflogii_0201860448:Thalassiosira_weissflogii_0203172898,,
LGEHNIDVLEG,37.17,1194.5880,11,2.3,598.3027,76.88,6.44E8,14,17252,20210114_Weissrot_325_T12_trypsin_EThcD_120min_2uL.raw,8,8,,,
GEAEFVGDFR,37.15,1125.5090,10,-0.8,563.7614,79.29,1.08E7,13,24981,20210112_Weissrot_325_T12_trypsin_DDA_120min_2uL.raw,4,4,Thalassiosira_weissflogii_0203265014:Thalassiosira_weissflogii_0203425620:Thalassiosira_weissflogii_0203508352:Thalassiosira_weissflogii_0203264230,,
AGIHLPGSINYA,37.13,1211.6299,12,1.2,606.8229,89.76,1.04E7,14,20524,20210114_Weissrot_325_T12_trypsin_EThcD_120min_2uL.raw,3,3,Thalassiosira_weissflogii_0203319814:Thalassiosira_weissflogii_0201860518:Thalassiosira_weissflogii_0203473996,,
AGVHLPGNIDYA,37.08,1225.6091,12,1.0,613.8124,84.24,4.16E7,14,19112,20210114_Weissrot_325_T12_trypsin_EThcD_120min_2uL.raw,4,4,Thalassiosira_weissflogii_0203265014:Thalassiosira_weissflogii_0203425620:Thalassiosira_weissflogii_0203508352:Thalassiosira_weissflogii_0201860448,,
IITHPNFNGNTL,36.99,1339.6885,12,-0.2,670.8514,78.16,1.03E8,13,24521,20210112_Weissrot_325_T12_trypsin_DDA_120min_2uL.raw,5,5,,,
AGVHLPGNIDY,36.85,1154.5720,11,0.9,578.2938,85.07,1.49E7,14,19322,20210114_Weissrot_325_T12_trypsin_EThcD_120min_2uL.raw,2,2,Thalassiosira_weissflogii_0203265014:Thalassiosira_weissflogii_0203425620:Thalassiosira_weissflogii_0203508352:Thalassiosira_weissflogii_0201860448,,
STGFAWWSGNAR,36.79,1338.6105,12,1.0,670.3132,98.56,2.49E6,15,31838,20210117_Weissrot_325_T12_trypsin_DDA_120min_2uL_dup.raw,3,3,Thalassiosira_weissflogii_0203239758:Thalassiosira_weissflogii_0203293074,,
YQWDSGYFQQEIER,36.68,1847.8114,14,-0.7,924.9123,100.95,2.05E5,13,33971,20210112_Weissrot_325_T12_trypsin_DDA_120min_2uL.raw,1,1,tr|A0A089VKF6|A0A089VKF6_THAWE:Thalassiosira_weissflogii_0203103378,,
TSLESDGVFR,36.66,1109.5353,10,0.7,555.7753,64.95,3.99E7,15,18949,20210117_Weissrot_325_T12_trypsin_DDA_120min_2uL_dup.raw,7,7,tr|A0A089VKF6|A0A089VKF6_THAWE:Thalassiosira_weissflogii_0203103378,,
NN(+.98)PVLIGEPGVGK,36.57,1293.6929,13,-0.2,647.8536,73.87,2.32E5,13,22807,20210112_Weissrot_325_T12_trypsin_DDA_120min_2uL.raw,3,3,gi|54036848,Deamidation (NQ),N2:Deamidation (NQ):0.00
VNDDGTIQDPVLGTK,36.56,1570.7838,15,1.6,786.4005,64.47,2.45E5,15,18774,20210117_Weissrot_325_T12_trypsin_DDA_120min_2uL_dup.raw,2,2,Thalassiosira_weissflogii_0203294158:Thalassiosira_weissflogii_0203229036:Thalassiosira_weissflogii_0203540620:Thalassiosira_weissflogii_0203261016:Thalassiosira_weissflogii_0201834710:Thalassiosira_weissflogii_0203289348:Thalassiosira_weissflogii_0203382750:Thalassiosira_weissflogii_0203604662,,
SEGTDLQTK,36.46,977.4666,9,0.0,489.7405,22.74,3.62E6,14,4146,20210114_Weissrot_325_T12_trypsin_EThcD_120min_2uL.raw,3,3,tr|A0A089VKJ4|A0A089VKJ4_THAWE,,
QVEGTGGDVQPSQDLVR,36.44,1783.8700,17,1.1,892.9433,57.55,9.38E4,13,17117,20210112_Weissrot_325_T12_trypsin_DDA_120min_2uL.raw,1,1,gi|54036848,,
LGEHNIDVL,36.36,1008.5240,9,1.2,505.2699,78.25,4.28E7,14,17591,20210114_Weissrot_325_T12_trypsin_EThcD_120min_2uL.raw,3,3,,,
NNNPDTPR,36.35,926.4206,8,0.6,464.2178,17.18,3.12E4,13,3099,20210112_Weissrot_325_T12_trypsin_DDA_120min_2uL.raw,2,2,Thalassiosira_weissflogii_0201773748,,
VGGGIYTK,36.29,793.4333,8,0.2,397.7240,32.85,6.73E5,14,6582,20210114_Weissrot_325_T12_trypsin_EThcD_120min_2uL.raw,3,3,Thalassiosira_weissflogii_0203086342,,
LGGELPIVGPM(+15.99),36.22,1097.5791,11,0.1,549.7969,91.88,2.49E6,13,30099,20210112_Weissrot_325_T12_trypsin_DDA_120min_2uL.raw,6,6,Thalassiosira_weissflogii_0203265014:Thalassiosira_weissflogii_0203425620:Thalassiosira_weissflogii_0203172898,Oxidation (M),M11:Oxidation (M):1000.00
EADSPPALALK,36.16,1110.5920,11,-0.7,556.3029,65.82,4.48E6,13,19878,20210112_Weissrot_325_T12_trypsin_DDA_120min_2uL.raw,3,3,tr|A0A089VKJ7|A0A089VKJ7_THAWE,,
TPLANLIR,36.07,896.5443,8,0.5,449.2797,83.96,8.04E6,14,19046,20210114_Weissrot_325_T12_trypsin_EThcD_120min_2uL.raw,6,6,tr|A0A089VIJ5|A0A089VIJ5_THAWE,,
LSGDC(+57.02)TQER,36.04,1064.4557,9,0.2,533.2352,20.27,2.03E7,13,4672,20210112_Weissrot_325_T12_trypsin_DDA_120min_2uL.raw,4,4,Thalassiosira_weissflogii_0203319814:Thalassiosira_weissflogii_0201860518:Thalassiosira_weissflogii_0203473996,Carbamidomethylation,C5:Carbamidomethylation:1000.00
ETEIINYLNPK,35.95,1332.6925,11,1.0,667.3542,88.36,2.42E5,15,27781,20210117_Weissrot_325_T12_trypsin_DDA_120min_2uL_dup.raw,1,1,Thalassiosira_weissflogii_0203380632:Thalassiosira_weissflogii_0171353580:Thalassiosira_weissflogii_0201768054,,
YDYIGNNPAK,35.88,1153.5404,10,-0.6,577.7772,50.99,2.83E6,13,15058,20210112_Weissrot_325_T12_trypsin_DDA_120min_2uL.raw,2,2,tr|A0A089VKF6|A0A089VKF6_THAWE:Thalassiosira_weissflogii_0203103378,,
ANYDFIPGK,35.86,1023.5025,9,1.0,512.7590,73.99,5.55E6,14,16524,20210114_Weissrot_325_T12_trypsin_EThcD_120min_2uL.raw,3,3,Thalassiosira_weissflogii_0201773708,,
GGSLPIVGEM,35.79,958.4794,10,0.9,480.2474,103.74,9.88E5,14,24144,20210114_Weissrot_325_T12_trypsin_EThcD_120min_2uL.raw,1,1,Thalassiosira_weissflogii_0201860448,,
APGDFGLDGGFLK,35.72,1292.6400,13,-0.7,647.3268,102.18,1.77E5,15,33417,20210117_Weissrot_325_T12_trypsin_DDA_120min_2uL_dup.raw,2,2,Thalassiosira_weissflogii_0201829098,,
DQFNKVFQL,35.65,1137.5818,9,1.1,569.7988,104.46,2.73E6,14,24334,20210114_Weissrot_325_T12_trypsin_EThcD_120min_2uL.raw,2,2,tr|A0A089VP78|A0A089VP78_THAWE,,
LGGSLPIVGEM(+15.99),35.54,1087.5583,11,-0.5,544.7862,88.33,1.45E6,13,28581,20210112_Weissrot_325_T12_trypsin_DDA_120min_2uL.raw,4,4,Thalassiosira_weissflogii_0201860448,Oxidation (M),M11:Oxidation (M):1000.00
WVTNPLK,35.41,856.4807,7,0.9,429.2480,67.43,2.71E7,15,19806,20210117_Weissrot_325_T12_trypsin_DDA_120min_2uL_dup.raw,5,5,tr|A0A089VIJ5|A0A089VIJ5_THAWE,,
AFGGDVIEVGGK,35.37,1147.5873,12,0.6,574.8013,71.93,2.43E7,15,21421,20210117_Weissrot_325_T12_trypsin_DDA_120min_2uL_dup.raw,7,7,tr|A0A089VNZ5|A0A089VNZ5_THAWE,,
IPDKLAFYD,35.28,1080.5491,9,0.7,541.2822,87.19,2.5E6,14,19865,20210114_Weissrot_325_T12_trypsin_EThcD_120min_2uL.raw,2,2,tr|A0A089VKF6|A0A089VKF6_THAWE:Thalassiosira_weissflogii_0203103378,,
AIGPGIGQGNAAGQ,35.19,1209.6101,14,0.9,605.8129,50.92,1.87E7,15,14298,20210117_Weissrot_325_T12_trypsin_DDA_120min_2uL_dup.raw,3,3,tr|A0A089VKF1|A0A089VKF1_THAWE,,
NGGPYQLIVLH,35.01,1209.6506,11,1.1,605.8333,96.91,5.32E6,14,22373,20210114_Weissrot_325_T12_trypsin_EThcD_120min_2uL.raw,4,4,tr|A0A089VPE6|A0A089VPE6_THAWE:Thalassiosira_weissflogii_0203215658,,
DSQTNSLEEVSR,34.94,1363.6216,12,0.7,682.8185,47.98,5.14E5,13,14091,20210112_Weissrot_325_T12_trypsin_DDA_120min_2uL.raw,3,3,tr|A0A089VNZ5|A0A089VNZ5_THAWE,,
AHVDC(+57.02)PGHADYVKN,34.59,1581.6993,14,0.9,528.2408,29.35,9.33E6,14,5738,20210114_Weissrot_325_T12_trypsin_EThcD_120min_2uL.raw,3,3,Thalassiosira_weissflogii_0201803686:Thalassiosira_weissflogii_0203570456:Thalassiosira_weissflogii_0201773254:tr|A0A089VKN5|A0A089VKN5_THAWE:Thalassiosira_weissflogii_0203257228,Carbamidomethylation,C5:Carbamidomethylation:1000.00
ALQELQHGR,34.59,1050.5570,9,0.1,526.2858,32.20,1.22E5,13,9154,20210112_Weissrot_325_T12_trypsin_DDA_120min_2uL.raw,1,1,Thalassiosira_weissflogii_0203386012:Thalassiosira_weissflogii_0203203762,,
FLGNIITR,34.51,932.5443,8,1.3,467.2801,80.36,1.69E8,15,24706,20210117_Weissrot_325_T12_trypsin_DDA_120min_2uL_dup.raw,18,18,Thalassiosira_weissflogii_0203265014:Thalassiosira_weissflogii_0203425620:Thalassiosira_weissflogii_0203508352:Thalassiosira_weissflogii_0201860448:Thalassiosira_weissflogii_0203172898,,
IGYFPPFDAK,34.50,1153.5807,10,1.9,577.7987,98.29,5.18E5,15,31717,20210117_Weissrot_325_T12_trypsin_DDA_120min_2uL_dup.raw,2,2,Thalassiosira_weissflogii_0203216890,,
EGVSLWER,34.50,974.4821,8,1.4,488.2490,74.75,1.19E6,15,22537,20210117_Weissrot_325_T12_trypsin_DDA_120min_2uL_dup.raw,2,2,tr|A0A089VPE6|A0A089VPE6_THAWE:Thalassiosira_weissflogii_0203215658,,
INSVNYVSPR,34.39,1147.5985,10,1.1,574.8072,49.03,1.01E7,15,13682,20210117_Weissrot_325_T12_trypsin_DDA_120min_2uL_dup.raw,4,4,Thalassiosira_weissflogii_0203239758,,
AIQLQPIFAQ,34.36,1127.6339,10,1.2,564.8249,103.53,1.61E7,15,33916,20210117_Weissrot_325_T12_trypsin_DDA_120min_2uL_dup.raw,3,3,tr|A0A089VNZ5|A0A089VNZ5_THAWE,,
LNGQTFK,34.33,806.4286,7,-0.3,404.2215,33.91,1.01E7,13,9656,20210112_Weissrot_325_T12_trypsin_DDA_120min_2uL.raw,3,3,tr|A0A089VKF6|A0A089VKF6_THAWE:Thalassiosira_weissflogii_0203103378,,
AGVHLPGNIDYAGD,34.29,1397.6575,14,0.2,699.8361,82.08,9.34E7,13,26066,20210112_Weissrot_325_T12_trypsin_DDA_120min_2uL.raw,7,7,Thalassiosira_weissflogii_0203265014:Thalassiosira_weissflogii_0203425620:Thalassiosira_weissflogii_0203508352,,
DFGWDSFDEETK,34.26,1474.5889,12,0.0,738.3017,101.44,1.6E7,13,34192,20210112_Weissrot_325_T12_trypsin_DDA_120min_2uL.raw,2,2,Thalassiosira_weissflogii_0203265014:Thalassiosira_weissflogii_0203425620:Thalassiosira_weissflogii_0203508352:Thalassiosira_weissflogii_0203264230,,
VTGEGEFVGDFR,34.26,1311.6095,12,1.3,656.8129,78.91,1.64E5,15,24130,20210117_Weissrot_325_T12_trypsin_DDA_120min_2uL_dup.raw,3,3,Thalassiosira_weissflogii_0201860448:Thalassiosira_weissflogii_0201813222,,
SIPFLTVPEK,34.25,1129.6383,10,1.2,565.8271,99.14,3.99E5,15,32112,20210117_Weissrot_325_T12_trypsin_DDA_120min_2uL_dup.raw,3,3,Thalassiosira_weissflogii_0203358160,,
NNYNNLLDR,34.15,1134.5417,9,-0.7,568.2778,64.68,9.67E6,13,19502,20210112_Weissrot_325_T12_trypsin_DDA_120min_2uL.raw,3,3,tr|A0A089VNZ5|A0A089VNZ5_THAWE,,
FGLTPLLR,34.10,915.5541,8,-0.1,458.7843,103.05,1.43E6,13,34977,20210112_Weissrot_325_T12_trypsin_DDA_120min_2uL.raw,3,3,tr|A0A089VKJ4|A0A089VKJ4_THAWE,,
AQLGEVFEFDR,33.97,1309.6302,11,-0.7,655.8220,100.53,6.61E5,13,33780,20210112_Weissrot_325_T12_trypsin_DDA_120min_2uL.raw,2,2,tr|A0A089VKF6|A0A089VKF6_THAWE:Thalassiosira_weissflogii_0203103378,,
NLFDPFGFSK,33.95,1170.5709,10,-0.1,586.2927,122.45,1.86E6,13,43269,20210112_Weissrot_325_T12_trypsin_DDA_120min_2uL.raw,2,2,Thalassiosira_weissflogii_0201805882,,
NDEAIAFLR,33.86,1047.5349,9,0.3,524.7749,88.65,1.97E6,13,28725,20210112_Weissrot_325_T12_trypsin_DDA_120min_2uL.raw,2,2,Thalassiosira_weissflogii_0201805882,,
AGVHLPGNID,33.77,991.5087,10,1.6,496.7624,69.03,1.95E7,15,20374,20210117_Weissrot_325_T12_trypsin_DDA_120min_2uL_dup.raw,3,3,Thalassiosira_weissflogii_0203265014:Thalassiosira_weissflogii_0203425620:Thalassiosira_weissflogii_0203508352:Thalassiosira_weissflogii_0201860448,,
ALSITQGR,33.70,844.4766,8,-0.7,423.2453,44.41,1.95E7,13,12935,20210112_Weissrot_325_T12_trypsin_DDA_120min_2uL.raw,4,4,tr|A0A089VNZ5|A0A089VNZ5_THAWE,,
NGFIDFGWDK,33.59,1197.5454,10,0.6,599.7803,108.81,1.22E6,15,35748,20210117_Weissrot_325_T12_trypsin_DDA_120min_2uL_dup.raw,3,3,Thalassiosira_weissflogii_0203172898,,
AFYDYIGNNPAK,33.57,1371.6459,12,2.3,686.8318,78.53,2.89E5,15,23986,20210117_Weissrot_325_T12_trypsin_DDA_120min_2uL_dup.raw,3,3,tr|A0A089VKF6|A0A089VKF6_THAWE:Thalassiosira_weissflogii_0203103378,,
WFNC(+57.02)NGC(+57.02)GPSK,33.44,1325.5281,11,0.7,663.7718,57.89,1.26E5,13,17231,20210112_Weissrot_325_T12_trypsin_DDA_120min_2uL.raw,1,1,Thalassiosira_weissflogii_0203385142:Thalassiosira_weissflogii_0171428124:Thalassiosira_weissflogii_0203447044,Carbamidomethylation,C4:Carbamidomethylation:1000.00;C7:Carbamidomethylation:1000.00
AVGLAHYLLGGIGTT,33.23,1441.7928,15,-0.5,721.9033,119.67,2.89E5,13,42209,20210112_Weissrot_325_T12_trypsin_DDA_120min_2uL.raw,3,3,tr|A0A089VNZ5|A0A089VNZ5_THAWE,,
TDGKPWWT,33.17,989.4607,8,0.9,495.7381,85.07,4.04E6,14,19323,20210114_Weissrot_325_T12_trypsin_EThcD_120min_2uL.raw,4,4,Thalassiosira_weissflogii_0203603364,,
AGIHLPGNIDTA,33.13,1177.6091,12,-0.4,589.8116,82.23,2.73E6,13,26122,20210112_Weissrot_325_T12_trypsin_DDA_120min_2uL.raw,2,2,Thalassiosira_weissflogii_0203172898,,
GQVYPTGEK,33.08,977.4818,9,-0.4,489.7480,31.31,1.24E7,13,8885,20210112_Weissrot_325_T12_trypsin_DDA_120min_2uL.raw,3,3,Thalassiosira_weissflogii_0171348692:tr|A0A089VIP5|A0A089VIP5_THAWE,,
YIGNNPAK,32.97,875.4501,8,-0.7,438.7320,25.17,9.63E6,13,6562,20210112_Weissrot_325_T12_trypsin_DDA_120min_2uL.raw,4,4,tr|A0A089VKF6|A0A089VKF6_THAWE:Thalassiosira_weissflogii_0203103378,,
LGEHNIDVLEGNE,32.86,1437.6736,13,0.2,719.8442,75.98,1.02E7,13,23667,20210112_Weissrot_325_T12_trypsin_DDA_120min_2uL.raw,4,4,,,
IIPLGYDPDLPIIGH,32.85,1631.8922,15,0.9,816.9541,121.08,8.15E4,13,42748,20210112_Weissrot_325_T12_trypsin_DDA_120min_2uL.raw,2,2,Thalassiosira_weissflogii_0203319814:Thalassiosira_weissflogii_0201860518:Thalassiosira_weissflogii_0203473996,,
AIELNNGR,32.84,885.4668,8,0.9,443.7411,34.89,1.06E9,15,9449,20210117_Weissrot_325_T12_trypsin_DDA_120min_2uL_dup.raw,8,8,Thalassiosira_weissflogii_0203319814:Thalassiosira_weissflogii_0201860518:Thalassiosira_weissflogii_0203473996:Thalassiosira_weissflogii_0203265014:Thalassiosira_weissflogii_0203425620:Thalassiosira_weissflogii_0203508352:Thalassiosira_weissflogii_0201860448:Thalassiosira_weissflogii_0203172898:Thalassiosira_weissflogii_0203264230:Thalassiosira_weissflogii_0201813222,,
DALGNEIM(+15.99)AK,32.77,1076.5172,10,1.0,539.2664,49.66,4.17E5,15,13875,20210117_Weissrot_325_T12_trypsin_DDA_120min_2uL_dup.raw,1,1,Thalassiosira_weissflogii_0203603364,Oxidation (M),M8:Oxidation (M):1000.00
DKFDEETK,32.75,1010.4556,8,-0.2,506.2350,23.69,5.46E7,14,4383,20210114_Weissrot_325_T12_trypsin_EThcD_120min_2uL.raw,4,4,Thalassiosira_weissflogii_0203172898,,
VDC(+57.02)PGHADYVKN,32.63,1373.6034,12,0.8,458.8755,31.42,8.94E6,14,6231,20210114_Weissrot_325_T12_trypsin_EThcD_120min_2uL.raw,2,2,Thalassiosira_weissflogii_0201803686:Thalassiosira_weissflogii_0203570456:Thalassiosira_weissflogii_0201773254:tr|A0A089VKN5|A0A089VKN5_THAWE:Thalassiosira_weissflogii_0203257228,Carbamidomethylation,C3:Carbamidomethylation:1000.00
GIDTVLFER,32.49,1048.5553,9,0.0,525.2849,92.40,8.11E4,13,30340,20210112_Weissrot_325_T12_trypsin_DDA_120min_2uL.raw,2,2,Thalassiosira_weissflogii_0171360526,,
GPAPLPLALAHLD,32.35,1283.7238,13,-0.6,642.8688,115.65,3.26E5,13,40537,20210112_Weissrot_325_T12_trypsin_DDA_120min_2uL.raw,2,2,Thalassiosira_weissflogii_0203603364,,
IPDKLAFY,32.31,965.5222,8,1.6,483.7691,91.90,7.13E5,14,21075,20210114_Weissrot_325_T12_trypsin_EThcD_120min_2uL.raw,2,2,tr|A0A089VKF6|A0A089VKF6_THAWE:Thalassiosira_weissflogii_0203103378,,
GLLDDADQER,32.31,1130.5204,10,-0.5,566.2672,60.37,1.24E7,13,18002,20210112_Weissrot_325_T12_trypsin_DDA_120min_2uL.raw,4,4,Thalassiosira_weissflogii_0203265014:Thalassiosira_weissflogii_0203425620:Thalassiosira_weissflogii_0203508352:Thalassiosira_weissflogii_0201860448,,
QQVPLVNDR,32.31,1067.5724,9,-0.5,534.7932,51.56,8.95E5,13,15232,20210112_Weissrot_325_T12_trypsin_DDA_120min_2uL.raw,2,2,tr|A0A089X953|A0A089X953_THAWE,,
ELAVFDPSDPVLNP,32.12,1511.7507,14,-1.1,756.8818,114.35,8.64E5,13,40004,20210112_Weissrot_325_T12_trypsin_DDA_120min_2uL.raw,1,1,tr|A0A089VKF6|A0A089VKF6_THAWE:Thalassiosira_weissflogii_0203103378,,
VATVSLPR,32.08,841.5021,8,-0.1,421.7583,57.25,5.9E8,13,17014,20210112_Weissrot_325_T12_trypsin_DDA_120min_2uL.raw,14,14,,,
M(+15.99)TEENLYQK,32.05,1170.5227,9,0.8,586.2691,35.00,4.83E5,15,9479,20210117_Weissrot_325_T12_trypsin_DDA_120min_2uL_dup.raw,1,1,tr|A0A089VIJ5|A0A089VIJ5_THAWE,Oxidation (M),M1:Oxidation (M):1000.00
GLSDIQTDLR,32.02,1116.5775,10,0.2,559.2961,73.52,1.79E6,13,22643,20210112_Weissrot_325_T12_trypsin_DDA_120min_2uL.raw,3,3,Thalassiosira_weissflogii_0203358160,,
LGEHNIDVLEGN(+.98),32.01,1309.6150,12,-0.1,655.8147,76.97,5.96E5,13,24072,20210112_Weissrot_325_T12_trypsin_DDA_120min_2uL.raw,2,2,,Deamidation (NQ),N12:Deamidation (NQ):104.80
QSSQVVWPIVGQ,31.93,1326.6932,12,1.4,664.3548,101.47,3.18E6,15,33156,20210117_Weissrot_325_T12_trypsin_DDA_120min_2uL_dup.raw,4,4,tr|A0A089VNZ5|A0A089VNZ5_THAWE,,
NVGGILILPK,31.88,1022.6488,10,0.0,512.3317,95.11,1.54E7,13,31466,20210112_Weissrot_325_T12_trypsin_DDA_120min_2uL.raw,4,4,Thalassiosira_weissflogii_0171348692:tr|A0A089VIP5|A0A089VIP5_THAWE,,
QTSELQHGR,31.71,1054.5155,9,0.1,528.2651,17.49,6.51E4,13,3222,20210112_Weissrot_325_T12_trypsin_DDA_120min_2uL.raw,1,1,Thalassiosira_weissflogii_0203204228,,
TSELNNGR,31.68,889.4254,8,0.6,445.7202,17.00,1.83E5,15,3376,20210117_Weissrot_325_T12_trypsin_DDA_120min_2uL_dup.raw,1,1,Thalassiosira_weissflogii_0201742992,,
GSDETIAWFR,31.65,1180.5513,10,3.3,591.2849,95.04,5.74E5,15,30489,20210117_Weissrot_325_T12_trypsin_DDA_120min_2uL_dup.raw,1,1,Thalassiosira_weissflogii_0203399774,,
HVDC(+57.02)PGHADYVKN,31.54,1510.6622,13,0.7,504.5617,27.41,1.07E7,14,5285,20210114_Weissrot_325_T12_trypsin_EThcD_120min_2uL.raw,3,3,Thalassiosira_weissflogii_0201803686:Thalassiosira_weissflogii_0203570456:Thalassiosira_weissflogii_0201773254:tr|A0A089VKN5|A0A089VKN5_THAWE:Thalassiosira_weissflogii_0203257228,Carbamidomethylation,C4:Carbamidomethylation:1000.00
SGPMNKGDGIAE,31.53,1174.5288,12,0.3,588.2719,39.39,8.91E5,13,11325,20210112_Weissrot_325_T12_trypsin_DDA_120min_2uL.raw,2,2,tr|A0A089VKF6|A0A089VKF6_THAWE:Thalassiosira_weissflogii_0203103378,,
GQITDITTTEK,31.37,1205.6139,11,0.6,603.8146,47.96,3.63E5,15,13334,20210117_Weissrot_325_T12_trypsin_DDA_120min_2uL_dup.raw,2,2,Thalassiosira_weissflogii_0171348692:tr|A0A089VIP5|A0A089VIP5_THAWE,,
YIGNNPAKGGL,31.21,1102.5770,11,1.1,552.2964,53.33,5.07E5,14,11463,20210114_Weissrot_325_T12_trypsin_EThcD_120min_2uL.raw,1,1,tr|A0A089VKF6|A0A089VKF6_THAWE:Thalassiosira_weissflogii_0203103378,,
GRDSEIKNGR,31.16,1130.5792,10,-0.3,377.8669,15.32,3.22E4,13,2344,20210112_Weissrot_325_T12_trypsin_DDA_120min_2uL.raw,2,2,Thalassiosira_weissflogii_0203399774,,
FGWDDFDEETK,31.13,1387.5568,11,-0.8,694.7851,98.77,2.66E6,13,33040,20210112_Weissrot_325_T12_trypsin_DDA_120min_2uL.raw,2,2,Thalassiosira_weissflogii_0203319814:Thalassiosira_weissflogii_0201860518:Thalassiosira_weissflogii_0203473996,,
SPPALALK,31.10,795.4854,8,1.1,398.7504,54.70,1.7E6,15,15509,20210117_Weissrot_325_T12_trypsin_DDA_120min_2uL_dup.raw,4,4,tr|A0A089VKJ7|A0A089VKJ7_THAWE,,
EIINYLNPK,31.07,1102.6022,9,-0.4,552.3082,79.74,4.13E6,13,25148,20210112_Weissrot_325_T12_trypsin_DDA_120min_2uL.raw,2,2,Thalassiosira_weissflogii_0203380632:Thalassiosira_weissflogii_0171353580:Thalassiosira_weissflogii_0201768054,,
AAGQAVEGIAR,31.04,1041.5566,11,-1.1,521.7850,42.47,7.51E5,13,12280,20210112_Weissrot_325_T12_trypsin_DDA_120min_2uL.raw,2,2,tr|A0A089VKF1|A0A089VKF1_THAWE,,
AVLTQGPFPYV,30.98,1190.6335,11,0.5,596.3243,112.73,5.28E4,15,37043,20210117_Weissrot_325_T12_trypsin_DDA_120min_2uL_dup.raw,1,1,Thalassiosira_weissflogii_0201829098,,
SFPVILVDK,30.97,1016.5906,9,-0.1,509.3025,95.58,2.16E6,13,31668,20210112_Weissrot_325_T12_trypsin_DDA_120min_2uL.raw,4,4,tr|A0A089VKF6|A0A089VKF6_THAWE:Thalassiosira_weissflogii_0203103378,,
VVLNDPGRLISV,30.93,1280.7452,12,-0.6,641.3795,96.23,1.67E4,13,31941,20210112_Weissrot_325_T12_trypsin_DDA_120min_2uL.raw,1,1,tr|A0A089VKF6|A0A089VKF6_THAWE:Thalassiosira_weissflogii_0203103378,,
GMLSGDC(+57.02)TQER,30.92,1252.5176,11,-0.7,627.2656,41.46,8.4E6,13,11960,20210112_Weissrot_325_T12_trypsin_DDA_120min_2uL.raw,4,4,Thalassiosira_weissflogii_0203319814:Thalassiosira_weissflogii_0201860518:Thalassiosira_weissflogii_0203473996,Carbamidomethylation,C7:Carbamidomethylation:1000.00
ATPGDWESSK,30.89,1076.4774,10,0.8,539.2464,40.85,7.97E5,15,11142,20210117_Weissrot_325_T12_trypsin_DDA_120min_2uL_dup.raw,2,2,tr|A0A089VP78|A0A089VP78_THAWE,,
LNPEGYYLFDK,30.84,1357.6554,11,3.3,679.8372,94.03,5.68E5,15,30078,20210117_Weissrot_325_T12_trypsin_DDA_120min_2uL_dup.raw,2,2,Thalassiosira_weissflogii_0203380632:Thalassiosira_weissflogii_0171353580:Thalassiosira_weissflogii_0201768054,,
SLAWTGHLVHVAIPA,30.83,1570.8619,15,1.5,524.6287,131.62,2.71E4,14,31362,20210114_Weissrot_325_T12_trypsin_EThcD_120min_2uL.raw,1,1,tr|A0A089VIJ5|A0A089VIJ5_THAWE,,
AHVDC(+57.02)PGHAD,30.72,1077.4298,10,1.4,539.7230,16.97,1.46E6,15,3361,20210117_Weissrot_325_T12_trypsin_DDA_120min_2uL_dup.raw,2,2,Thalassiosira_weissflogii_0201803686:Thalassiosira_weissflogii_0203570456:Thalassiosira_weissflogii_0201773254:tr|A0A089VKN5|A0A089VKN5_THAWE:Thalassiosira_weissflogii_0203257228,Carbamidomethylation,C5:Carbamidomethylation:1000.00
FVFPEEVLPR,30.65,1231.6600,10,1.6,616.8383,106.92,2.32E6,15,35119,20210117_Weissrot_325_T12_trypsin_DDA_120min_2uL_dup.raw,3,3,Thalassiosira_weissflogii_0203293074:tr|A0A089VKI3|A0A089VKI3_THAWE,,
NEQFINAAK,30.58,1033.5193,9,-0.5,517.7667,48.19,1.35E7,13,14154,20210112_Weissrot_325_T12_trypsin_DDA_120min_2uL.raw,2,2,,,
EINSVNYVSPR,30.55,1276.6411,11,0.8,639.3284,55.38,3.32E5,13,16434,20210112_Weissrot_325_T12_trypsin_DDA_120min_2uL.raw,1,1,Thalassiosira_weissflogii_0203239758,,
FSDFIPVDFLR,30.54,1354.6921,11,0.9,678.3539,129.61,9.01E3,15,41867,20210117_Weissrot_325_T12_trypsin_DDA_120min_2uL_dup.raw,2,2,Thalassiosira_weissflogii_0201829098,,
IGPGDFLVH,30.53,953.4970,9,1.1,477.7563,94.80,3.03E6,14,21822,20210114_Weissrot_325_T12_trypsin_EThcD_120min_2uL.raw,3,3,tr|A0A089VIJ5|A0A089VIJ5_THAWE,,
EAEFVGDFR,30.51,1068.4875,9,1.1,535.2516,76.79,2.87E5,13,24004,20210112_Weissrot_325_T12_trypsin_DDA_120min_2uL.raw,1,1,Thalassiosira_weissflogii_0203265014:Thalassiosira_weissflogii_0203425620:Thalassiosira_weissflogii_0203508352:Thalassiosira_weissflogii_0203264230,,
DPDLPIIGHLQ,30.48,1216.6451,11,0.9,609.3304,104.39,2.47E6,15,34216,20210117_Weissrot_325_T12_trypsin_DDA_120min_2uL_dup.raw,6,6,Thalassiosira_weissflogii_0203319814:Thalassiosira_weissflogii_0201860518:Thalassiosira_weissflogii_0203473996,,
TGEAEFVGDFR,30.46,1226.5568,11,1.1,614.2863,78.98,1.71E5,15,24159,20210117_Weissrot_325_T12_trypsin_DDA_120min_2uL_dup.raw,1,1,Thalassiosira_weissflogii_0203265014:Thalassiosira_weissflogii_0203425620:Thalassiosira_weissflogii_0203508352:Thalassiosira_weissflogii_0203264230,,
AIGPGIGQGNAAGQAVEG,30.43,1565.7798,18,1.2,783.8981,63.64,1.18E6,15,18494,20210117_Weissrot_325_T12_trypsin_DDA_120min_2uL_dup.raw,2,2,tr|A0A089VKF1|A0A089VKF1_THAWE,,
GLLDDADQERFD,30.32,1392.6157,12,0.2,697.3152,84.10,1.49E6,13,26889,20210112_Weissrot_325_T12_trypsin_DDA_120min_2uL.raw,2,2,Thalassiosira_weissflogii_0203265014:Thalassiosira_weissflogii_0203425620:Thalassiosira_weissflogii_0203508352:Thalassiosira_weissflogii_0201860448,,
DADQERFDR,30.30,1150.5002,9,0.6,384.5076,29.15,3.38E6,14,5690,20210114_Weissrot_325_T12_trypsin_EThcD_120min_2uL.raw,2,2,Thalassiosira_weissflogii_0203265014:Thalassiosira_weissflogii_0203425620:Thalassiosira_weissflogii_0203508352:Thalassiosira_weissflogii_0201860448,,
GDC(+57.02)TQERFDR,30.27,1282.5360,10,0.8,428.5196,29.02,2.84E6,14,5658,20210114_Weissrot_325_T12_trypsin_EThcD_120min_2uL.raw,3,3,Thalassiosira_weissflogii_0203319814:Thalassiosira_weissflogii_0201860518:Thalassiosira_weissflogii_0203473996,Carbamidomethylation,C3:Carbamidomethylation:1000.00
IFEIYTK,30.23,912.4956,7,-0.3,457.2549,77.18,3.06E5,13,24144,20210112_Weissrot_325_T12_trypsin_DDA_120min_2uL.raw,2,2,Thalassiosira_weissflogii_0201777954,,
AIGPGIGQGNAA,30.20,1024.5302,12,-0.3,513.2722,55.17,5.56E6,13,16366,20210112_Weissrot_325_T12_trypsin_DDA_120min_2uL.raw,2,2,tr|A0A089VKF1|A0A089VKF1_THAWE,,
FYDYIGNNPAK,30.16,1300.6088,11,1.9,651.3129,69.93,3.31E5,15,20697,20210117_Weissrot_325_T12_trypsin_DDA_120min_2uL_dup.raw,1,1,tr|A0A089VKF6|A0A089VKF6_THAWE:Thalassiosira_weissflogii_0203103378,,
LGGSLPIVGEM,30.15,1071.5634,11,1.3,536.7897,110.55,7.71E6,15,36355,20210117_Weissrot_325_T12_trypsin_DDA_120min_2uL_dup.raw,5,5,Thalassiosira_weissflogii_0201860448,,
YAHVDC(+57.02)PGHAD,30.09,1240.4930,11,0.3,414.5051,28.14,1.32E6,14,5453,20210114_Weissrot_325_T12_trypsin_EThcD_120min_2uL.raw,2,2,Thalassiosira_weissflogii_0201803686:Thalassiosira_weissflogii_0203570456:Thalassiosira_weissflogii_0201773254:tr|A0A089VKN5|A0A089VKN5_THAWE:Thalassiosira_weissflogii_0203257228,Carbamidomethylation,C6:Carbamidomethylation:1000.00
GVTVDFYGGK,30.04,1041.5131,10,-0.3,521.7637,71.54,3.08E6,13,21908,20210112_Weissrot_325_T12_trypsin_DDA_120min_2uL.raw,3,3,tr|A0A089VKF6|A0A089VKF6_THAWE:Thalassiosira_weissflogii_0203103378,,
EADSPPALALKQ,30.04,1238.6506,12,1.3,620.3334,61.49,8.28E5,15,17761,20210117_Weissrot_325_T12_trypsin_DDA_120min_2uL_dup.raw,1,1,tr|A0A089VKJ7|A0A089VKJ7_THAWE,,
GGDVIEVGGK,29.95,929.4818,10,0.8,465.7485,43.29,4.41E6,15,11877,20210117_Weissrot_325_T12_trypsin_DDA_120min_2uL_dup.raw,2,2,tr|A0A089VNZ5|A0A089VNZ5_THAWE,,
NGQ(+.98)NPAEDVAK,29.91,1142.5204,11,-0.7,572.2671,31.01,1.14E6,13,8795,20210112_Weissrot_325_T12_trypsin_DDA_120min_2uL.raw,3,3,Thalassiosira_weissflogii_0203201226:Thalassiosira_weissflogii_0203416656:Thalassiosira_weissflogii_0203474792:Thalassiosira_weissflogii_0203506066:Thalassiosira_weissflogii_0203601346:Thalassiosira_weissflogii_0201833216:Thalassiosira_weissflogii_0203381644:Thalassiosira_weissflogii_0171420436,Deamidation (NQ),Q3:Deamidation (NQ):40.00
SVNYVSPR,29.86,920.4716,8,1.5,461.2437,36.59,1.59E6,15,9924,20210117_Weissrot_325_T12_trypsin_DDA_120min_2uL_dup.raw,1,1,Thalassiosira_weissflogii_0203239758,,
EAYPGDVFYLH,29.86,1309.5979,11,0.4,655.8065,99.20,1.39E5,13,33223,20210112_Weissrot_325_T12_trypsin_DDA_120min_2uL.raw,1,1,Thalassiosira_weissflogii_0203581516,,
SGSHFC(+57.02)GGSLINSQ,29.80,1449.6306,14,1.2,725.8234,60.19,4.41E6,15,17285,20210117_Weissrot_325_T12_trypsin_DDA_120min_2uL_dup.raw,2,2,,Carbamidomethylation,C6:Carbamidomethylation:1000.00
LGEHNIDVLEGNEQF,29.76,1712.8005,15,0.5,857.4080,92.99,3.36E4,15,29631,20210117_Weissrot_325_T12_trypsin_DDA_120min_2uL_dup.raw,1,1,,,
SNEETIAWLR,29.73,1217.6040,10,-2.2,609.8079,91.86,4.43E5,13,30089,20210112_Weissrot_325_T12_trypsin_DDA_120min_2uL.raw,3,3,Thalassiosira_weissflogii_0171421366,,
LSDGISEEK,29.66,976.4713,9,-0.2,489.2428,35.66,4.65E5,13,10183,20210112_Weissrot_325_T12_trypsin_DDA_120min_2uL.raw,1,1,Thalassiosira_weissflogii_0203204228,,
HVDC(+57.02)PGHADY,29.60,1169.4559,10,-0.4,585.7350,30.69,4.15E5,13,8697,20210112_Weissrot_325_T12_trypsin_DDA_120min_2uL.raw,1,1,Thalassiosira_weissflogii_0201803686:Thalassiosira_weissflogii_0203570456:Thalassiosira_weissflogii_0201773254:tr|A0A089VKN5|A0A089VKN5_THAWE:Thalassiosira_weissflogii_0203257228,Carbamidomethylation,C4:Carbamidomethylation:1000.00
GFFDPLNLSK,29.54,1136.5865,10,0.2,569.3007,114.98,2.6E5,13,40256,20210112_Weissrot_325_T12_trypsin_DDA_120min_2uL.raw,3,3,Thalassiosira_weissflogii_0203391506:Thalassiosira_weissflogii_0203580532,,
DNTGLIPHPVPL,29.30,1271.6874,12,-0.6,636.8506,99.34,6.1E5,13,33280,20210112_Weissrot_325_T12_trypsin_DDA_120min_2uL.raw,1,1,Thalassiosira_weissflogii_0201805882,,
GYSFPC(+57.02)DGPGR,29.14,1211.5029,11,1.2,606.7595,60.15,8.4E5,15,17272,20210117_Weissrot_325_T12_trypsin_DDA_120min_2uL_dup.raw,2,2,tr|A0A089VIJ5|A0A089VIJ5_THAWE,Carbamidomethylation,C6:Carbamidomethylation:1000.00
IITHPNFNGN,29.13,1125.5566,10,-0.3,563.7854,54.05,4.8E6,14,11641,20210114_Weissrot_325_T12_trypsin_EThcD_120min_2uL.raw,2,2,,,
GWDDFDEETK,29.08,1240.4884,10,0.6,621.2518,75.18,4.41E8,13,23340,20210112_Weissrot_325_T12_trypsin_DDA_120min_2uL.raw,6,6,Thalassiosira_weissflogii_0203319814:Thalassiosira_weissflogii_0201860518:Thalassiosira_weissflogii_0203473996,,
GATQAGQITDITTTEKGE,29.07,1819.8799,18,1.1,910.9482,58.59,2.21E5,15,16749,20210117_Weissrot_325_T12_trypsin_DDA_120min_2uL_dup.raw,2,2,Thalassiosira_weissflogii_0171348692:tr|A0A089VIP5|A0A089VIP5_THAWE,,
GLLDEAGQAR,29.03,1028.5250,10,-0.1,515.2697,59.62,2.75E6,13,17763,20210112_Weissrot_325_T12_trypsin_DDA_120min_2uL.raw,2,2,Thalassiosira_weissflogii_0203172898,,
HVDC(+57.02)PGHAD,28.98,1006.3926,9,0.6,504.2039,16.64,4.13E6,13,2786,20210112_Weissrot_325_T12_trypsin_DDA_120min_2uL.raw,2,2,Thalassiosira_weissflogii_0201803686:Thalassiosira_weissflogii_0203570456:Thalassiosira_weissflogii_0201773254:tr|A0A089VKN5|A0A089VKN5_THAWE:Thalassiosira_weissflogii_0203257228,Carbamidomethylation,C4:Carbamidomethylation:1000.00
ALTPYAYLSK,28.97,1125.6069,10,1.9,563.8118,82.79,8.78E5,15,25622,20210117_Weissrot_325_T12_trypsin_DDA_120min_2uL_dup.raw,2,2,tr|A0A089VIJ5|A0A089VIJ5_THAWE,,
AIEGPLNTYAR,28.97,1203.6248,11,0.1,602.8197,67.68,1.81E5,15,19896,20210117_Weissrot_325_T12_trypsin_DDA_120min_2uL_dup.raw,1,1,Thalassiosira_weissflogii_0203255940,,
LPFFGC(+57.02)PTAGNR,28.95,1335.6394,12,-0.3,668.8268,93.47,9.47E4,13,30789,20210112_Weissrot_325_T12_trypsin_DDA_120min_2uL.raw,1,1,Thalassiosira_weissflogii_0201788838,Carbamidomethylation,C6:Carbamidomethylation:1000.00
FDEETK,28.90,767.3337,6,0.8,384.6745,21.34,1.66E8,14,3799,20210114_Weissrot_325_T12_trypsin_EThcD_120min_2uL.raw,4,4,Thalassiosira_weissflogii_0203319814:Thalassiosira_weissflogii_0201860518:Thalassiosira_weissflogii_0203473996:Thalassiosira_weissflogii_0203265014:Thalassiosira_weissflogii_0203425620:Thalassiosira_weissflogii_0203508352:Thalassiosira_weissflogii_0203172898:Thalassiosira_weissflogii_0203264230:Thalassiosira_weissflogii_0201813222,,
AIELNNGRAAMM,28.89,1289.6221,12,0.8,645.8188,72.90,7.38E5,14,16246,20210114_Weissrot_325_T12_trypsin_EThcD_120min_2uL.raw,1,1,Thalassiosira_weissflogii_0203319814:Thalassiosira_weissflogii_0201860518:Thalassiosira_weissflogii_0203473996:Thalassiosira_weissflogii_0203265014:Thalassiosira_weissflogii_0203425620:Thalassiosira_weissflogii_0203508352:Thalassiosira_weissflogii_0201860448:Thalassiosira_weissflogii_0203172898:Thalassiosira_weissflogii_0203264230:Thalassiosira_weissflogii_0201813222,,
VALSIVQAR,28.79,955.5814,9,1.1,478.7985,66.68,2.35E6,15,19560,20210117_Weissrot_325_T12_trypsin_DDA_120min_2uL_dup.raw,4,4,tr|A0A089VIJ5|A0A089VIJ5_THAWE,,
ELIIGDR,28.72,814.4548,7,1.2,408.2352,56.24,2.74E6,15,15991,20210117_Weissrot_325_T12_trypsin_DDA_120min_2uL_dup.raw,2,2,Thalassiosira_weissflogii_0203581516,,
EGNEQFINAAK,28.68,1219.5833,11,0.4,610.7991,51.28,1.56E6,13,15148,20210112_Weissrot_325_T12_trypsin_DDA_120min_2uL.raw,2,2,,,
GGELPIVGQM,28.60,999.5059,10,1.1,500.7608,103.88,2.44E6,14,24182,20210114_Weissrot_325_T12_trypsin_EThcD_120min_2uL.raw,2,2,Thalassiosira_weissflogii_0203264230,,
QAGQITDITTTEK,28.59,1404.7096,13,1.1,703.3629,50.91,3.03E5,15,14296,20210117_Weissrot_325_T12_trypsin_DDA_120min_2uL_dup.raw,1,1,Thalassiosira_weissflogii_0171348692:tr|A0A089VIP5|A0A089VIP5_THAWE,,
YVNWIQQTIAAN,28.54,1419.7146,12,-0.6,710.8641,114.05,7.24E5,13,39878,20210112_Weissrot_325_T12_trypsin_DDA_120min_2uL.raw,1,1,,,
LGGELPIVGQM,28.48,1112.5900,11,-0.2,557.3021,113.54,1.83E6,13,39672,20210112_Weissrot_325_T12_trypsin_DDA_120min_2uL.raw,5,5,Thalassiosira_weissflogii_0203264230,,
VVLNDPGR,28.47,868.4766,8,2.6,435.2467,35.75,8.15E6,15,9686,20210117_Weissrot_325_T12_trypsin_DDA_120min_2uL_dup.raw,3,3,tr|A0A089VKF6|A0A089VKF6_THAWE:Thalassiosira_weissflogii_0203103378,,
FGIATATGR,28.42,892.4766,9,-0.2,447.2455,56.38,1.14E5,13,16751,20210112_Weissrot_325_T12_trypsin_DDA_120min_2uL.raw,1,1,Thalassiosira_weissflogii_0201806284,,
AGIHLPGNIDT,28.41,1106.5720,11,0.0,554.2933,80.99,1.89E6,14,18283,20210114_Weissrot_325_T12_trypsin_EThcD_120min_2uL.raw,2,2,Thalassiosira_weissflogii_0203172898,,
TC(+57.02)DLLFK,28.35,895.4473,7,-0.2,448.7309,77.60,1.7E5,13,24302,20210112_Weissrot_325_T12_trypsin_DDA_120min_2uL.raw,1,1,Thalassiosira_weissflogii_0203172154:Thalassiosira_weissflogii_0203350282:Thalassiosira_weissflogii_0201798972:Thalassiosira_weissflogii_0171384548:Thalassiosira_weissflogii_0171415522:Thalassiosira_weissflogii_0203258542:Thalassiosira_weissflogii_0203167036:Thalassiosira_weissflogii_0203602520:Thalassiosira_weissflogii_0203535698:Thalassiosira_weissflogii_0203198652:Thalassiosira_weissflogii_0203380678:Thalassiosira_weissflogii_0203596664:Thalassiosira_weissflogii_0203350722:Thalassiosira_weissflogii_0201861748:Thalassiosira_weissflogii_0201768126:Thalassiosira_weissflogii_0203443356:Thalassiosira_weissflogii_0203135720,Carbamidomethylation,C2:Carbamidomethylation:1000.00
VAPETYR,28.34,834.4235,7,-0.5,418.2188,30.34,1.24E6,13,8586,20210112_Weissrot_325_T12_trypsin_DDA_120min_2uL.raw,1,1,Thalassiosira_weissflogii_0203204228,,
LGGELPIVGQM(+15.99),28.31,1128.5848,11,1.1,565.3003,86.63,6.61E5,15,27075,20210117_Weissrot_325_T12_trypsin_DDA_120min_2uL_dup.raw,2,2,Thalassiosira_weissflogii_0203264230,Oxidation (M),M11:Oxidation (M):1000.00
TTTWIWNLHAD,28.28,1356.6462,11,-0.9,679.3298,112.07,2.9E6,13,39042,20210112_Weissrot_325_T12_trypsin_DDA_120min_2uL.raw,3,3,tr|A0A089VNZ5|A0A089VNZ5_THAWE,,
IGALELGVMK,28.28,1029.5892,10,1.4,515.8026,87.89,1.46E5,15,27570,20210117_Weissrot_325_T12_trypsin_DDA_120min_2uL_dup.raw,1,1,Thalassiosira_weissflogii_0203265014:Thalassiosira_weissflogii_0203425620:Thalassiosira_weissflogii_0203508352:Thalassiosira_weissflogii_0203264230,,
AFLELIR,28.24,860.5120,7,0.7,431.2635,102.26,6.32E5,13,34602,20210112_Weissrot_325_T12_trypsin_DDA_120min_2uL.raw,2,2,Thalassiosira_weissflogii_0203204228,,
AFLELLR,28.24,860.5120,7,0.7,431.2635,102.26,6.32E5,13,34602,20210112_Weissrot_325_T12_trypsin_DDA_120min_2uL.raw,2,2,Thalassiosira_weissflogii_0203391506:Thalassiosira_weissflogii_0203580532,,
ITGFGEVK,28.16,849.4596,8,-0.1,425.7370,58.24,9.46E4,13,17338,20210112_Weissrot_325_T12_trypsin_DDA_120min_2uL.raw,1,1,Thalassiosira_weissflogii_0201777954,,
ASDAELAR,28.13,831.4086,8,-0.7,416.7113,26.47,5.85E5,13,7006,20210112_Weissrot_325_T12_trypsin_DDA_120min_2uL.raw,1,1,Thalassiosira_weissflogii_0203627540,,
GWDSFDEETK,28.12,1212.4934,10,2.1,607.2552,70.03,1.76E7,15,20731,20210117_Weissrot_325_T12_trypsin_DDA_120min_2uL_dup.raw,2,2,Thalassiosira_weissflogii_0203265014:Thalassiosira_weissflogii_0203425620:Thalassiosira_weissflogii_0203508352:Thalassiosira_weissflogii_0203264230,,
VYTTTPK,28.07,808.4330,7,-0.3,405.2237,25.03,3.02E5,13,6510,20210112_Weissrot_325_T12_trypsin_DDA_120min_2uL.raw,1,1,tr|A0A089VPD6|A0A089VPD6_THAWE,,
NSNGLC(+57.02)TR,28.04,920.4134,8,1.6,461.2147,20.08,2.67E5,15,4676,20210117_Weissrot_325_T12_trypsin_DDA_120min_2uL_dup.raw,1,1,Thalassiosira_weissflogii_0201800228:Thalassiosira_weissflogii_0203350294:Thalassiosira_weissflogii_0203627548:Thalassiosira_weissflogii_0203505014,Carbamidomethylation,C6:Carbamidomethylation:1000.00
SPATLNSR,28.03,844.4402,8,1.1,423.2279,21.80,1.74E7,15,5258,20210117_Weissrot_325_T12_trypsin_DDA_120min_2uL_dup.raw,3,3,,,
GFAWWSGNAR,28.00,1150.5308,10,-0.3,576.2725,100.29,4.43E6,13,33672,20210112_Weissrot_325_T12_trypsin_DDA_120min_2uL.raw,2,2,Thalassiosira_weissflogii_0203239758:Thalassiosira_weissflogii_0203293074,,
VSTVYDWIER,27.98,1266.6244,10,0.5,634.3198,99.11,1.58E5,13,33180,20210112_Weissrot_325_T12_trypsin_DDA_120min_2uL.raw,2,2,Thalassiosira_weissflogii_0171354090:Thalassiosira_weissflogii_0171415738:Thalassiosira_weissflogii_0171446960:Thalassiosira_weissflogii_0171384438:Thalassiosira_weissflogii_0203167400:Thalassiosira_weissflogii_0203628050,,
NEADM(+15.99)IDLR,27.95,1091.4917,9,-0.6,546.7528,55.36,2.91E5,13,16429,20210112_Weissrot_325_T12_trypsin_DDA_120min_2uL.raw,1,1,Thalassiosira_weissflogii_0201836064:Thalassiosira_weissflogii_0171420522:Thalassiosira_weissflogii_0203294152,Oxidation (M),M5:Oxidation (M):1000.00
AVETSFAK,27.86,851.4388,8,0.3,426.7268,38.75,8.23E5,14,7970,20210114_Weissrot_325_T12_trypsin_EThcD_120min_2uL.raw,1,1,tr|A0A089VNZ5|A0A089VNZ5_THAWE,,
SNEATIGFLR,27.85,1106.5720,10,0.0,554.2933,82.60,2.41E4,13,26276,20210112_Weissrot_325_T12_trypsin_DDA_120min_2uL.raw,1,1,Thalassiosira_weissflogii_0203216890,,
TVPTGVGK,27.83,757.4334,8,-0.4,379.7238,46.14,2.26E5,13,13466,20210112_Weissrot_325_T12_trypsin_DDA_120min_2uL.raw,2,2,Thalassiosira_weissflogii_0203107800,,
NAAGQAVEGIAR,27.82,1155.5996,12,0.6,578.8074,50.10,7.31E5,15,14019,20210117_Weissrot_325_T12_trypsin_DDA_120min_2uL_dup.raw,2,2,tr|A0A089VKF1|A0A089VKF1_THAWE,,
VTPEAELANGR,27.80,1155.5884,11,0.5,578.8018,49.32,5.33E5,15,13769,20210117_Weissrot_325_T12_trypsin_DDA_120min_2uL_dup.raw,2,2,Thalassiosira_weissflogii_0171330038,,
FGWDSFDEETK,27.80,1359.5619,11,1.3,680.7891,94.24,2.08E5,15,30157,20210117_Weissrot_325_T12_trypsin_DDA_120min_2uL_dup.raw,1,1,Thalassiosira_weissflogii_0203265014:Thalassiosira_weissflogii_0203425620:Thalassiosira_weissflogii_0203508352:Thalassiosira_weissflogii_0203264230,,
LTTPGQR,27.77,771.4239,7,1.9,386.7200,23.35,1.43E6,15,5727,20210117_Weissrot_325_T12_trypsin_DDA_120min_2uL_dup.raw,2,2,Thalassiosira_weissflogii_0203380632:Thalassiosira_weissflogii_0171353580:Thalassiosira_weissflogii_0201768054,,
GSTNDEAIAFLR,27.72,1292.6360,12,0.3,647.3254,87.98,1.96E5,15,27602,20210117_Weissrot_325_T12_trypsin_DDA_120min_2uL_dup.raw,3,3,Thalassiosira_weissflogii_0201805882,,
IITHPNFNG,27.70,1011.5138,9,0.3,506.7643,57.24,1.93E6,14,12410,20210114_Weissrot_325_T12_trypsin_EThcD_120min_2uL.raw,1,1,,,
KAQLGEVFEF,27.68,1166.5972,10,-0.4,584.3056,110.08,5.12E6,13,38105,20210112_Weissrot_325_T12_trypsin_DDA_120min_2uL.raw,2,2,tr|A0A089VKF6|A0A089VKF6_THAWE:Thalassiosira_weissflogii_0203103378,,
SGPMNKGDGIAEA,27.54,1245.5659,13,0.0,623.7902,43.90,1.61E6,13,12749,20210112_Weissrot_325_T12_trypsin_DDA_120min_2uL.raw,1,1,tr|A0A089VKF6|A0A089VKF6_THAWE:Thalassiosira_weissflogii_0203103378,,
IVGGYTC(+57.02)A,27.49,839.3847,8,-0.3,420.6995,49.01,8.19E5,14,10427,20210114_Weissrot_325_T12_trypsin_EThcD_120min_2uL.raw,1,1,,Carbamidomethylation,C7:Carbamidomethylation:1000.00
AVFDPSDPVLNPMWR,27.46,1742.8450,15,-0.3,872.4295,115.80,1.68E5,13,40595,20210112_Weissrot_325_T12_trypsin_DDA_120min_2uL.raw,1,1,tr|A0A089VKF6|A0A089VKF6_THAWE:Thalassiosira_weissflogii_0203103378,,
SDGISEEK,27.41,863.3872,8,-0.5,432.7007,20.46,2.84E6,14,3576,20210114_Weissrot_325_T12_trypsin_EThcD_120min_2uL.raw,1,1,Thalassiosira_weissflogii_0203204228,,
SEGTDLQTKK,27.35,1105.5615,10,0.2,553.7881,19.23,8.56E4,13,4175,20210112_Weissrot_325_T12_trypsin_DDA_120min_2uL.raw,2,2,tr|A0A089VKJ4|A0A089VKJ4_THAWE,,
EWELSYR,27.32,981.4556,7,-0.1,491.7350,79.44,8.49E5,13,25041,20210112_Weissrot_325_T12_trypsin_DDA_120min_2uL.raw,2,2,tr|A0A089VPE6|A0A089VPE6_THAWE:Thalassiosira_weissflogii_0203215658,,
SIPFLTVPEKLD,27.30,1357.7493,12,0.5,679.8823,113.55,5.34E4,15,37319,20210117_Weissrot_325_T12_trypsin_DDA_120min_2uL_dup.raw,1,1,Thalassiosira_weissflogii_0203358160,,
IAMMPIK,27.25,802.4445,7,0.3,402.2296,68.78,2.02E5,15,20282,20210117_Weissrot_325_T12_trypsin_DDA_120min_2uL_dup.raw,1,1,tr|A0A089VNZ5|A0A089VNZ5_THAWE,,
GVTFSDIAK,27.24,936.4916,9,1.3,469.2537,67.05,7.67E5,15,19678,20210117_Weissrot_325_T12_trypsin_DDA_120min_2uL_dup.raw,2,2,Thalassiosira_weissflogii_0203294156,,
MAQLYPSFGK,27.15,1140.5637,10,-0.3,571.2889,83.10,2.05E5,13,26471,20210112_Weissrot_325_T12_trypsin_DDA_120min_2uL.raw,1,1,tr|A0A089VNZ5|A0A089VNZ5_THAWE,,
IVGGYTC(+57.02)AAN,27.15,1024.4647,10,1.4,513.2404,43.72,4.25E7,15,12003,20210117_Weissrot_325_T12_trypsin_DDA_120min_2uL_dup.raw,4,4,,Carbamidomethylation,C7:Carbamidomethylation:1000.00
TSELQHGR,27.13,926.4570,8,0.8,464.2361,15.22,3.95E4,15,2644,20210117_Weissrot_325_T12_trypsin_DDA_120min_2uL_dup.raw,1,1,Thalassiosira_weissflogii_0203204228,,
DSPPALALKQ,27.10,1038.5709,10,-0.5,520.2925,59.89,6.76E5,13,17855,20210112_Weissrot_325_T12_trypsin_DDA_120min_2uL.raw,1,1,tr|A0A089VKJ7|A0A089VKJ7_THAWE,,
DEETKLSK,27.06,948.4764,8,0.0,475.2455,18.11,1.03E6,15,3933,20210117_Weissrot_325_T12_trypsin_DDA_120min_2uL_dup.raw,1,1,Thalassiosira_weissflogii_0203265014:Thalassiosira_weissflogii_0203425620:Thalassiosira_weissflogii_0203508352:Thalassiosira_weissflogii_0203264230:Thalassiosira_weissflogii_0201813222,,
GEGEFVGDFR,27.04,1111.4934,10,1.2,556.7546,73.54,2.07E6,15,22077,20210117_Weissrot_325_T12_trypsin_DDA_120min_2uL_dup.raw,3,3,Thalassiosira_weissflogii_0201860448:Thalassiosira_weissflogii_0201813222,,
GLVGDIIAR,27.01,912.5392,9,0.4,457.2771,85.21,2.56E4,13,27314,20210112_Weissrot_325_T12_trypsin_DDA_120min_2uL.raw,1,1,Thalassiosira_weissflogii_0203239104,,
WAQPGHFSR,26.98,1084.5203,9,-0.6,543.2671,48.99,1.63E5,13,14408,20210112_Weissrot_325_T12_trypsin_DDA_120min_2uL.raw,1,1,tr|A0A089VNZ5|A0A089VNZ5_THAWE,,
AGVHLPGNIDYAGNS,26.93,1483.7056,15,1.3,742.8610,79.06,1.79E4,13,24888,20210112_Weissrot_325_T12_trypsin_DDA_120min_2uL.raw,1,1,Thalassiosira_weissflogii_0201860448,,
SAADGPMPQTR,26.85,1129.5186,11,2.3,377.5143,15.80,1.42E5,14,2392,20210114_Weissrot_325_T12_trypsin_EThcD_120min_2uL.raw,1,1,Thalassiosira_weissflogii_0201803686:Thalassiosira_weissflogii_0203570456:Thalassiosira_weissflogii_0201773254:tr|A0A089VKN5|A0A089VKN5_THAWE:Thalassiosira_weissflogii_0203257228,,
LIETEPGSR,26.84,1000.5189,9,-0.3,501.2666,35.36,1.09E6,13,10086,20210112_Weissrot_325_T12_trypsin_DDA_120min_2uL.raw,2,2,Thalassiosira_weissflogii_0203627540,,
FIPVDFLR,26.75,1005.5647,8,1.0,503.7901,116.90,4.19E5,15,38386,20210117_Weissrot_325_T12_trypsin_DDA_120min_2uL_dup.raw,2,2,Thalassiosira_weissflogii_0201829098,,
SDETLLWFR,26.69,1165.5768,9,-0.5,583.7953,114.67,1.74E4,13,40110,20210112_Weissrot_325_T12_trypsin_DDA_120min_2uL.raw,1,1,Thalassiosira_weissflogii_0201742992,,
GFRFPC(+57.02)DGPGR,26.63,1264.5770,11,-0.1,422.5329,67.97,2.35E5,13,20614,20210112_Weissrot_325_T12_trypsin_DDA_120min_2uL.raw,1,1,tr|A0A089VNZ5|A0A089VNZ5_THAWE,Carbamidomethylation,C6:Carbamidomethylation:1000.00
VIDAHDALL,26.61,965.5182,9,1.1,483.7669,77.62,3.67E5,14,17438,20210114_Weissrot_325_T12_trypsin_EThcD_120min_2uL.raw,1,1,Thalassiosira_weissflogii_0203549518,,
QLAFLGNIITR,26.60,1244.7241,11,-1.4,623.3685,114.09,5.46E5,13,39900,20210112_Weissrot_325_T12_trypsin_DDA_120min_2uL.raw,1,1,Thalassiosira_weissflogii_0203265014:Thalassiosira_weissflogii_0203425620:Thalassiosira_weissflogii_0203508352:Thalassiosira_weissflogii_0201860448:Thalassiosira_weissflogii_0203172898,,
GVTVDFYGGKLN,26.59,1268.6400,12,0.1,635.3273,85.48,1.82E5,13,27423,20210112_Weissrot_325_T12_trypsin_DDA_120min_2uL.raw,1,1,tr|A0A089VKF6|A0A089VKF6_THAWE:Thalassiosira_weissflogii_0203103378,,
GM(+15.99)LSGDC(+57.02)TQER,26.55,1268.5126,11,1.2,635.2643,24.69,1.59E6,15,6436,20210117_Weissrot_325_T12_trypsin_DDA_120min_2uL_dup.raw,2,2,Thalassiosira_weissflogii_0203319814:Thalassiosira_weissflogii_0201860518:Thalassiosira_weissflogii_0203473996,Oxidation (M); Carbamidomethylation,M2:Oxidation (M):1000.00;C7:Carbamidomethylation:1000.00
NNPVLIGEPGVGKT,26.46,1393.7565,14,0.5,697.8859,70.28,2.88E5,13,21454,20210112_Weissrot_325_T12_trypsin_DDA_120min_2uL.raw,1,1,gi|54036848,,
LAFLGQIVTR,26.44,1116.6655,10,-0.6,559.3397,103.99,9.65E5,13,35365,20210112_Weissrot_325_T12_trypsin_DDA_120min_2uL.raw,1,1,Thalassiosira_weissflogii_0203319814:Thalassiosira_weissflogii_0201860518:Thalassiosira_weissflogii_0203473996,,
SPWTETDFR,26.28,1137.5090,9,-0.2,569.7617,76.84,3.41E5,13,24024,20210112_Weissrot_325_T12_trypsin_DDA_120min_2uL.raw,1,1,Thalassiosira_weissflogii_0203603364,,
MNLGSNK,26.26,762.3694,7,-4.0,382.1905,33.62,1.5E5,14,6760,20210114_Weissrot_325_T12_trypsin_EThcD_120min_2uL.raw,1,1,Thalassiosira_weissflogii_0203463028:Thalassiosira_weissflogii_0203327630,,
DSGDGTVTIIGGG,26.25,1147.5356,13,1.0,383.5195,20.24,2.7E5,14,3519,20210114_Weissrot_325_T12_trypsin_EThcD_120min_2uL.raw,1,1,Thalassiosira_weissflogii_0203446390,,
NYNNLLDR,26.24,1020.4988,8,1.2,511.2573,62.40,3.91E6,15,18074,20210117_Weissrot_325_T12_trypsin_DDA_120min_2uL_dup.raw,3,3,tr|A0A089VNZ5|A0A089VNZ5_THAWE,,
VNYVSPR,26.21,833.4395,7,0.9,417.7274,34.02,1.98E6,15,9202,20210117_Weissrot_325_T12_trypsin_DDA_120min_2uL_dup.raw,3,3,Thalassiosira_weissflogii_0203239758,,
WIQQTIAAN,26.18,1043.5400,9,-0.1,522.7772,69.95,4.22E5,13,21336,20210112_Weissrot_325_T12_trypsin_DDA_120min_2uL.raw,1,1,,,
LDEAGQAR,26.16,858.4195,8,0.9,430.2174,18.12,3E5,15,3936,20210117_Weissrot_325_T12_trypsin_DDA_120min_2uL_dup.raw,3,3,Thalassiosira_weissflogii_0203172898,,
GGELPIVGPM(+15.99),26.15,984.4950,10,-0.3,493.2546,80.53,6.23E5,13,25460,20210112_Weissrot_325_T12_trypsin_DDA_120min_2uL.raw,2,2,Thalassiosira_weissflogii_0203265014:Thalassiosira_weissflogii_0203425620:Thalassiosira_weissflogii_0203172898,Oxidation (M),M10:Oxidation (M):1000.00
AADGPM(+15.99)PQTR,26.07,1058.4814,10,1.1,530.2486,18.20,4.02E4,15,3969,20210117_Weissrot_325_T12_trypsin_DDA_120min_2uL_dup.raw,1,1,Thalassiosira_weissflogii_0201803686:Thalassiosira_weissflogii_0203570456:Thalassiosira_weissflogii_0201773254:tr|A0A089VKN5|A0A089VKN5_THAWE:Thalassiosira_weissflogii_0203257228,Oxidation (M),M6:Oxidation (M):1000.00
FDPAGFAAK,26.07,922.4548,9,-0.3,462.2346,68.71,3.65E5,13,20880,20210112_Weissrot_325_T12_trypsin_DDA_120min_2uL.raw,1,1,Thalassiosira_weissflogii_0203627540,,
AQLYPSFGK,26.02,1009.5233,9,1.8,505.7698,71.30,6.3E5,15,21169,20210117_Weissrot_325_T12_trypsin_DDA_120min_2uL_dup.raw,2,2,tr|A0A089VNZ5|A0A089VNZ5_THAWE,,
AIADDISSK,25.99,918.4658,9,2.2,460.2412,37.97,4.97E5,15,10326,20210117_Weissrot_325_T12_trypsin_DDA_120min_2uL_dup.raw,1,1,tr|A0A089VQE1|A0A089VQE1_THAWE,,
IAPETYR,25.98,848.4392,7,-0.3,425.2267,36.29,5.4E5,13,10416,20210112_Weissrot_325_T12_trypsin_DDA_120min_2uL.raw,1,1,Thalassiosira_weissflogii_0203391506:Thalassiosira_weissflogii_0203580532,,
AFLGQIVTR,25.94,1003.5814,9,-0.2,502.7979,83.09,1.5E8,13,26469,20210112_Weissrot_325_T12_trypsin_DDA_120min_2uL.raw,4,4,Thalassiosira_weissflogii_0203319814:Thalassiosira_weissflogii_0201860518:Thalassiosira_weissflogii_0203473996,,
QLGEVFEFDR,25.93,1238.5931,10,0.1,620.3039,97.04,1.17E5,13,32287,20210112_Weissrot_325_T12_trypsin_DDA_120min_2uL.raw,1,1,tr|A0A089VKF6|A0A089VKF6_THAWE:Thalassiosira_weissflogii_0203103378,,
GLSDGISEEK,25.87,1033.4927,10,-0.9,517.7532,43.63,2.95E5,13,12648,20210112_Weissrot_325_T12_trypsin_DDA_120min_2uL.raw,1,1,Thalassiosira_weissflogii_0203204228,,
LGEHNIDVLE,25.86,1137.5665,10,0.8,569.7910,75.29,4.69E6,14,16849,20210114_Weissrot_325_T12_trypsin_EThcD_120min_2uL.raw,1,1,,,
GYDPDLPIIGH,25.86,1195.5873,11,-1.0,598.8003,91.63,1.76E8,13,29987,20210112_Weissrot_325_T12_trypsin_DDA_120min_2uL.raw,6,6,Thalassiosira_weissflogii_0203319814:Thalassiosira_weissflogii_0201860518:Thalassiosira_weissflogii_0203473996,,
LDDADQER,25.79,960.4148,8,0.9,481.2151,18.44,7.47E6,15,4060,20210117_Weissrot_325_T12_trypsin_DDA_120min_2uL_dup.raw,2,2,Thalassiosira_weissflogii_0203265014:Thalassiosira_weissflogii_0203425620:Thalassiosira_weissflogii_0203508352:Thalassiosira_weissflogii_0201860448,,
LGEHNIDVLEGN(+.98)EQ,25.78,1566.7162,14,1.4,784.3665,75.41,2.56E5,13,23430,20210112_Weissrot_325_T12_trypsin_DDA_120min_2uL.raw,1,1,,Deamidation (NQ),N12:Deamidation (NQ):54.01
HVDC(+57.02)PGHA,25.76,891.3657,8,0.6,446.6904,16.80,2.14E5,13,2868,20210112_Weissrot_325_T12_trypsin_DDA_120min_2uL.raw,1,1,Thalassiosira_weissflogii_0201803686:Thalassiosira_weissflogii_0203570456:Thalassiosira_weissflogii_0201773254:tr|A0A089VKN5|A0A089VKN5_THAWE:Thalassiosira_weissflogii_0203257228,Carbamidomethylation,C4:Carbamidomethylation:1000.00
RLNASVK,25.67,786.4712,7,-0.3,394.2428,19.05,1.31E6,14,3218,20210114_Weissrot_325_T12_trypsin_EThcD_120min_2uL.raw,1,1,tr|A0A089VKJ7|A0A089VKJ7_THAWE,,
SEEALKR,25.66,831.4450,7,1.5,416.7304,16.68,1.24E5,15,3217,20210117_Weissrot_325_T12_trypsin_DDA_120min_2uL_dup.raw,1,1,Thalassiosira_weissflogii_0203399774,,
LGEHN(+.98)IDVLEG,25.50,1195.5720,11,-0.6,598.7929,81.20,5.14E5,13,25702,20210112_Weissrot_325_T12_trypsin_DDA_120min_2uL.raw,1,1,,Deamidation (NQ),N5:Deamidation (NQ):1000.00
SESQAWSRIPD,25.48,1274.5891,11,1.5,638.3028,69.72,2.27E6,15,20621,20210117_Weissrot_325_T12_trypsin_DDA_120min_2uL_dup.raw,3,3,tr|A0A089VKF6|A0A089VKF6_THAWE:Thalassiosira_weissflogii_0203103378,,
LPQVEGTGGDVQPSQD,25.48,1625.7533,16,0.7,813.8845,57.88,2.07E5,13,17228,20210112_Weissrot_325_T12_trypsin_DDA_120min_2uL.raw,1,1,gi|54036848,,
SDFIPVDFLR,25.46,1207.6237,10,0.2,604.8192,127.08,9.11E4,13,44848,20210112_Weissrot_325_T12_trypsin_DDA_120min_2uL.raw,1,1,Thalassiosira_weissflogii_0201829098,,
KFDEETK,25.44,895.4286,7,2.0,448.7225,17.81,1.91E6,15,3803,20210117_Weissrot_325_T12_trypsin_DDA_120min_2uL_dup.raw,2,2,Thalassiosira_weissflogii_0203172898,,
LAFLGNIITR,25.42,1116.6655,10,-0.5,559.3398,110.85,1.18E6,13,38473,20210112_Weissrot_325_T12_trypsin_DDA_120min_2uL.raw,1,1,Thalassiosira_weissflogii_0203265014:Thalassiosira_weissflogii_0203425620:Thalassiosira_weissflogii_0203508352:Thalassiosira_weissflogii_0201860448:Thalassiosira_weissflogii_0203172898,,
DDFDEETK,25.36,997.3876,8,1.0,499.7016,31.95,3.83E7,15,8618,20210117_Weissrot_325_T12_trypsin_DDA_120min_2uL_dup.raw,2,2,Thalassiosira_weissflogii_0203319814:Thalassiosira_weissflogii_0201860518:Thalassiosira_weissflogii_0203473996,,
DEETKLQK,25.36,989.5029,8,0.8,495.7592,18.56,1.24E6,15,4114,20210117_Weissrot_325_T12_trypsin_DDA_120min_2uL_dup.raw,1,1,Thalassiosira_weissflogii_0203319814:Thalassiosira_weissflogii_0201860518:Thalassiosira_weissflogii_0203473996,,
RYVEIK,25.31,806.4650,6,0.0,404.2398,31.57,5.8E7,14,6271,20210114_Weissrot_325_T12_trypsin_EThcD_120min_2uL.raw,1,1,Thalassiosira_weissflogii_0203319814:Thalassiosira_weissflogii_0201860518:Thalassiosira_weissflogii_0203473996:Thalassiosira_weissflogii_0203265014:Thalassiosira_weissflogii_0203425620:Thalassiosira_weissflogii_0203508352:Thalassiosira_weissflogii_0201860448:Thalassiosira_weissflogii_0203172898:Thalassiosira_weissflogii_0201813222,,
RYVELK,25.31,806.4650,6,0.0,404.2398,31.57,5.8E7,14,6271,20210114_Weissrot_325_T12_trypsin_EThcD_120min_2uL.raw,1,1,Thalassiosira_weissflogii_0201836064:Thalassiosira_weissflogii_0171420522:Thalassiosira_weissflogii_0203294152,,
DLPIIGHLQ,25.30,1004.5654,9,-0.1,503.2899,101.42,4.22E5,13,34182,20210112_Weissrot_325_T12_trypsin_DDA_120min_2uL.raw,1,1,Thalassiosira_weissflogii_0203319814:Thalassiosira_weissflogii_0201860518:Thalassiosira_weissflogii_0203473996,,
Q(+.98)FEAAFR,25.28,868.4079,7,0.9,435.2116,68.96,8.65E7,14,15276,20210114_Weissrot_325_T12_trypsin_EThcD_120min_2uL.raw,2,2,Thalassiosira_weissflogii_0203506064:Thalassiosira_weissflogii_0203507896:Thalassiosira_weissflogii_0171386818:Thalassiosira_weissflogii_0203598418,Deamidation (NQ),Q1:Deamidation (NQ):1000.00
GSESTLAWFR,25.25,1152.5564,10,-0.3,577.2853,99.14,7.51E4,13,33197,20210112_Weissrot_325_T12_trypsin_DDA_120min_2uL.raw,1,1,Thalassiosira_weissflogii_0171365126,,
AAGGTEGVIK,25.24,901.4869,10,0.5,451.7509,30.74,8.14E5,14,6067,20210114_Weissrot_325_T12_trypsin_EThcD_120min_2uL.raw,1,1,Thalassiosira_weissflogii_0201788838,,
ATPIELFGPTR,25.22,1200.6503,11,2.0,601.3336,92.26,8.51E5,15,29361,20210117_Weissrot_325_T12_trypsin_DDA_120min_2uL_dup.raw,2,2,tr|A0A089VKF6|A0A089VKF6_THAWE:Thalassiosira_weissflogii_0203103378,,
DYLIDAK,25.17,836.4280,7,0.8,419.2216,61.00,7.91E5,14,13327,20210114_Weissrot_325_T12_trypsin_EThcD_120min_2uL.raw,1,1,Thalassiosira_weissflogii_0201781470,,
VSPGFDGLDK,25.15,1033.5079,10,-0.6,517.7609,63.07,2.28E5,13,18929,20210112_Weissrot_325_T12_trypsin_DDA_120min_2uL.raw,1,1,Thalassiosira_weissflogii_0201773708:Thalassiosira_weissflogii_0171380628,,
NYSPEEYADK,25.11,1214.5092,10,0.6,608.2622,45.99,4.46E5,15,12729,20210117_Weissrot_325_T12_trypsin_DDA_120min_2uL_dup.raw,2,2,Thalassiosira_weissflogii_0171423018,,
SIWDPHFGESALK,25.10,1485.7252,13,-0.2,496.2489,108.59,3.8E5,13,37428,20210112_Weissrot_325_T12_trypsin_DDA_120min_2uL.raw,1,1,tr|A0A089VIJ5|A0A089VIJ5_THAWE,,
AAISGPDAIPGAGLA,25.08,1279.6771,15,1.1,640.8466,88.62,3.04E6,14,20231,20210114_Weissrot_325_T12_trypsin_EThcD_120min_2uL.raw,1,1,Thalassiosira_weissflogii_0203425620:Thalassiosira_weissflogii_0203508352,,
GYDFIPGK,25.07,895.4439,8,-0.3,448.7291,74.42,9.97E4,13,23034,20210112_Weissrot_325_T12_trypsin_DDA_120min_2uL.raw,1,1,Thalassiosira_weissflogii_0203204228,,
GGTVGRGGNP,25.05,870.4308,10,-7.5,436.2194,55.06,5.1E5,14,11885,20210114_Weissrot_325_T12_trypsin_EThcD_120min_2uL.raw,1,1,Thalassiosira_weissflogii_0171357196:Thalassiosira_weissflogii_0201831750:Thalassiosira_weissflogii_0201774520,,
LGDFDIGKPD,25.05,1075.5186,10,1.9,538.7676,74.37,9.26E5,15,22386,20210117_Weissrot_325_T12_trypsin_DDA_120min_2uL_dup.raw,2,2,Thalassiosira_weissflogii_0203386012:Thalassiosira_weissflogii_0203203762,,
IGAAYGTAK,25.05,850.4548,9,-0.7,426.2344,30.80,1.31E5,13,8731,20210112_Weissrot_325_T12_trypsin_DDA_120min_2uL.raw,1,1,Thalassiosira_weissflogii_0171357220,,
GYDPDLPIIGHL,25.04,1308.6714,12,-1.2,655.3422,120.04,5.58E5,13,42364,20210112_Weissrot_325_T12_trypsin_DDA_120min_2uL.raw,2,2,Thalassiosira_weissflogii_0203319814:Thalassiosira_weissflogii_0201860518:Thalassiosira_weissflogii_0203473996,,
DSFDEETK,25.03,969.3927,8,-0.5,485.7034,32.48,7.13E7,13,9257,20210112_Weissrot_325_T12_trypsin_DDA_120min_2uL.raw,3,3,Thalassiosira_weissflogii_0203265014:Thalassiosira_weissflogii_0203425620:Thalassiosira_weissflogii_0203508352:Thalassiosira_weissflogii_0203264230,,
IGPGDFLVHHAIAL,25.02,1458.7983,14,-0.8,487.2730,132.58,0,13,46370,20210112_Weissrot_325_T12_trypsin_DDA_120min_2uL.raw,1,1,tr|A0A089VIJ5|A0A089VIJ5_THAWE,,
GGELPIVGPM,25.00,968.5001,10,-0.8,485.2569,103.87,5.6E5,13,35299,20210112_Weissrot_325_T12_trypsin_DDA_120min_2uL.raw,1,1,Thalassiosira_weissflogii_0203265014:Thalassiosira_weissflogii_0203425620:Thalassiosira_weissflogii_0203172898,,
PDLPIIGHLQ,24.99,1101.6182,10,-0.7,551.8160,106.14,3.07E5,13,36408,20210112_Weissrot_325_T12_trypsin_DDA_120min_2uL.raw,1,1,Thalassiosira_weissflogii_0203319814:Thalassiosira_weissflogii_0201860518:Thalassiosira_weissflogii_0203473996,,
GDSFDSFPNGWAAISGPD,24.97,1838.7747,18,1.4,920.3959,116.31,2.35E5,15,38199,20210117_Weissrot_325_T12_trypsin_DDA_120min_2uL_dup.raw,1,1,Thalassiosira_weissflogii_0203265014:Thalassiosira_weissflogii_0203425620:Thalassiosira_weissflogii_0203508352,,
ASFNNSR,24.95,794.3671,7,0.0,398.1908,20.46,2.06E5,13,4766,20210112_Weissrot_325_T12_trypsin_DDA_120min_2uL.raw,1,1,tr|A0A089VPE6|A0A089VPE6_THAWE:Thalassiosira_weissflogii_0203215658,,
SDFLTFK,24.94,856.4330,7,-0.5,429.2236,88.04,5.45E6,13,28463,20210112_Weissrot_325_T12_trypsin_DDA_120min_2uL.raw,1,1,tr|A0A089VNZ5|A0A089VNZ5_THAWE,,
SLESDGVFR,24.91,1008.4876,9,0.9,505.2515,63.21,1.94E6,15,18337,20210117_Weissrot_325_T12_trypsin_DDA_120min_2uL_dup.raw,1,1,tr|A0A089VKF6|A0A089VKF6_THAWE:Thalassiosira_weissflogii_0203103378,,
LLDDADQER,24.86,1073.4989,9,1.1,537.7573,36.72,3.65E6,15,9960,20210117_Weissrot_325_T12_trypsin_DDA_120min_2uL_dup.raw,4,4,Thalassiosira_weissflogii_0203265014:Thalassiosira_weissflogii_0203425620:Thalassiosira_weissflogii_0203508352:Thalassiosira_weissflogii_0201860448,,
DDLTLNAK,24.84,888.4553,8,1.1,445.2354,22.92,1.66E5,15,5607,20210117_Weissrot_325_T12_trypsin_DDA_120min_2uL_dup.raw,1,1,Thalassiosira_weissflogii_0203139022,,
IDLIDEAASSIR,24.78,1301.6826,12,1.1,651.8493,105.12,1.3E5,13,35938,20210112_Weissrot_325_T12_trypsin_DDA_120min_2uL.raw,2,2,gi|54036848,,
TGLIPHPVPL,24.76,1042.6174,10,-0.8,522.3156,95.91,8.04E5,13,31795,20210112_Weissrot_325_T12_trypsin_DDA_120min_2uL.raw,1,1,Thalassiosira_weissflogii_0201805882,,
AFLGNIITR,24.76,1003.5814,9,-0.8,502.7976,92.71,1.37E8,13,30471,20210112_Weissrot_325_T12_trypsin_DDA_120min_2uL.raw,2,2,Thalassiosira_weissflogii_0203265014:Thalassiosira_weissflogii_0203425620:Thalassiosira_weissflogii_0203508352:Thalassiosira_weissflogii_0201860448:Thalassiosira_weissflogii_0203172898,,
DSPPALALK,24.75,910.5123,9,-0.8,456.2631,61.76,1.14E6,13,18475,20210112_Weissrot_325_T12_trypsin_DDA_120min_2uL.raw,2,2,tr|A0A089VKJ7|A0A089VKJ7_THAWE,,
NYDFIPGK,24.72,952.4654,8,0.8,477.2404,71.85,3.29E5,15,21390,20210117_Weissrot_325_T12_trypsin_DDA_120min_2uL_dup.raw,1,1,Thalassiosira_weissflogii_0201773708,,
AEFVGDFR,24.70,939.4450,8,-0.5,470.7295,72.92,1.62E7,13,22407,20210112_Weissrot_325_T12_trypsin_DDA_120min_2uL.raw,2,2,Thalassiosira_weissflogii_0203265014:Thalassiosira_weissflogii_0203425620:Thalassiosira_weissflogii_0203508352:Thalassiosira_weissflogii_0203264230,,
IITHPNFNGN(+.98)TL,24.69,1340.6725,12,0.4,671.3438,79.84,1.57E6,14,17993,20210114_Weissrot_325_T12_trypsin_EThcD_120min_2uL.raw,1,1,,Deamidation (NQ),N10:Deamidation (NQ):0.00
VINTWADIINRAD,24.66,1499.7732,13,1.0,750.8947,107.30,3.75E2,13,36873,20210112_Weissrot_325_T12_trypsin_DDA_120min_2uL.raw,1,1,tr|A0A089VPE6|A0A089VPE6_THAWE:Thalassiosira_weissflogii_0203215658,,
LGNIITR,24.66,785.4760,7,0.4,393.7454,48.76,8.51E6,15,13579,20210117_Weissrot_325_T12_trypsin_DDA_120min_2uL_dup.raw,1,1,Thalassiosira_weissflogii_0203265014:Thalassiosira_weissflogii_0203425620:Thalassiosira_weissflogii_0203508352:Thalassiosira_weissflogii_0201860448:Thalassiosira_weissflogii_0203172898,,
APGTTAPNALATT,24.66,1184.6038,13,-0.9,593.3086,52.96,3.86E5,13,15673,20210112_Weissrot_325_T12_trypsin_DDA_120min_2uL.raw,1,1,tr|A0A089VNZ5|A0A089VNZ5_THAWE,,
KFDEETIK,24.65,1008.5128,8,1.2,505.2643,47.24,1.66E5,15,13110,20210117_Weissrot_325_T12_trypsin_DDA_120min_2uL_dup.raw,1,1,Thalassiosira_weissflogii_0203170252:Thalassiosira_weissflogii_0203320024:Thalassiosira_weissflogii_0201831700:Thalassiosira_weissflogii_0203213352:Thalassiosira_weissflogii_0203566136:Thalassiosira_weissflogii_0203537698:Thalassiosira_weissflogii_0203260116:Thalassiosira_weissflogii_0203138000:Thalassiosira_weissflogii_0171449312:Thalassiosira_weissflogii_0201862932:Thalassiosira_weissflogii_0171385140,,
SFDSFPNGWAAISGPD,24.65,1666.7263,16,1.4,834.3716,115.39,2.1E6,15,37923,20210117_Weissrot_325_T12_trypsin_DDA_120min_2uL_dup.raw,2,2,Thalassiosira_weissflogii_0203265014:Thalassiosira_weissflogii_0203425620:Thalassiosira_weissflogii_0203508352:Thalassiosira_weissflogii_0201860448,,
TPGDWESSK,24.62,1005.4403,9,0.0,503.7274,37.02,1.34E6,15,10047,20210117_Weissrot_325_T12_trypsin_DDA_120min_2uL_dup.raw,2,2,tr|A0A089VP78|A0A089VP78_THAWE,,
IVGPIAGKT,24.52,854.5225,9,0.8,428.2689,45.07,4.03E6,15,12450,20210117_Weissrot_325_T12_trypsin_DDA_120min_2uL_dup.raw,1,1,Thalassiosira_weissflogii_0171348692:tr|A0A089VIP5|A0A089VIP5_THAWE,,
KLAFYDY,24.51,918.4487,7,-0.4,460.2314,86.72,3.41E6,13,27928,20210112_Weissrot_325_T12_trypsin_DDA_120min_2uL.raw,1,1,tr|A0A089VKF6|A0A089VKF6_THAWE:Thalassiosira_weissflogii_0203103378,,
SGSHFC(+57.02)GGSLINSQW,24.50,1635.7100,15,0.7,818.8628,97.96,2.64E5,13,32690,20210112_Weissrot_325_T12_trypsin_DDA_120min_2uL.raw,1,1,,Carbamidomethylation,C6:Carbamidomethylation:1000.00
GAQPPLGFF,24.50,932.4756,9,0.6,467.2453,118.62,1.7E6,14,28072,20210114_Weissrot_325_T12_trypsin_EThcD_120min_2uL.raw,1,1,Thalassiosira_weissflogii_0203319814:Thalassiosira_weissflogii_0201860518:Thalassiosira_weissflogii_0203473996:Thalassiosira_weissflogii_0203265014:Thalassiosira_weissflogii_0203508352:Thalassiosira_weissflogii_0201860448:Thalassiosira_weissflogii_0203172898,,
SGDC(+57.02)TQER,24.48,951.3716,8,1.1,476.6936,13.97,3.56E4,15,2099,20210117_Weissrot_325_T12_trypsin_DDA_120min_2uL_dup.raw,1,1,Thalassiosira_weissflogii_0203319814:Thalassiosira_weissflogii_0201860518:Thalassiosira_weissflogii_0203473996,Carbamidomethylation,C4:Carbamidomethylation:1000.00
SFDEETK,24.41,854.3657,7,-0.8,428.1898,26.37,8.08E5,14,5027,20210114_Weissrot_325_T12_trypsin_EThcD_120min_2uL.raw,1,1,Thalassiosira_weissflogii_0203265014:Thalassiosira_weissflogii_0203425620:Thalassiosira_weissflogii_0203508352:Thalassiosira_weissflogii_0203264230,,
NEQFINAA,24.39,905.4243,8,1.1,453.7199,63.55,2.2E7,14,13954,20210114_Weissrot_325_T12_trypsin_EThcD_120min_2uL.raw,1,1,,,
QAFTFLVR,24.35,980.5443,8,-0.8,491.2790,98.88,7.99E4,13,33087,20210112_Weissrot_325_T12_trypsin_DDA_120min_2uL.raw,1,1,Thalassiosira_weissflogii_0203239758,,
LGAAAASSN(+.98)N(+.98)HN(+.98)ASLS,24.34,1486.6536,16,0.4,744.3344,33.25,1.39E5,13,9479,20210112_Weissrot_325_T12_trypsin_DDA_120min_2uL.raw,1,1,Thalassiosira_weissflogii_0203428908,Deamidation (NQ),N9:Deamidation (NQ):1000.00;N10:Deamidation (NQ):1000.00;N12:Deamidation (NQ):1000.00
DNDIMLIK,24.29,960.4950,8,-0.7,481.2545,79.83,3.11E6,13,25187,20210112_Weissrot_325_T12_trypsin_DDA_120min_2uL.raw,2,2,,,
GYVGDVGFDPFR,24.25,1327.6196,12,0.8,664.8176,106.58,7.88E4,13,36591,20210112_Weissrot_325_T12_trypsin_DDA_120min_2uL.raw,1,1,Thalassiosira_weissflogii_0201829098,,
AGIHLPGSINYAG,24.24,1268.6512,13,1.2,635.3337,85.95,1.23E5,15,26806,20210117_Weissrot_325_T12_trypsin_DDA_120min_2uL_dup.raw,1,1,Thalassiosira_weissflogii_0203319814:Thalassiosira_weissflogii_0201860518:Thalassiosira_weissflogii_0203473996,,
IVGPIAGK,24.23,753.4749,8,-0.8,377.7444,43.17,1.55E6,13,12478,20210112_Weissrot_325_T12_trypsin_DDA_120min_2uL.raw,1,1,Thalassiosira_weissflogii_0171348692:tr|A0A089VIP5|A0A089VIP5_THAWE,,
AHVDC(+57.02)PGHADY,24.23,1240.4930,11,-0.5,621.2535,33.13,2.07E5,13,9445,20210112_Weissrot_325_T12_trypsin_DDA_120min_2uL.raw,1,1,Thalassiosira_weissflogii_0201803686:Thalassiosira_weissflogii_0203570456:Thalassiosira_weissflogii_0201773254:tr|A0A089VKN5|A0A089VKN5_THAWE:Thalassiosira_weissflogii_0203257228,Carbamidomethylation,C5:Carbamidomethylation:1000.00
EGVTGGLK,24.21,759.4127,8,-0.2,380.7135,28.21,4.7E5,13,7945,20210112_Weissrot_325_T12_trypsin_DDA_120min_2uL.raw,1,1,Thalassiosira_weissflogii_0203353382,,
WIQNIHLLAPGTTAPN,24.19,1744.9260,16,-0.2,873.4701,101.76,1.36E6,13,34358,20210112_Weissrot_325_T12_trypsin_DDA_120min_2uL.raw,1,1,tr|A0A089VNZ5|A0A089VNZ5_THAWE,,
PGTLPGWEGPGWDK,24.12,1495.7095,14,1.7,748.8633,92.64,3.64E5,15,29505,20210117_Weissrot_325_T12_trypsin_DDA_120min_2uL_dup.raw,1,1,Thalassiosira_weissflogii_0203358160,,
EETIAWLR,24.07,1016.5291,8,1.1,509.2724,89.80,7.13E4,15,28379,20210117_Weissrot_325_T12_trypsin_DDA_120min_2uL_dup.raw,1,1,Thalassiosira_weissflogii_0171421366,,
GQAVEGIAR,24.05,899.4824,9,1.2,450.7490,33.87,3.89E6,15,9164,20210117_Weissrot_325_T12_trypsin_DDA_120min_2uL_dup.raw,1,1,tr|A0A089VKF1|A0A089VKF1_THAWE,,
GSDETLLWFR,24.00,1222.5981,10,-1.1,612.3057,111.08,6.47E3,15,36519,20210117_Weissrot_325_T12_trypsin_DDA_120min_2uL_dup.raw,1,1,Thalassiosira_weissflogii_0201742992,,
VIENSEGAR,23.97,973.4828,9,0.7,487.7490,19.10,1.14E5,15,4335,20210117_Weissrot_325_T12_trypsin_DDA_120min_2uL_dup.raw,1,1,Thalassiosira_weissflogii_0201806646,,
GNYGDILR,23.96,906.4559,8,2.0,454.2361,69.11,1.52E5,15,20404,20210117_Weissrot_325_T12_trypsin_DDA_120min_2uL_dup.raw,1,1,Thalassiosira_weissflogii_0203477460:Thalassiosira_weissflogii_0203446048:Thalassiosira_weissflogii_0171418148,,
EQLGGELPIVGQM(+15.99),23.95,1385.6860,13,-1.0,693.8496,91.59,0,15,29087,20210117_Weissrot_325_T12_trypsin_DDA_120min_2uL_dup.raw,1,1,Thalassiosira_weissflogii_0203264230,Oxidation (M),M13:Oxidation (M):1000.00
IITHPNFNGNTLDN,23.94,1568.7583,14,1.3,785.3875,67.30,6.41E5,15,19765,20210117_Weissrot_325_T12_trypsin_DDA_120min_2uL_dup.raw,1,1,,,
VAIAQ(+.98)EDR,23.92,901.4505,8,0.6,451.7328,32.66,6.96E5,15,8812,20210117_Weissrot_325_T12_trypsin_DDA_120min_2uL_dup.raw,1,1,Thalassiosira_weissflogii_0203443838:Thalassiosira_weissflogii_0203475748:Thalassiosira_weissflogii_0203590700:Thalassiosira_weissflogii_0203229854,Deamidation (NQ),Q5:Deamidation (NQ):1000.00
AGVHLPGNIDYAGDSFD,23.89,1746.7849,17,2.4,874.4019,95.27,1.04E5,15,30583,20210117_Weissrot_325_T12_trypsin_DDA_120min_2uL_dup.raw,1,1,Thalassiosira_weissflogii_0203265014:Thalassiosira_weissflogii_0203425620:Thalassiosira_weissflogii_0203508352,,
NVNTLETK,23.84,917.4818,8,4.9,459.7504,73.58,1.28E6,14,16418,20210114_Weissrot_325_T12_trypsin_EThcD_120min_2uL.raw,1,1,Thalassiosira_weissflogii_0203476044:Thalassiosira_weissflogii_0203507106,,
TNWGIGHN,23.84,897.4093,8,1.3,449.7125,52.45,2.26E6,15,14795,20210117_Weissrot_325_T12_trypsin_DDA_120min_2uL_dup.raw,1,1,tr|A0A089VNZ5|A0A089VNZ5_THAWE,,
LNASVKK,23.83,758.4650,7,-0.2,380.2397,17.13,1.7E6,13,3074,20210112_Weissrot_325_T12_trypsin_DDA_120min_2uL.raw,2,2,tr|A0A089VKJ7|A0A089VKJ7_THAWE,,
EFVGDFR,23.80,868.4079,7,1.7,435.2119,66.91,3.16E7,15,19629,20210117_Weissrot_325_T12_trypsin_DDA_120min_2uL_dup.raw,1,1,Thalassiosira_weissflogii_0203319814:Thalassiosira_weissflogii_0201860518:Thalassiosira_weissflogii_0203473996:Thalassiosira_weissflogii_0203265014:Thalassiosira_weissflogii_0203425620:Thalassiosira_weissflogii_0203508352:Thalassiosira_weissflogii_0201860448:Thalassiosira_weissflogii_0203172898:Thalassiosira_weissflogii_0203264230:Thalassiosira_weissflogii_0201813222,,
VTEAPVTR,23.76,871.4763,8,-0.5,436.7452,40.62,3.19E5,13,11706,20210112_Weissrot_325_T12_trypsin_DDA_120min_2uL.raw,1,1,Thalassiosira_weissflogii_0203353776,,
AESKYSIE,23.75,925.4392,8,0.2,463.7270,40.58,8.23E5,14,8400,20210114_Weissrot_325_T12_trypsin_EThcD_120min_2uL.raw,1,1,tr|A0A089VKF6|A0A089VKF6_THAWE:Thalassiosira_weissflogii_0203103378,,
NSGSHFC(+57.02)GGSLINSQ,23.75,1563.6736,15,-0.6,782.8436,61.76,4.27E5,13,18477,20210112_Weissrot_325_T12_trypsin_DDA_120min_2uL.raw,1,1,,Carbamidomethylation,C7:Carbamidomethylation:1000.00
TPGDWESSKDQF,23.74,1395.5942,12,1.4,698.8054,70.03,2.1E5,15,20729,20210117_Weissrot_325_T12_trypsin_DDA_120min_2uL_dup.raw,1,1,tr|A0A089VP78|A0A089VP78_THAWE,,
AEIAEVLAR,23.73,970.5447,9,0.5,486.2798,70.11,5.34E5,15,20760,20210117_Weissrot_325_T12_trypsin_DDA_120min_2uL_dup.raw,1,1,gi|54036848,,
NQTAAFIK,23.72,891.4814,8,-11.8,446.7427,83.06,7.77E6,14,18819,20210114_Weissrot_325_T12_trypsin_EThcD_120min_2uL.raw,1,1,Thalassiosira_weissflogii_0171387644:Thalassiosira_weissflogii_0171355426:Thalassiosira_weissflogii_0203351976:Thalassiosira_weissflogii_0203445810:Thalassiosira_weissflogii_0203229220,,
GYVAPETYR,23.66,1054.5083,9,-0.4,528.2612,48.18,2E5,13,14151,20210112_Weissrot_325_T12_trypsin_DDA_120min_2uL.raw,1,1,Thalassiosira_weissflogii_0203204228,,
SELLC(+57.02)GTDGLPHLVADGR,23.64,1908.9363,18,0.3,637.3196,100.20,1.85E2,13,33629,20210112_Weissrot_325_T12_trypsin_DDA_120min_2uL.raw,1,1,tr|A0A089VKJ7|A0A089VKJ7_THAWE,Carbamidomethylation,C5:Carbamidomethylation:1000.00
IADDISSK,23.64,847.4287,8,-0.5,424.7214,30.28,4.84E5,13,8569,20210112_Weissrot_325_T12_trypsin_DDA_120min_2uL.raw,1,1,tr|A0A089VQE1|A0A089VQE1_THAWE,,
IITHPNFNGNTLD,23.63,1454.7153,13,0.9,728.3656,71.10,1.48E6,15,21094,20210117_Weissrot_325_T12_trypsin_DDA_120min_2uL_dup.raw,1,1,,,
TTGDSPTPQ(+.98)AAK,23.62,1173.5513,12,4.5,587.7855,77.52,4.64E6,14,17414,20210114_Weissrot_325_T12_trypsin_EThcD_120min_2uL.raw,1,1,Thalassiosira_weissflogii_0201770722,Deamidation (NQ),Q9:Deamidation (NQ):1000.00
