,Peptide,-10lgP,Mass,Length,ppm,m/z,RT,Area,Fraction,Scan,Source File,#Spec,#Spec,Accession,PTM,AScore,A,C,D,E,F,G,H,I,K,L,M,N,P,Q,R,S,T,V,W,Y,c-carb,m-oxid,k-oxid,p-oxid,r-oxid,y-oxid,n-deam,k-meth,r-meth,q-pyro,k-acet,stripped peptide,stripped length,NAAF num.,ptm-total,stripped I-L
0,LPQVEGTGGDVQPSQDLVR,45.97,1994.0068,19,0.4,998.0111,74.7,133000000.0,16,23778,20210114_Weissrot_329_T0_nodigest_DDA_120min_2uL.raw,11,11,gi|54036848,,,0,0,2,1,0,3,0,0,0,2,0,0,2,3,1,1,1,3,0,0,0,0,0,0,0,0,0,0,0,0,0,LPQVEGTGGDVQPSQDLVR,19,7000000.0,0,LPQVEGTGGDVQPSQDLVR
1,VIGQNEAVDAVSNAIR,44.7,1654.8638,16,0.3,828.4394,90.49,128000000.0,16,29705,20210114_Weissrot_329_T0_nodigest_DDA_120min_2uL.raw,17,17,gi|54036848,,,3,0,1,1,0,1,0,2,0,0,0,2,0,1,1,1,0,3,0,0,0,0,0,0,0,0,0,0,0,0,0,VIGQNEAVDAVSNAIR,16,8000000.0,0,VLGQNEAVDAVSNALR
2,DADGGDGPEAPSEEK(+14.02)N,38.95,1600.6488,16,2.2,801.3334,28.42,146000.0,16,7864,20210114_Weissrot_329_T0_nodigest_DDA_120min_2uL.raw,1,1,Thalassiosira_weissflogii_0203279580,Methylation(KR),K15:Methylation(KR):1000.00,2,0,3,3,0,3,0,0,1,0,0,1,2,0,0,1,0,0,0,0,0,0,0,0,0,0,0,1,0,0,0,DADGGDGPEAPSEEKN,16,9125.0,1,DADGGDGPEAPSEEKN
3,GGGTIGHPDGIQA,37.88,1178.568,13,0.9,590.2918,51.36,20100000.0,16,15501,20210114_Weissrot_329_T0_nodigest_DDA_120min_2uL.raw,3,3,tr|A8DP72|A8DP72_THAWE:Thalassiosira_weissflogii_0171383444:tr|A8DP83|A8DP83_THAWE:tr|A0A089VQA3|A0A089VQA3_THAWE,,,1,0,1,0,0,5,1,2,0,0,0,0,1,1,0,0,1,0,0,0,0,0,0,0,0,0,0,0,0,0,0,GGGTIGHPDGIQA,13,1546153.8461538462,0,GGGTLGHPDGLQA
4,GGGTIGHPDGIQ,37.38,1107.5309,12,1.0,554.7733,42.95,26100000.0,16,12694,20210114_Weissrot_329_T0_nodigest_DDA_120min_2uL.raw,4,4,tr|A8DP72|A8DP72_THAWE:Thalassiosira_weissflogii_0171383444:tr|A8DP83|A8DP83_THAWE:tr|A0A089VQA3|A0A089VQA3_THAWE,,,0,0,1,0,0,5,1,2,0,0,0,0,1,1,0,0,1,0,0,0,0,0,0,0,0,0,0,0,0,0,0,GGGTIGHPDGIQ,12,2175000.0,0,GGGTLGHPDGLQ
5,ADGGDGPEAPSEEK(+14.02)N,37.18,1485.6218,15,1.6,743.8194,25.95,159000.0,16,6990,20210114_Weissrot_329_T0_nodigest_DDA_120min_2uL.raw,1,1,Thalassiosira_weissflogii_0203279580,Methylation(KR),K14:Methylation(KR):1000.00,2,0,2,3,0,3,0,0,1,0,0,1,2,0,0,1,0,0,0,0,0,0,0,0,0,0,0,1,0,0,0,ADGGDGPEAPSEEKN,15,10600.0,1,ADGGDGPEAPSEEKN
6,VNDDGTIQDPVLGTK,35.81,1570.7838,15,2.1,786.4008,67.49,1050000.0,16,21017,20210114_Weissrot_329_T0_nodigest_DDA_120min_2uL.raw,1,1,Thalassiosira_weissflogii_0203382750:Thalassiosira_weissflogii_0203229036:Thalassiosira_weissflogii_0203261016:Thalassiosira_weissflogii_0201834710:Thalassiosira_weissflogii_0203540620:Thalassiosira_weissflogii_0203294158:Thalassiosira_weissflogii_0203604662:Thalassiosira_weissflogii_0203289348,,,0,0,3,0,0,2,0,1,1,1,0,1,1,1,0,0,2,2,0,0,0,0,0,0,0,0,0,0,0,0,0,VNDDGTIQDPVLGTK,15,70000.0,0,VNDDGTLQDPVLGTK
7,FGGGTIGHPDGIQ,35.23,1254.5992,13,1.1,628.3076,62.84,1530000.0,16,19271,20210114_Weissrot_329_T0_nodigest_DDA_120min_2uL.raw,1,1,tr|A8DP72|A8DP72_THAWE:Thalassiosira_weissflogii_0171383444:tr|A8DP83|A8DP83_THAWE:tr|A0A089VQA3|A0A089VQA3_THAWE,,,0,0,1,0,1,5,1,2,0,0,0,0,1,1,0,0,1,0,0,0,0,0,0,0,0,0,0,0,0,0,0,FGGGTIGHPDGIQ,13,117692.30769230769,0,FGGGTLGHPDGLQ
8,NDDGTIQDPVLGTK,34.47,1471.7155,14,0.8,736.8656,64.89,904000.0,16,20012,20210114_Weissrot_329_T0_nodigest_DDA_120min_2uL.raw,1,1,Thalassiosira_weissflogii_0203382750:Thalassiosira_weissflogii_0203229036:Thalassiosira_weissflogii_0203261016:Thalassiosira_weissflogii_0201834710:Thalassiosira_weissflogii_0203540620:Thalassiosira_weissflogii_0203294158:Thalassiosira_weissflogii_0203604662:Thalassiosira_weissflogii_0203289348,,,0,0,3,0,0,2,0,1,1,1,0,1,1,1,0,0,2,1,0,0,0,0,0,0,0,0,0,0,0,0,0,NDDGTIQDPVLGTK,14,64571.42857142857,0,NDDGTLQDPVLGTK
9,AAIGPGIGQGNAAGQ,34.45,1280.6472,15,2.1,641.3322,55.61,741000.0,16,16903,20210114_Weissrot_329_T0_nodigest_DDA_120min_2uL.raw,1,1,tr|A0A089VKF1|A0A089VKF1_THAWE,,,4,0,0,0,0,5,0,2,0,0,0,1,1,2,0,0,0,0,0,0,0,0,0,0,0,0,0,0,0,0,0,AAIGPGIGQGNAAGQ,15,49400.0,0,AALGPGLGQGNAAGQ
10,FGGGTIGHPDGIQA,33.87,1325.6364,14,1.5,663.8264,68.49,3980000.0,16,21381,20210114_Weissrot_329_T0_nodigest_DDA_120min_2uL.raw,4,4,tr|A8DP72|A8DP72_THAWE:Thalassiosira_weissflogii_0171383444:tr|A8DP83|A8DP83_THAWE:tr|A0A089VQA3|A0A089VQA3_THAWE,,,1,0,1,0,1,5,1,2,0,0,0,0,1,1,0,0,1,0,0,0,0,0,0,0,0,0,0,0,0,0,0,FGGGTIGHPDGIQA,14,284285.71428571426,0,FGGGTLGHPDGLQA
11,VIGQN(+.98)EAVDAVSNAIR,33.54,1655.8478,16,1.6,552.9574,96.47,796000.0,16,31669,20210114_Weissrot_329_T0_nodigest_DDA_120min_2uL.raw,3,3,gi|54036848,Deamidation(N),N5:Deamidation(N):150.63,3,0,1,1,0,1,0,2,0,0,0,2,0,1,1,1,0,3,0,0,0,0,0,0,0,0,1,0,0,0,0,VIGQNEAVDAVSNAIR,16,49750.0,1,VLGQNEAVDAVSNALR
12,NPVLIGEPGVGK,33.09,1178.6659,12,1.4,590.3411,68.68,3270000.0,16,21461,20210114_Weissrot_329_T0_nodigest_DDA_120min_2uL.raw,1,1,gi|54036848,,,0,0,0,1,0,3,0,1,1,1,0,1,2,0,0,0,0,2,0,0,0,0,0,0,0,0,0,0,0,0,0,NPVLIGEPGVGK,12,272500.0,0,NPVLLGEPGVGK
13,VTDAEIAEVLAR,33.05,1285.6877,12,1.7,643.8522,98.07,59300000.0,16,32164,20210114_Weissrot_329_T0_nodigest_DDA_120min_2uL.raw,13,13,gi|54036848,,,3,0,1,2,0,0,0,1,0,1,0,0,0,0,1,0,1,2,0,0,0,0,0,0,0,0,0,0,0,0,0,VTDAEIAEVLAR,12,4941666.666666667,0,VTDAELAEVLAR
14,FSEEQRPGTPQ,33.01,1274.5891,11,2.2,638.3032,37.61,95100.0,16,10949,20210114_Weissrot_329_T0_nodigest_DDA_120min_2uL.raw,1,1,Thalassiosira_weissflogii_0201746798,,,0,0,0,2,1,1,0,0,0,0,0,0,2,2,1,1,1,0,0,0,0,0,0,0,0,0,0,0,0,0,0,FSEEQRPGTPQ,11,8645.454545454546,0,FSEEQRPGTPQ
15,RITP(+15.99)QPGVDPVEA,32.76,1393.7201,13,0.9,697.8679,56.25,7130000.0,16,17103,20210114_Weissrot_329_T0_nodigest_DDA_120min_2uL.raw,3,3,tr|A8DP72|A8DP72_THAWE:Thalassiosira_weissflogii_0171383444:tr|A8DP83|A8DP83_THAWE:tr|A0A089VQA3|A0A089VQA3_THAWE,Oxidation(KPRY),P4:Oxidation(KPRY):19.05,1,0,1,1,0,1,0,1,0,0,0,0,3,1,1,0,1,2,0,0,0,0,0,1,0,0,0,0,0,0,0,RITPQPGVDPVEA,13,548461.5384615385,1,RLTPQPGVDPVEA
16,AIDLIDEAASSIR,32.11,1372.7197,13,1.2,687.368,108.78,97200000.0,16,35411,20210114_Weissrot_329_T0_nodigest_DDA_120min_2uL.raw,15,15,gi|54036848,,,3,0,2,1,0,0,0,3,0,1,0,0,0,0,1,2,0,0,0,0,0,0,0,0,0,0,0,0,0,0,0,AIDLIDEAASSIR,13,7476923.076923077,0,ALDLLDEAASSLR
17,RITP(+15.99)QPGVDPVE,31.58,1322.683,12,1.4,662.3497,50.76,3730000.0,16,15294,20210114_Weissrot_329_T0_nodigest_DDA_120min_2uL.raw,3,3,tr|A8DP72|A8DP72_THAWE:Thalassiosira_weissflogii_0171383444:tr|A8DP83|A8DP83_THAWE:tr|A0A089VQA3|A0A089VQA3_THAWE,Oxidation(KPRY),P4:Oxidation(KPRY):16.66,0,0,1,1,0,1,0,1,0,0,0,0,3,1,1,0,1,2,0,0,0,0,0,1,0,0,0,0,0,0,0,RITPQPGVDPVE,12,310833.3333333333,1,RLTPQPGVDPVE
18,ATGEVKGSY,30.92,910.4396,9,0.7,456.2274,29.14,305000.0,17,5588,20210115_Weissrot_329_T0_nodigest_EThcD_120min_2uL.raw,1,1,tr|A8DP72|A8DP72_THAWE:Thalassiosira_weissflogii_0171383444:tr|A8DP83|A8DP83_THAWE:tr|A0A089VQA3|A0A089VQA3_THAWE,,,1,0,0,1,0,2,0,0,1,0,0,0,0,0,0,1,1,1,0,1,0,0,0,0,0,0,0,0,0,0,0,ATGEVKGSY,9,33888.88888888889,0,ATGEVKGSY
19,AIGPGIGQGNAAGQ,30.86,1209.6101,14,1.8,605.8134,53.56,299000.0,16,16223,20210114_Weissrot_329_T0_nodigest_DDA_120min_2uL.raw,1,1,tr|A0A089VKF1|A0A089VKF1_THAWE,,,3,0,0,0,0,5,0,2,0,0,0,1,1,2,0,0,0,0,0,0,0,0,0,0,0,0,0,0,0,0,0,AIGPGIGQGNAAGQ,14,21357.14285714286,0,ALGPGLGQGNAAGQ
20,Q(-17.03)ELEDLTKGL,30.67,1127.571,10,1.6,564.7937,114.53,1280000.0,16,36748,20210114_Weissrot_329_T0_nodigest_DDA_120min_2uL.raw,2,2,tr|A0A089X953|A0A089X953_THAWE,Pyro-glu from Q,Q1:Pyro-glu from Q:1000.00,0,0,1,2,0,1,0,0,1,3,0,0,0,1,0,0,1,0,0,0,0,0,0,0,0,0,0,0,0,1,0,QELEDLTKGL,10,128000.0,1,QELEDLTKGL
21,DKFDEETK,30.12,1010.4556,8,1.0,506.2356,24.22,1110000.0,16,6262,20210114_Weissrot_329_T0_nodigest_DDA_120min_2uL.raw,1,1,Thalassiosira_weissflogii_0203172898,,,0,0,2,2,1,0,0,0,2,0,0,0,0,0,0,0,1,0,0,0,0,0,0,0,0,0,0,0,0,0,0,DKFDEETK,8,138750.0,0,DKFDEETK
22,NGESRPGTLPGWEGP,30.0,1552.7269,15,1.3,777.3718,83.44,71900.0,16,27183,20210114_Weissrot_329_T0_nodigest_DDA_120min_2uL.raw,1,1,Thalassiosira_weissflogii_0203358160,,,0,0,0,2,0,4,0,0,0,1,0,1,3,0,1,1,1,0,1,0,0,0,0,0,0,0,0,0,0,0,0,NGESRPGTLPGWEGP,15,4793.333333333333,0,NGESRPGTLPGWEGP
23,FGGGTIGHPD,30.0,956.4352,10,0.9,479.2253,47.13,23400000.0,16,14085,20210114_Weissrot_329_T0_nodigest_DDA_120min_2uL.raw,3,3,tr|A8DP72|A8DP72_THAWE:Thalassiosira_weissflogii_0171383444:tr|A8DP83|A8DP83_THAWE:tr|A0A089VQA3|A0A089VQA3_THAWE,,,0,0,1,0,1,4,1,1,0,0,0,0,1,0,0,0,1,0,0,0,0,0,0,0,0,0,0,0,0,0,0,FGGGTIGHPD,10,2340000.0,0,FGGGTLGHPD
24,Q(-17.03)GPDNTPHK,29.77,975.441,9,1.8,488.7286,19.98,1220000.0,16,4247,20210114_Weissrot_329_T0_nodigest_DDA_120min_2uL.raw,2,2,Thalassiosira_weissflogii_0203149732:Thalassiosira_weissflogii_0171415618:Thalassiosira_weissflogii_0201862216,Pyro-glu from Q,Q1:Pyro-glu from Q:1000.00,0,0,1,0,0,1,1,0,1,0,0,1,2,1,0,0,1,0,0,0,0,0,0,0,0,0,0,0,0,1,0,QGPDNTPHK,9,135555.55555555556,1,QGPDNTPHK
25,FDIKDPAT,29.77,905.4494,8,1.2,453.7325,63.89,42000000.0,16,19665,20210114_Weissrot_329_T0_nodigest_DDA_120min_2uL.raw,7,7,tr|A0A089VKD8|A0A089VKD8_THAWE,,,1,0,2,0,1,0,0,1,1,0,0,0,1,0,0,0,1,0,0,0,0,0,0,0,0,0,0,0,0,0,0,FDIKDPAT,8,5250000.0,0,FDLKDPAT
26,R(+15.99)ITPQPGVDPVEAA,29.47,1464.7572,14,0.2,733.386,57.72,2070000.0,16,17561,20210114_Weissrot_329_T0_nodigest_DDA_120min_2uL.raw,1,1,tr|A8DP72|A8DP72_THAWE:Thalassiosira_weissflogii_0171383444:tr|A8DP83|A8DP83_THAWE:tr|A0A089VQA3|A0A089VQA3_THAWE,Oxidation(KPRY),R1:Oxidation(KPRY):8.29,2,0,1,1,0,1,0,1,0,0,0,0,3,1,1,0,1,2,0,0,0,0,0,0,1,0,0,0,0,0,0,RITPQPGVDPVEAA,14,147857.14285714287,1,RLTPQPGVDPVEAA
27,RITP(+15.99)QPGVDPVEAA,29.19,1464.7572,14,0.9,733.3865,57.73,2070000.0,16,17564,20210114_Weissrot_329_T0_nodigest_DDA_120min_2uL.raw,2,2,tr|A8DP72|A8DP72_THAWE:Thalassiosira_weissflogii_0171383444:tr|A8DP83|A8DP83_THAWE:tr|A0A089VQA3|A0A089VQA3_THAWE,Oxidation(KPRY),P4:Oxidation(KPRY):0.00,2,0,1,1,0,1,0,1,0,0,0,0,3,1,1,0,1,2,0,0,0,0,0,1,0,0,0,0,0,0,0,RITPQPGVDPVEAA,14,147857.14285714287,1,RLTPQPGVDPVEAA
28,FGGGTIGHPDG,28.67,1013.4566,11,2.0,507.7366,46.64,42000000.0,16,13912,20210114_Weissrot_329_T0_nodigest_DDA_120min_2uL.raw,3,3,tr|A8DP72|A8DP72_THAWE:Thalassiosira_weissflogii_0171383444:tr|A8DP83|A8DP83_THAWE:tr|A0A089VQA3|A0A089VQA3_THAWE,,,0,0,1,0,1,5,1,1,0,0,0,0,1,0,0,0,1,0,0,0,0,0,0,0,0,0,0,0,0,0,0,FGGGTIGHPDG,11,3818181.8181818184,0,FGGGTLGHPDG
29,NNPVLIGEPGVGK,28.63,1292.7089,13,1.6,647.3627,69.29,110000000.0,16,21692,20210114_Weissrot_329_T0_nodigest_DDA_120min_2uL.raw,3,3,gi|54036848,,,0,0,0,1,0,3,0,1,1,1,0,2,2,0,0,0,0,2,0,0,0,0,0,0,0,0,0,0,0,0,0,NNPVLIGEPGVGK,13,8461538.461538462,0,NNPVLLGEPGVGK
30,GYDPDLPIIGH,28.25,1195.5873,11,1.3,598.8017,107.35,140000000.0,16,34976,20210114_Weissrot_329_T0_nodigest_DDA_120min_2uL.raw,42,42,Thalassiosira_weissflogii_0203258860:Thalassiosira_weissflogii_0203319814:Thalassiosira_weissflogii_0203628344:Thalassiosira_weissflogii_0201860518:Thalassiosira_weissflogii_0203473996,,,0,0,2,0,0,2,1,2,0,1,0,0,2,0,0,0,0,0,0,1,0,0,0,0,0,0,0,0,0,0,0,GYDPDLPIIGH,11,12727272.727272727,0,GYDPDLPLLGH
31,GLPLFDIKDPAT,28.17,1285.6918,12,2.0,643.8544,109.92,301000.0,16,35676,20210114_Weissrot_329_T0_nodigest_DDA_120min_2uL.raw,1,1,tr|A0A089VKD8|A0A089VKD8_THAWE,,,1,0,2,0,1,1,0,1,1,2,0,0,2,0,0,0,1,0,0,0,0,0,0,0,0,0,0,0,0,0,0,GLPLFDIKDPAT,12,25083.333333333332,0,GLPLFDLKDPAT
32,GVHLPGNIDYAGN,28.03,1325.6364,13,0.8,663.826,78.67,618000.0,16,25380,20210114_Weissrot_329_T0_nodigest_DDA_120min_2uL.raw,2,2,Thalassiosira_weissflogii_0201860448,,,1,0,1,0,0,3,1,1,0,1,0,2,1,0,0,0,0,1,0,1,0,0,0,0,0,0,0,0,0,0,0,GVHLPGNIDYAGN,13,47538.46153846154,0,GVHLPGNLDYAGN
33,SEEQRPGTPQ,27.91,1127.5206,10,1.7,564.7686,21.11,415000.0,16,4843,20210114_Weissrot_329_T0_nodigest_DDA_120min_2uL.raw,2,2,Thalassiosira_weissflogii_0201746798,,,0,0,0,2,0,1,0,0,0,0,0,0,2,2,1,1,1,0,0,0,0,0,0,0,0,0,0,0,0,0,0,SEEQRPGTPQ,10,41500.0,0,SEEQRPGTPQ
34,DFRNGAL,27.84,791.3926,7,1.4,396.7041,62.5,388000.0,17,12644,20210115_Weissrot_329_T0_nodigest_EThcD_120min_2uL.raw,2,2,Thalassiosira_weissflogii_0201860448:Thalassiosira_weissflogii_0203264230,,,1,0,1,0,1,1,0,0,0,1,0,1,0,0,1,0,0,0,0,0,0,0,0,0,0,0,0,0,0,0,0,DFRNGAL,7,55428.57142857143,0,DFRNGAL
35,GLMVHEQL,27.53,925.4691,8,-0.2,463.7418,74.37,776000.0,17,15147,20210115_Weissrot_329_T0_nodigest_EThcD_120min_2uL.raw,2,2,Thalassiosira_weissflogii_0201860448:Thalassiosira_weissflogii_0203264230,,,0,0,0,1,0,1,1,0,0,2,1,0,0,1,0,0,0,1,0,0,0,0,0,0,0,0,0,0,0,0,0,GLMVHEQL,8,97000.0,0,GLMVHEQL
36,LAAIGPGIGQGN,27.41,1066.577,12,1.1,534.2964,70.06,115000.0,16,21992,20210114_Weissrot_329_T0_nodigest_DDA_120min_2uL.raw,1,1,tr|A0A089VKF1|A0A089VKF1_THAWE,,,2,0,0,0,0,4,0,2,0,1,0,1,1,1,0,0,0,0,0,0,0,0,0,0,0,0,0,0,0,0,0,LAAIGPGIGQGN,12,9583.333333333334,0,LAALGPGLGQGN
37,EHWEFPDPNQE,27.19,1426.5789,11,2.9,714.2988,85.88,568000.0,16,28098,20210114_Weissrot_329_T0_nodigest_DDA_120min_2uL.raw,1,1,Thalassiosira_weissflogii_0203296644,,,0,0,1,3,1,0,1,0,0,0,0,1,2,1,0,0,0,0,1,0,0,0,0,0,0,0,0,0,0,0,0,EHWEFPDPNQE,11,51636.36363636364,0,EHWEFPDPNQE
38,ELGAQPPLGF,27.08,1027.5338,10,1.4,514.7749,102.77,493000.0,16,33566,20210114_Weissrot_329_T0_nodigest_DDA_120min_2uL.raw,2,2,Thalassiosira_weissflogii_0201860448:Thalassiosira_weissflogii_0203258860:Thalassiosira_weissflogii_0203319814:Thalassiosira_weissflogii_0203628344:Thalassiosira_weissflogii_0201860518:Thalassiosira_weissflogii_0203473996:Thalassiosira_weissflogii_0203172898,,,1,0,0,1,1,2,0,0,0,2,0,0,2,1,0,0,0,0,0,0,0,0,0,0,0,0,0,0,0,0,0,ELGAQPPLGF,10,49300.0,0,ELGAQPPLGF
39,VTEEPIEYHPL,27.05,1325.6503,11,0.7,663.8329,81.38,1270000.0,16,26408,20210114_Weissrot_329_T0_nodigest_DDA_120min_2uL.raw,1,1,Thalassiosira_weissflogii_0201845386,,,0,0,0,3,0,0,1,1,0,1,0,0,2,0,0,0,1,1,0,1,0,0,0,0,0,0,0,0,0,0,0,VTEEPIEYHPL,11,115454.54545454546,0,VTEEPLEYHPL
40,LGYDPDLPIIGH,26.93,1308.6714,12,1.2,655.3438,103.23,3000000.0,16,33686,20210114_Weissrot_329_T0_nodigest_DDA_120min_2uL.raw,5,5,Thalassiosira_weissflogii_0203258860:Thalassiosira_weissflogii_0203319814:Thalassiosira_weissflogii_0203628344:Thalassiosira_weissflogii_0201860518:Thalassiosira_weissflogii_0203473996,,,0,0,2,0,0,2,1,2,0,2,0,0,2,0,0,0,0,0,0,1,0,0,0,0,0,0,0,0,0,0,0,LGYDPDLPIIGH,12,250000.0,0,LGYDPDLPLLGH
41,LGGELPIVGQM,26.89,1112.59,11,1.0,557.3028,113.21,430000.0,16,36444,20210114_Weissrot_329_T0_nodigest_DDA_120min_2uL.raw,2,2,Thalassiosira_weissflogii_0203264230,,,0,0,0,1,0,3,0,1,0,2,1,0,1,1,0,0,0,1,0,0,0,0,0,0,0,0,0,0,0,0,0,LGGELPIVGQM,11,39090.90909090909,0,LGGELPLVGQM
42,ITP(+15.99)QPGVDPVEA,26.89,1237.619,12,0.8,619.8173,60.31,2800000.0,16,18415,20210114_Weissrot_329_T0_nodigest_DDA_120min_2uL.raw,2,2,tr|A8DP72|A8DP72_THAWE:Thalassiosira_weissflogii_0171383444:tr|A8DP83|A8DP83_THAWE:tr|A0A089VQA3|A0A089VQA3_THAWE,Oxidation(KPRY),P3:Oxidation(KPRY):12.19,1,0,1,1,0,1,0,1,0,0,0,0,3,1,0,0,1,2,0,0,0,0,0,1,0,0,0,0,0,0,0,ITPQPGVDPVEA,12,233333.33333333334,1,LTPQPGVDPVEA
43,SGPDAIPGAGL,26.88,953.4818,11,1.4,477.7488,80.06,514000.0,16,25900,20210114_Weissrot_329_T0_nodigest_DDA_120min_2uL.raw,1,1,,,,2,0,1,0,0,3,0,1,0,1,0,0,2,0,0,1,0,0,0,0,0,0,0,0,0,0,0,0,0,0,0,SGPDAIPGAGL,11,46727.27272727273,0,SGPDALPGAGL
44,FRITP(+15.99)QPGVDPVEAA,26.87,1611.8256,15,2.8,806.9223,78.44,664000.0,16,25286,20210114_Weissrot_329_T0_nodigest_DDA_120min_2uL.raw,1,1,tr|A8DP72|A8DP72_THAWE:Thalassiosira_weissflogii_0171383444:tr|A8DP83|A8DP83_THAWE:tr|A0A089VQA3|A0A089VQA3_THAWE,Oxidation(KPRY),P5:Oxidation(KPRY):19.05,2,0,1,1,1,1,0,1,0,0,0,0,3,1,1,0,1,2,0,0,0,0,0,1,0,0,0,0,0,0,0,FRITPQPGVDPVEAA,15,44266.666666666664,1,FRLTPQPGVDPVEAA
45,NGESRPGTLPGWEGPG,26.77,1609.7484,16,1.7,805.8828,80.19,307000.0,16,25948,20210114_Weissrot_329_T0_nodigest_DDA_120min_2uL.raw,1,1,Thalassiosira_weissflogii_0203358160,,,0,0,0,2,0,5,0,0,0,1,0,1,3,0,1,1,1,0,1,0,0,0,0,0,0,0,0,0,0,0,0,NGESRPGTLPGWEGPG,16,19187.5,0,NGESRPGTLPGWEGPG
46,LGGELPIVGPM,26.76,1081.5841,11,1.2,541.8,113.65,435000.0,16,36546,20210114_Weissrot_329_T0_nodigest_DDA_120min_2uL.raw,1,1,Thalassiosira_weissflogii_0203172898,,,0,0,0,1,0,3,0,1,0,2,1,0,2,0,0,0,0,1,0,0,0,0,0,0,0,0,0,0,0,0,0,LGGELPIVGPM,11,39545.454545454544,0,LGGELPLVGPM
47,LFDIKDPAT,26.58,1018.5334,9,1.4,510.2747,82.93,2320000.0,16,26986,20210114_Weissrot_329_T0_nodigest_DDA_120min_2uL.raw,4,4,tr|A0A089VKD8|A0A089VKD8_THAWE,,,1,0,2,0,1,0,0,1,1,1,0,0,1,0,0,0,1,0,0,0,0,0,0,0,0,0,0,0,0,0,0,LFDIKDPAT,9,257777.77777777778,0,LFDLKDPAT
48,YDPDLPIIGH,26.56,1138.5658,10,1.7,570.2911,92.25,17300000.0,16,30309,20210114_Weissrot_329_T0_nodigest_DDA_120min_2uL.raw,5,5,Thalassiosira_weissflogii_0203258860:Thalassiosira_weissflogii_0203319814:Thalassiosira_weissflogii_0203628344:Thalassiosira_weissflogii_0201860518:Thalassiosira_weissflogii_0203473996,,,0,0,2,0,0,1,1,2,0,1,0,0,2,0,0,0,0,0,0,1,0,0,0,0,0,0,0,0,0,0,0,YDPDLPIIGH,10,1730000.0,0,YDPDLPLLGH
49,HAVETEPNK,26.46,1023.4985,9,1.7,512.7574,15.92,13400.0,16,2506,20210114_Weissrot_329_T0_nodigest_DDA_120min_2uL.raw,1,1,Thalassiosira_weissflogii_0203399598,,,1,0,0,2,0,0,1,0,1,0,0,1,1,0,0,0,1,1,0,0,0,0,0,0,0,0,0,0,0,0,0,HAVETEPNK,9,1488.888888888889,0,HAVETEPNK
50,DEKVNPGDIIY,26.34,1261.619,11,1.5,631.8177,82.29,837000.0,16,26746,20210114_Weissrot_329_T0_nodigest_DDA_120min_2uL.raw,1,1,Thalassiosira_weissflogii_0171354626:tr|B5A4Q2|B5A4Q2_THAWE:Thalassiosira_weissflogii_0203566486:Thalassiosira_weissflogii_0203628558,,,0,0,2,1,0,1,0,2,1,0,0,1,1,0,0,0,0,1,0,1,0,0,0,0,0,0,0,0,0,0,0,DEKVNPGDIIY,11,76090.90909090909,0,DEKVNPGDLLY
51,GRVGGGIYT,26.2,878.461,9,0.6,440.238,46.45,233000.0,17,9398,20210115_Weissrot_329_T0_nodigest_EThcD_120min_2uL.raw,1,1,Thalassiosira_weissflogii_0203086342,,,0,0,0,0,0,4,0,1,0,0,0,0,0,0,1,0,1,1,0,1,0,0,0,0,0,0,0,0,0,0,0,GRVGGGIYT,9,25888.88888888889,0,GRVGGGLYT
52,TLRPGDVIG,26.12,926.5185,9,0.4,464.2667,64.72,760000.0,17,13083,20210115_Weissrot_329_T0_nodigest_EThcD_120min_2uL.raw,1,1,Thalassiosira_weissflogii_0171354626:tr|B5A4Q2|B5A4Q2_THAWE:Thalassiosira_weissflogii_0203566486:Thalassiosira_weissflogii_0203628558,,,0,0,1,0,0,2,0,1,0,1,0,0,1,0,1,0,1,1,0,0,0,0,0,0,0,0,0,0,0,0,0,TLRPGDVIG,9,84444.44444444444,0,TLRPGDVLG
53,GLKPSDPEEF,26.03,1117.5291,10,1.0,559.7723,65.52,11600000.0,16,20255,20210114_Weissrot_329_T0_nodigest_DDA_120min_2uL.raw,1,1,Thalassiosira_weissflogii_0201845386,,,0,0,1,2,1,1,0,0,1,1,0,0,2,0,0,1,0,0,0,0,0,0,0,0,0,0,0,0,0,0,0,GLKPSDPEEF,10,1160000.0,0,GLKPSDPEEF
54,AGVHLPGNI,26.01,876.4818,9,1.7,439.2489,81.72,529000.0,17,16668,20210115_Weissrot_329_T0_nodigest_EThcD_120min_2uL.raw,1,1,Thalassiosira_weissflogii_0201860448,,,1,0,0,0,0,2,1,1,0,1,0,1,1,0,0,0,0,1,0,0,0,0,0,0,0,0,0,0,0,0,0,AGVHLPGNI,9,58777.77777777778,0,AGVHLPGNL
55,ITP(+15.99)QPGVDPVE,25.98,1166.5819,11,1.2,584.299,54.8,1170000.0,16,16645,20210114_Weissrot_329_T0_nodigest_DDA_120min_2uL.raw,2,2,tr|A8DP72|A8DP72_THAWE:Thalassiosira_weissflogii_0171383444:tr|A8DP83|A8DP83_THAWE:tr|A0A089VQA3|A0A089VQA3_THAWE,Oxidation(KPRY),P3:Oxidation(KPRY):14.04,0,0,1,1,0,1,0,1,0,0,0,0,3,1,0,0,1,2,0,0,0,0,0,1,0,0,0,0,0,0,0,ITPQPGVDPVE,11,106363.63636363637,1,LTPQPGVDPVE
56,FGGGTIGHP,25.97,841.4082,9,1.2,421.7119,50.52,5600000.0,17,10250,20210115_Weissrot_329_T0_nodigest_EThcD_120min_2uL.raw,2,2,tr|A8DP72|A8DP72_THAWE:Thalassiosira_weissflogii_0171383444:tr|A8DP83|A8DP83_THAWE:tr|A0A089VQA3|A0A089VQA3_THAWE,,,0,0,0,0,1,4,1,1,0,0,0,0,1,0,0,0,1,0,0,0,0,0,0,0,0,0,0,0,0,0,0,FGGGTIGHP,9,622222.2222222222,0,FGGGTLGHP
57,VGDFRNGAL,25.86,947.4824,9,2.2,474.7495,66.01,535000.0,17,13350,20210115_Weissrot_329_T0_nodigest_EThcD_120min_2uL.raw,2,2,Thalassiosira_weissflogii_0201860448:Thalassiosira_weissflogii_0203264230,,,1,0,1,0,1,2,0,0,0,1,0,1,0,0,1,0,0,1,0,0,0,0,0,0,0,0,0,0,0,0,0,VGDFRNGAL,9,59444.444444444445,0,VGDFRNGAL
58,GGDGPEAPSEEK(+14.02)N,25.85,1299.5579,13,1.9,650.7874,24.57,401000.0,16,6408,20210114_Weissrot_329_T0_nodigest_DDA_120min_2uL.raw,1,1,Thalassiosira_weissflogii_0203279580,Methylation(KR),K12:Methylation(KR):1000.00,1,0,1,3,0,3,0,0,1,0,0,1,2,0,0,1,0,0,0,0,0,0,0,0,0,0,0,1,0,0,0,GGDGPEAPSEEKN,13,30846.153846153848,1,GGDGPEAPSEEKN
59,VIGTPRGPNT,25.79,1010.5509,10,0.7,506.2831,38.89,772000.0,17,7773,20210115_Weissrot_329_T0_nodigest_EThcD_120min_2uL.raw,2,2,Thalassiosira_weissflogii_0203149732:Thalassiosira_weissflogii_0171415618:Thalassiosira_weissflogii_0201862216,,,0,0,0,0,0,2,0,1,0,0,0,1,2,0,1,0,2,1,0,0,0,0,0,0,0,0,0,0,0,0,0,VIGTPRGPNT,10,77200.0,0,VLGTPRGPNT
60,VTEEPIEYHP,25.7,1212.5663,10,1.1,607.2911,63.71,6190000.0,16,19594,20210114_Weissrot_329_T0_nodigest_DDA_120min_2uL.raw,2,2,Thalassiosira_weissflogii_0201845386,,,0,0,0,3,0,0,1,1,0,0,0,0,2,0,0,0,1,1,0,1,0,0,0,0,0,0,0,0,0,0,0,VTEEPIEYHP,10,619000.0,0,VTEEPLEYHP
61,AIGPGIGQGN,25.53,882.4559,10,0.8,442.2356,50.87,1990000.0,16,15328,20210114_Weissrot_329_T0_nodigest_DDA_120min_2uL.raw,1,1,tr|A0A089VKF1|A0A089VKF1_THAWE,,,1,0,0,0,0,4,0,2,0,0,0,1,1,1,0,0,0,0,0,0,0,0,0,0,0,0,0,0,0,0,0,AIGPGIGQGN,10,199000.0,0,ALGPGLGQGN
62,SNGRPIEA,25.51,842.4246,8,1.5,422.2202,26.7,2050000.0,16,7263,20210114_Weissrot_329_T0_nodigest_DDA_120min_2uL.raw,1,1,Thalassiosira_weissflogii_0203296644,,,1,0,0,1,0,1,0,1,0,0,0,1,1,0,1,1,0,0,0,0,0,0,0,0,0,0,0,0,0,0,0,SNGRPIEA,8,256250.0,0,SNGRPLEA
63,AGVHLPGNIDYA,25.48,1225.6091,12,0.4,613.8121,86.83,1960000.0,17,17702,20210115_Weissrot_329_T0_nodigest_EThcD_120min_2uL.raw,3,3,Thalassiosira_weissflogii_0201860448,,,2,0,1,0,0,2,1,1,0,1,0,1,1,0,0,0,0,1,0,1,0,0,0,0,0,0,0,0,0,0,0,AGVHLPGNIDYA,12,163333.33333333334,0,AGVHLPGNLDYA
64,SFLPDLTDQ,25.47,1034.4921,9,0.8,518.2537,102.79,476000.0,16,33571,20210114_Weissrot_329_T0_nodigest_DDA_120min_2uL.raw,1,1,tr|A0A089VKD8|A0A089VKD8_THAWE,,,0,0,2,0,1,0,0,0,0,2,0,0,1,1,0,1,1,0,0,0,0,0,0,0,0,0,0,0,0,0,0,SFLPDLTDQ,9,52888.88888888889,0,SFLPDLTDQ
65,AAIGPGIGQGNA,25.45,1024.5302,12,0.6,513.2726,57.95,305000.0,16,17626,20210114_Weissrot_329_T0_nodigest_DDA_120min_2uL.raw,1,1,tr|A0A089VKF1|A0A089VKF1_THAWE,,,3,0,0,0,0,4,0,2,0,0,0,1,1,1,0,0,0,0,0,0,0,0,0,0,0,0,0,0,0,0,0,AAIGPGIGQGNA,12,25416.666666666668,0,AALGPGLGQGNA
66,N(+.98)NPVLIGEPGVGK,25.41,1293.6927,13,1.4,647.8546,71.48,576000.0,16,22493,20210114_Weissrot_329_T0_nodigest_DDA_120min_2uL.raw,3,3,gi|54036848,Deamidation(N),N1:Deamidation(N):8.69,0,0,0,1,0,3,0,1,1,1,0,2,2,0,0,0,0,2,0,0,0,0,0,0,0,0,1,0,0,0,0,NNPVLIGEPGVGK,13,44307.692307692305,1,NNPVLLGEPGVGK
67,AEQDKERYT,25.39,1138.5254,9,0.9,380.5161,20.53,210000.0,17,3481,20210115_Weissrot_329_T0_nodigest_EThcD_120min_2uL.raw,1,1,Thalassiosira_weissflogii_0203571564:Thalassiosira_weissflogii_0203324490,,,1,0,1,2,0,0,0,0,1,0,0,0,0,1,1,0,1,0,0,1,0,0,0,0,0,0,0,0,0,0,0,AEQDKERYT,9,23333.333333333332,0,AEQDKERYT
68,TGEVKGSY,25.28,839.4025,8,1.0,420.7089,27.3,2940000.0,17,5159,20210115_Weissrot_329_T0_nodigest_EThcD_120min_2uL.raw,2,2,tr|A8DP72|A8DP72_THAWE:Thalassiosira_weissflogii_0171383444:tr|A8DP83|A8DP83_THAWE:tr|A0A089VQA3|A0A089VQA3_THAWE,,,0,0,0,1,0,2,0,0,1,0,0,0,0,0,0,1,1,1,0,1,0,0,0,0,0,0,0,0,0,0,0,TGEVKGSY,8,367500.0,0,TGEVKGSY
69,NGESRPGTLP,25.23,1026.5094,10,0.5,514.2622,44.88,4540000.0,17,9071,20210115_Weissrot_329_T0_nodigest_EThcD_120min_2uL.raw,5,5,Thalassiosira_weissflogii_0203358160,,,0,0,0,1,0,2,0,0,0,1,0,1,2,0,1,1,1,0,0,0,0,0,0,0,0,0,0,0,0,0,0,NGESRPGTLP,10,454000.0,0,NGESRPGTLP
70,Q(-17.03)FGGGTIGHPDGIQ,25.22,1365.6313,14,2.5,683.8246,84.76,25100.0,16,27685,20210114_Weissrot_329_T0_nodigest_DDA_120min_2uL.raw,1,1,tr|A8DP72|A8DP72_THAWE:Thalassiosira_weissflogii_0171383444:tr|A8DP83|A8DP83_THAWE:tr|A0A089VQA3|A0A089VQA3_THAWE,Pyro-glu from Q,Q1:Pyro-glu from Q:1000.00,0,0,1,0,1,5,1,2,0,0,0,0,1,2,0,0,1,0,0,0,0,0,0,0,0,0,0,0,0,1,0,QFGGGTIGHPDGIQ,14,1792.857142857143,1,QFGGGTLGHPDGLQ
71,FNGESRPGTLP,25.17,1173.5778,11,1.5,587.7971,59.25,5250000.0,16,18077,20210114_Weissrot_329_T0_nodigest_DDA_120min_2uL.raw,5,5,Thalassiosira_weissflogii_0203358160,,,0,0,0,1,1,2,0,0,0,1,0,1,2,0,1,1,1,0,0,0,0,0,0,0,0,0,0,0,0,0,0,FNGESRPGTLP,11,477272.7272727273,0,FNGESRPGTLP
72,LMVHEQL,25.13,868.4477,7,0.4,435.2313,67.28,1190000.0,17,13610,20210115_Weissrot_329_T0_nodigest_EThcD_120min_2uL.raw,2,2,Thalassiosira_weissflogii_0201860448:Thalassiosira_weissflogii_0203264230,,,0,0,0,1,0,0,1,0,0,2,1,0,0,1,0,0,0,1,0,0,0,0,0,0,0,0,0,0,0,0,0,LMVHEQL,7,170000.0,0,LMVHEQL
73,ITP(+15.99)QPGVDPVEAA,25.04,1308.6561,13,0.4,655.3356,62.67,1080000.0,16,19205,20210114_Weissrot_329_T0_nodigest_DDA_120min_2uL.raw,1,1,tr|A8DP72|A8DP72_THAWE:Thalassiosira_weissflogii_0171383444:tr|A8DP83|A8DP83_THAWE:tr|A0A089VQA3|A0A089VQA3_THAWE,Oxidation(KPRY),P3:Oxidation(KPRY):14.04,2,0,1,1,0,1,0,1,0,0,0,0,3,1,0,0,1,2,0,0,0,0,0,1,0,0,0,0,0,0,0,ITPQPGVDPVEAA,13,83076.92307692308,1,LTPQPGVDPVEAA
74,SGGSTGERPF,24.96,993.4515,10,1.3,497.7337,43.23,1410000.0,16,12778,20210114_Weissrot_329_T0_nodigest_DDA_120min_2uL.raw,1,1,tr|A0A089X953|A0A089X953_THAWE,,,0,0,0,1,1,3,0,0,0,0,0,0,1,0,1,2,1,0,0,0,0,0,0,0,0,0,0,0,0,0,0,SGGSTGERPF,10,141000.0,0,SGGSTGERPF
75,AAIGPGIGQGNAA,24.96,1095.5673,13,1.6,548.7918,58.43,3290000.0,16,17789,20210114_Weissrot_329_T0_nodigest_DDA_120min_2uL.raw,3,3,tr|A0A089VKF1|A0A089VKF1_THAWE,,,4,0,0,0,0,4,0,2,0,0,0,1,1,1,0,0,0,0,0,0,0,0,0,0,0,0,0,0,0,0,0,AAIGPGIGQGNAA,13,253076.92307692306,0,AALGPGLGQGNAA
76,VVAPDPDK,24.73,839.4388,8,1.1,420.7271,28.83,3000000.0,16,8013,20210114_Weissrot_329_T0_nodigest_DDA_120min_2uL.raw,1,1,Thalassiosira_weissflogii_0171348692:tr|A0A089VIP5|A0A089VIP5_THAWE,,,1,0,2,0,0,0,0,0,1,0,0,0,2,0,0,0,0,2,0,0,0,0,0,0,0,0,0,0,0,0,0,VVAPDPDK,8,375000.0,0,VVAPDPDK
77,AIQQQIENPLAQQILSGELVPGK,24.72,2473.354,23,2.0,1237.6868,123.46,7520000.0,16,38530,20210114_Weissrot_329_T0_nodigest_DDA_120min_2uL.raw,2,2,gi|54036848,,,2,0,0,2,0,2,0,3,1,3,0,1,2,5,0,1,0,1,0,0,0,0,0,0,0,0,0,0,0,0,0,AIQQQIENPLAQQILSGELVPGK,23,326956.52173913043,0,ALQQQLENPLAQQLLSGELVPGK
78,AQDQPHENF,24.65,1084.4574,9,1.8,543.2369,41.07,1020000.0,17,8253,20210115_Weissrot_329_T0_nodigest_EThcD_120min_2uL.raw,1,1,,,,1,0,1,1,1,0,1,0,0,0,0,1,1,2,0,0,0,0,0,0,0,0,0,0,0,0,0,0,0,0,0,AQDQPHENF,9,113333.33333333333,0,AQDQPHENF
79,TDDPHPRNNY,24.63,1227.5269,10,0.9,410.1833,24.48,1620000.0,17,4471,20210115_Weissrot_329_T0_nodigest_EThcD_120min_2uL.raw,1,1,tr|A0A089VKD8|A0A089VKD8_THAWE,,,0,0,2,0,0,0,1,0,0,0,0,2,2,0,1,0,1,0,0,1,0,0,0,0,0,0,0,0,0,0,0,TDDPHPRNNY,10,162000.0,0,TDDPHPRNNY
80,LGGELPIVGQM(+15.99),24.6,1128.5848,11,1.3,565.3004,89.06,215000.0,16,29250,20210114_Weissrot_329_T0_nodigest_DDA_120min_2uL.raw,2,2,Thalassiosira_weissflogii_0203264230,Oxidation (M),M11:Oxidation (M):1000.00,0,0,0,1,0,3,0,1,0,2,1,0,1,1,0,0,0,1,0,0,0,1,0,0,0,0,0,0,0,0,0,LGGELPIVGQM,11,19545.454545454544,1,LGGELPLVGQM
81,FETDPIRDPNN,24.48,1316.5996,11,1.2,659.3079,57.23,644000.0,16,17403,20210114_Weissrot_329_T0_nodigest_DDA_120min_2uL.raw,1,1,Thalassiosira_weissflogii_0201855056:Thalassiosira_weissflogii_0203217746,,,0,0,2,1,1,0,0,1,0,0,0,2,2,0,1,0,1,0,0,0,0,0,0,0,0,0,0,0,0,0,0,FETDPIRDPNN,11,58545.454545454544,0,FETDPLRDPNN
82,GVHLPGNIDYA,24.48,1154.572,11,0.3,578.2935,85.4,6760000.0,17,17407,20210115_Weissrot_329_T0_nodigest_EThcD_120min_2uL.raw,3,3,Thalassiosira_weissflogii_0201860448,,,1,0,1,0,0,2,1,1,0,1,0,1,1,0,0,0,0,1,0,1,0,0,0,0,0,0,0,0,0,0,0,GVHLPGNIDYA,11,614545.4545454546,0,GVHLPGNLDYA
83,GYDPDLPIIGHLQ,24.39,1436.73,13,1.3,719.3732,110.84,1550000.0,16,35893,20210114_Weissrot_329_T0_nodigest_DDA_120min_2uL.raw,3,3,Thalassiosira_weissflogii_0203258860:Thalassiosira_weissflogii_0203319814:Thalassiosira_weissflogii_0203628344:Thalassiosira_weissflogii_0201860518:Thalassiosira_weissflogii_0203473996,,,0,0,2,0,0,2,1,2,0,2,0,0,2,1,0,0,0,0,0,1,0,0,0,0,0,0,0,0,0,0,0,GYDPDLPIIGHLQ,13,119230.76923076923,0,GYDPDLPLLGHLQ
84,GGGTIGHPDG,24.36,866.3882,10,1.3,434.202,24.22,65500000.0,17,4412,20210115_Weissrot_329_T0_nodigest_EThcD_120min_2uL.raw,2,2,tr|A8DP72|A8DP72_THAWE:Thalassiosira_weissflogii_0171383444:tr|A8DP83|A8DP83_THAWE:tr|A0A089VQA3|A0A089VQA3_THAWE,,,0,0,1,0,0,5,1,1,0,0,0,0,1,0,0,0,1,0,0,0,0,0,0,0,0,0,0,0,0,0,0,GGGTIGHPDG,10,6550000.0,0,GGGTLGHPDG
85,GLKPSDPEE,24.33,970.4607,9,1.0,486.2381,33.27,16700000.0,16,9505,20210114_Weissrot_329_T0_nodigest_DDA_120min_2uL.raw,1,1,Thalassiosira_weissflogii_0201845386,,,0,0,1,2,0,1,0,0,1,1,0,0,2,0,0,1,0,0,0,0,0,0,0,0,0,0,0,0,0,0,0,GLKPSDPEE,9,1855555.5555555555,0,GLKPSDPEE
86,HWEFPDPNQE,24.32,1297.5364,10,1.3,649.7763,84.96,859000.0,16,27762,20210114_Weissrot_329_T0_nodigest_DDA_120min_2uL.raw,1,1,Thalassiosira_weissflogii_0203296644,,,0,0,1,2,1,0,1,0,0,0,0,1,2,1,0,0,0,0,1,0,0,0,0,0,0,0,0,0,0,0,0,HWEFPDPNQE,10,85900.0,0,HWEFPDPNQE
87,SGGSTGERP,24.31,846.3831,9,1.6,424.1995,16.77,657000.0,16,2858,20210114_Weissrot_329_T0_nodigest_DDA_120min_2uL.raw,1,1,tr|A0A089X953|A0A089X953_THAWE,,,0,0,0,1,0,3,0,0,0,0,0,0,1,0,1,2,1,0,0,0,0,0,0,0,0,0,0,0,0,0,0,SGGSTGERP,9,73000.0,0,SGGSTGERP
88,AIGPGIGQGNAA,24.3,1024.5302,12,0.1,513.2724,57.88,1310000.0,17,11717,20210115_Weissrot_329_T0_nodigest_EThcD_120min_2uL.raw,2,2,tr|A0A089VKF1|A0A089VKF1_THAWE,,,3,0,0,0,0,4,0,2,0,0,0,1,1,1,0,0,0,0,0,0,0,0,0,0,0,0,0,0,0,0,0,AIGPGIGQGNAA,12,109166.66666666667,0,ALGPGLGQGNAA
89,GVHLPGNI,24.3,805.4446,8,0.7,403.7299,79.34,4540000.0,17,16187,20210115_Weissrot_329_T0_nodigest_EThcD_120min_2uL.raw,1,1,Thalassiosira_weissflogii_0201860448,,,0,0,0,0,0,2,1,1,0,1,0,1,1,0,0,0,0,1,0,0,0,0,0,0,0,0,0,0,0,0,0,GVHLPGNI,8,567500.0,0,GVHLPGNL
90,NSPGAGNVIRVT,24.28,1183.6309,12,0.6,592.8231,56.37,195000.0,16,17135,20210114_Weissrot_329_T0_nodigest_DDA_120min_2uL.raw,1,1,Thalassiosira_weissflogii_0203296644,,,1,0,0,0,0,2,0,1,0,0,0,2,1,0,1,1,1,2,0,0,0,0,0,0,0,0,0,0,0,0,0,NSPGAGNVIRVT,12,16250.0,0,NSPGAGNVLRVT
91,GGELPIVGPM,24.27,968.5001,10,0.8,485.2577,103.96,492000.0,16,33883,20210114_Weissrot_329_T0_nodigest_DDA_120min_2uL.raw,1,1,Thalassiosira_weissflogii_0203172898,,,0,0,0,1,0,3,0,1,0,1,1,0,2,0,0,0,0,1,0,0,0,0,0,0,0,0,0,0,0,0,0,GGELPIVGPM,10,49200.0,0,GGELPLVGPM
92,ASEVDVVDGPN,24.27,1100.4985,11,1.1,551.2571,53.87,120000.0,16,16326,20210114_Weissrot_329_T0_nodigest_DDA_120min_2uL.raw,1,1,Thalassiosira_weissflogii_0171425196:Thalassiosira_weissflogii_0203276752,,,1,0,2,1,0,1,0,0,0,0,0,1,1,0,0,1,0,3,0,0,0,0,0,0,0,0,0,0,0,0,0,ASEVDVVDGPN,11,10909.09090909091,0,ASEVDVVDGPN
93,DDADQERFD,24.25,1109.4261,9,1.1,555.7209,39.13,4270000.0,16,11441,20210114_Weissrot_329_T0_nodigest_DDA_120min_2uL.raw,2,2,Thalassiosira_weissflogii_0201860448,,,1,0,4,1,1,0,0,0,0,0,0,0,0,1,1,0,0,0,0,0,0,0,0,0,0,0,0,0,0,0,0,DDADQERFD,9,474444.44444444444,0,DDADQERFD
94,RDVPGTGN,24.18,814.3933,8,2.8,408.2051,20.44,1140000.0,16,4487,20210114_Weissrot_329_T0_nodigest_DDA_120min_2uL.raw,1,1,Thalassiosira_weissflogii_0203258860:Thalassiosira_weissflogii_0203319814:Thalassiosira_weissflogii_0203628344:Thalassiosira_weissflogii_0201860518:Thalassiosira_weissflogii_0203473996,,,0,0,1,0,0,2,0,0,0,0,0,1,1,0,1,0,1,1,0,0,0,0,0,0,0,0,0,0,0,0,0,RDVPGTGN,8,142500.0,0,RDVPGTGN
95,GQNEAVDAVSNAIR,24.15,1442.7113,14,2.2,722.3645,90.7,60300.0,16,29779,20210114_Weissrot_329_T0_nodigest_DDA_120min_2uL.raw,2,2,gi|54036848,,,3,0,1,1,0,1,0,1,0,0,0,2,0,1,1,1,0,2,0,0,0,0,0,0,0,0,0,0,0,0,0,GQNEAVDAVSNAIR,14,4307.142857142857,0,GQNEAVDAVSNALR
96,AGVHLPGNIDY,24.12,1154.572,11,1.7,578.2943,86.63,2900000.0,16,28374,20210114_Weissrot_329_T0_nodigest_DDA_120min_2uL.raw,2,2,Thalassiosira_weissflogii_0201860448,,,1,0,1,0,0,2,1,1,0,1,0,1,1,0,0,0,0,1,0,1,0,0,0,0,0,0,0,0,0,0,0,AGVHLPGNIDY,11,263636.36363636365,0,AGVHLPGNLDY
97,TIGHPDGIQA,24.11,1007.5036,10,0.7,504.7594,49.99,251000.0,17,10131,20210115_Weissrot_329_T0_nodigest_EThcD_120min_2uL.raw,1,1,tr|A8DP72|A8DP72_THAWE:Thalassiosira_weissflogii_0171383444:tr|A8DP83|A8DP83_THAWE:tr|A0A089VQA3|A0A089VQA3_THAWE,,,1,0,1,0,0,2,1,2,0,0,0,0,1,1,0,0,1,0,0,0,0,0,0,0,0,0,0,0,0,0,0,TIGHPDGIQA,10,25100.0,0,TLGHPDGLQA
98,Q(-17.03)NEAVDAVSNAIR,24.03,1368.6633,13,1.2,685.3398,93.28,208000.0,16,30677,20210114_Weissrot_329_T0_nodigest_DDA_120min_2uL.raw,1,1,gi|54036848,Pyro-glu from Q,Q1:Pyro-glu from Q:1000.00,3,0,1,1,0,0,0,1,0,0,0,2,0,1,1,1,0,2,0,0,0,0,0,0,0,0,0,0,0,1,0,QNEAVDAVSNAIR,13,16000.0,1,QNEAVDAVSNALR
99,GLLDDADQERF,24.01,1277.5887,11,0.6,639.8021,89.37,189000.0,16,29353,20210114_Weissrot_329_T0_nodigest_DDA_120min_2uL.raw,1,1,Thalassiosira_weissflogii_0201860448,,,1,0,3,1,1,1,0,0,0,2,0,0,0,1,1,0,0,0,0,0,0,0,0,0,0,0,0,0,0,0,0,GLLDDADQERF,11,17181.81818181818,0,GLLDDADQERF
100,EDLTKGL,24.0,774.4123,7,1.0,388.2138,61.74,842000.0,17,12492,20210115_Weissrot_329_T0_nodigest_EThcD_120min_2uL.raw,1,1,tr|A0A089X953|A0A089X953_THAWE,,,0,0,1,1,0,1,0,0,1,2,0,0,0,0,0,0,1,0,0,0,0,0,0,0,0,0,0,0,0,0,0,EDLTKGL,7,120285.71428571429,0,EDLTKGL
101,LDAGEIIH,23.98,866.4498,8,0.6,434.2324,67.39,550000.0,17,13632,20210115_Weissrot_329_T0_nodigest_EThcD_120min_2uL.raw,1,1,Thalassiosira_weissflogii_0201819716,,,1,0,1,1,0,1,1,2,0,1,0,0,0,0,0,0,0,0,0,0,0,0,0,0,0,0,0,0,0,0,0,LDAGEIIH,8,68750.0,0,LDAGELLH
102,EAPQNPKAN,23.96,967.4723,9,1.6,484.7442,15.87,50300.0,16,2486,20210114_Weissrot_329_T0_nodigest_DDA_120min_2uL.raw,1,1,Thalassiosira_weissflogii_0171449500,,,2,0,0,1,0,0,0,0,1,0,0,2,2,1,0,0,0,0,0,0,0,0,0,0,0,0,0,0,0,0,0,EAPQNPKAN,9,5588.888888888889,0,EAPQNPKAN
103,HDSIGVGEDGPT,23.87,1182.5153,12,0.9,592.2654,47.2,134000.0,16,14107,20210114_Weissrot_329_T0_nodigest_DDA_120min_2uL.raw,1,1,Thalassiosira_weissflogii_0203598492:Thalassiosira_weissflogii_0201769984,,,0,0,2,1,0,3,1,1,0,0,0,0,1,0,0,1,1,1,0,0,0,0,0,0,0,0,0,0,0,0,0,HDSIGVGEDGPT,12,11166.666666666666,0,HDSLGVGEDGPT
104,AGIHLPGNIDTA,23.85,1177.6091,12,1.3,589.8126,84.99,885000.0,17,17323,20210115_Weissrot_329_T0_nodigest_EThcD_120min_2uL.raw,1,1,Thalassiosira_weissflogii_0203172898,,,2,0,1,0,0,2,1,2,0,1,0,1,1,0,0,0,1,0,0,0,0,0,0,0,0,0,0,0,0,0,0,AGIHLPGNIDTA,12,73750.0,0,AGLHLPGNLDTA
105,FDPSTLPVQF,23.79,1149.5706,10,1.3,575.7933,115.5,203000.0,16,36966,20210114_Weissrot_329_T0_nodigest_DDA_120min_2uL.raw,1,1,Thalassiosira_weissflogii_0201845386,,,0,0,1,0,2,0,0,0,0,1,0,0,2,1,0,1,1,1,0,0,0,0,0,0,0,0,0,0,0,0,0,FDPSTLPVQF,10,20300.0,0,FDPSTLPVQF
106,GVHLPGNIDY,23.73,1083.5349,10,0.8,542.7751,86.55,21400000.0,17,17646,20210115_Weissrot_329_T0_nodigest_EThcD_120min_2uL.raw,2,2,Thalassiosira_weissflogii_0201860448,,,0,0,1,0,0,2,1,1,0,1,0,1,1,0,0,0,0,1,0,1,0,0,0,0,0,0,0,0,0,0,0,GVHLPGNIDY,10,2140000.0,0,GVHLPGNLDY
107,ITPQPGVDP(+15.99)VEA,23.64,1237.619,12,1.3,619.8176,61.83,1580000.0,17,12510,20210115_Weissrot_329_T0_nodigest_EThcD_120min_2uL.raw,1,1,tr|A8DP72|A8DP72_THAWE:Thalassiosira_weissflogii_0171383444:tr|A8DP83|A8DP83_THAWE:tr|A0A089VQA3|A0A089VQA3_THAWE,Oxidation(KPRY),P9:Oxidation(KPRY):0.00,1,0,1,1,0,1,0,1,0,0,0,0,3,1,0,0,1,2,0,0,0,0,0,1,0,0,0,0,0,0,0,ITPQPGVDPVEA,12,131666.66666666666,1,LTPQPGVDPVEA
108,GGELPIVGQM,23.63,999.5059,10,1.3,500.7609,105.06,1180000.0,16,34321,20210114_Weissrot_329_T0_nodigest_DDA_120min_2uL.raw,4,4,Thalassiosira_weissflogii_0203264230,,,0,0,0,1,0,3,0,1,0,1,1,0,1,1,0,0,0,1,0,0,0,0,0,0,0,0,0,0,0,0,0,GGELPIVGQM,10,118000.0,0,GGELPLVGQM
109,AAIGPGIGQGN,23.62,953.493,11,1.4,477.7545,53.51,2550000.0,16,16210,20210114_Weissrot_329_T0_nodigest_DDA_120min_2uL.raw,1,1,tr|A0A089VKF1|A0A089VKF1_THAWE,,,2,0,0,0,0,4,0,2,0,0,0,1,1,1,0,0,0,0,0,0,0,0,0,0,0,0,0,0,0,0,0,AAIGPGIGQGN,11,231818.18181818182,0,AALGPGLGQGN
110,FGWDDFDEETK,23.54,1387.5568,11,1.2,694.7865,99.33,443000.0,16,32502,20210114_Weissrot_329_T0_nodigest_DDA_120min_2uL.raw,1,1,Thalassiosira_weissflogii_0203258860:Thalassiosira_weissflogii_0203319814:Thalassiosira_weissflogii_0203628344:Thalassiosira_weissflogii_0201860518:Thalassiosira_weissflogii_0203473996,,,0,0,3,2,2,1,0,0,1,0,0,0,0,0,0,0,1,0,1,0,0,0,0,0,0,0,0,0,0,0,0,FGWDDFDEETK,11,40272.72727272727,0,FGWDDFDEETK
111,TDAEIAEVLAR,23.5,1186.6194,11,1.7,594.318,97.42,57300.0,16,31967,20210114_Weissrot_329_T0_nodigest_DDA_120min_2uL.raw,2,2,gi|54036848,,,3,0,1,2,0,0,0,1,0,1,0,0,0,0,1,0,1,1,0,0,0,0,0,0,0,0,0,0,0,0,0,TDAEIAEVLAR,11,5209.090909090909,0,TDAELAEVLAR
112,GVMKDVTGEA,23.46,1005.4801,10,0.6,503.7476,57.09,194000.0,17,11559,20210115_Weissrot_329_T0_nodigest_EThcD_120min_2uL.raw,2,2,Thalassiosira_weissflogii_0203264230,,,1,0,1,1,0,2,0,0,1,0,1,0,0,0,0,0,1,2,0,0,0,0,0,0,0,0,0,0,0,0,0,GVMKDVTGEA,10,19400.0,0,GVMKDVTGEA
113,ADVDEGVVIGY,23.39,1135.5397,11,1.2,568.7778,87.37,2270000.0,16,28645,20210114_Weissrot_329_T0_nodigest_DDA_120min_2uL.raw,2,2,Thalassiosira_weissflogii_0203602526:Thalassiosira_weissflogii_0203565880,,,1,0,2,1,0,2,0,1,0,0,0,0,0,0,0,0,0,3,0,1,0,0,0,0,0,0,0,0,0,0,0,ADVDEGVVIGY,11,206363.63636363635,0,ADVDEGVVLGY
114,TEAPQNPKAN,23.27,1068.52,10,0.9,535.2678,18.39,1070000.0,16,3541,20210114_Weissrot_329_T0_nodigest_DDA_120min_2uL.raw,1,1,Thalassiosira_weissflogii_0171449500,,,2,0,0,1,0,0,0,0,1,0,0,2,2,1,0,0,1,0,0,0,0,0,0,0,0,0,0,0,0,0,0,TEAPQNPKAN,10,107000.0,0,TEAPQNPKAN
115,KDVTGEAEF,23.22,994.4607,9,1.3,498.2383,54.05,1320000.0,16,16385,20210114_Weissrot_329_T0_nodigest_DDA_120min_2uL.raw,1,1,Thalassiosira_weissflogii_0203264230,,,1,0,1,2,1,1,0,0,1,0,0,0,0,0,0,0,1,1,0,0,0,0,0,0,0,0,0,0,0,0,0,KDVTGEAEF,9,146666.66666666666,0,KDVTGEAEF
116,GTPRPNEY,23.2,932.4352,8,-1.1,467.2244,35.04,797000.0,17,6918,20210115_Weissrot_329_T0_nodigest_EThcD_120min_2uL.raw,1,1,tr|A0A089X953|A0A089X953_THAWE,,,0,0,0,1,0,1,0,0,0,0,0,1,2,0,1,0,1,0,0,1,0,0,0,0,0,0,0,0,0,0,0,GTPRPNEY,8,99625.0,0,GTPRPNEY
117,AGVHLPGNIDYAGDS,23.12,1484.6896,15,0.2,743.3522,83.17,147000.0,17,16963,20210115_Weissrot_329_T0_nodigest_EThcD_120min_2uL.raw,1,1,,,,2,0,2,0,0,3,1,1,0,1,0,1,1,0,0,1,0,1,0,1,0,0,0,0,0,0,0,0,0,0,0,AGVHLPGNIDYAGDS,15,9800.0,0,AGVHLPGNLDYAGDS
118,GVGAVGGGGM(+15.99),23.12,776.3487,10,-3.5,389.1803,43.3,143000.0,17,8730,20210115_Weissrot_329_T0_nodigest_EThcD_120min_2uL.raw,1,1,Thalassiosira_weissflogii_0203382698,Oxidation (M),M10:Oxidation (M):1000.00,1,0,0,0,0,6,0,0,0,0,1,0,0,0,0,0,0,2,0,0,0,1,0,0,0,0,0,0,0,0,0,GVGAVGGGGM,10,14300.0,1,GVGAVGGGGM
119,NGESRPGTLPG,23.12,1083.5309,11,0.1,542.7728,38.8,242000.0,17,7753,20210115_Weissrot_329_T0_nodigest_EThcD_120min_2uL.raw,1,1,Thalassiosira_weissflogii_0203358160,,,0,0,0,1,0,3,0,0,0,1,0,1,2,0,1,1,1,0,0,0,0,0,0,0,0,0,0,0,0,0,0,NGESRPGTLPG,11,22000.0,0,NGESRPGTLPG
120,Q(-17.03)FGGGTIGHPDG,23.05,1124.4886,12,2.3,563.2529,72.25,262000.0,16,22774,20210114_Weissrot_329_T0_nodigest_DDA_120min_2uL.raw,1,1,tr|A8DP72|A8DP72_THAWE:Thalassiosira_weissflogii_0171383444:tr|A8DP83|A8DP83_THAWE:tr|A0A089VQA3|A0A089VQA3_THAWE,Pyro-glu from Q,Q1:Pyro-glu from Q:1000.00,0,0,1,0,1,5,1,1,0,0,0,0,1,1,0,0,1,0,0,0,0,0,0,0,0,0,0,0,0,1,0,QFGGGTIGHPDG,12,21833.333333333332,1,QFGGGTLGHPDG
121,HLPGNID,22.97,764.3817,7,0.4,383.1983,49.29,509000.0,17,9990,20210115_Weissrot_329_T0_nodigest_EThcD_120min_2uL.raw,1,1,Thalassiosira_weissflogii_0201860448:Thalassiosira_weissflogii_0203172898,,,0,0,1,0,0,1,1,1,0,1,0,1,1,0,0,0,0,0,0,0,0,0,0,0,0,0,0,0,0,0,0,HLPGNID,7,72714.28571428571,0,HLPGNLD
122,LGYDPDLPIIGHLQ,22.88,1549.814,14,2.5,775.9162,117.74,115000.0,16,37414,20210114_Weissrot_329_T0_nodigest_DDA_120min_2uL.raw,2,2,Thalassiosira_weissflogii_0203258860:Thalassiosira_weissflogii_0203319814:Thalassiosira_weissflogii_0203628344:Thalassiosira_weissflogii_0201860518:Thalassiosira_weissflogii_0203473996,,,0,0,2,0,0,2,1,2,0,3,0,0,2,1,0,0,0,0,0,1,0,0,0,0,0,0,0,0,0,0,0,LGYDPDLPIIGHLQ,14,8214.285714285714,0,LGYDPDLPLLGHLQ
123,GYDFIPGKL,22.86,1008.528,9,1.1,505.2718,100.2,270000.0,16,32743,20210114_Weissrot_329_T0_nodigest_DDA_120min_2uL.raw,2,2,Thalassiosira_weissflogii_0203204228,,,0,0,1,0,1,2,0,1,1,1,0,0,1,0,0,0,0,0,0,1,0,0,0,0,0,0,0,0,0,0,0,GYDFIPGKL,9,30000.0,0,GYDFLPGKL
124,GIHLPGNIDT,22.84,1035.5349,10,-0.6,518.7744,82.66,584000.0,17,16859,20210115_Weissrot_329_T0_nodigest_EThcD_120min_2uL.raw,3,3,Thalassiosira_weissflogii_0203172898,,,0,0,1,0,0,2,1,2,0,1,0,1,1,0,0,0,1,0,0,0,0,0,0,0,0,0,0,0,0,0,0,GIHLPGNIDT,10,58400.0,0,GLHLPGNLDT
125,AISGPDAIPGAG,22.8,1024.5189,12,2.4,513.2679,67.8,758000.0,17,13716,20210115_Weissrot_329_T0_nodigest_EThcD_120min_2uL.raw,1,1,,,,3,0,1,0,0,3,0,2,0,0,0,0,2,0,0,1,0,0,0,0,0,0,0,0,0,0,0,0,0,0,0,AISGPDAIPGAG,12,63166.666666666664,0,ALSGPDALPGAG
126,GVGGGNDERE,22.73,988.421,10,1.5,495.2185,17.31,182000.0,16,3109,20210114_Weissrot_329_T0_nodigest_DDA_120min_2uL.raw,1,1,Thalassiosira_weissflogii_0203323600:Thalassiosira_weissflogii_0203107868:Thalassiosira_weissflogii_0203169094:tr|A0A089VP72|A0A089VP72_THAWE,,,0,0,1,2,0,4,0,0,0,0,0,1,0,0,1,0,0,1,0,0,0,0,0,0,0,0,0,0,0,0,0,GVGGGNDERE,10,18200.0,0,GVGGGNDERE
127,GGTIGHPD,22.71,752.3453,8,1.6,377.1805,23.58,253000.0,17,4257,20210115_Weissrot_329_T0_nodigest_EThcD_120min_2uL.raw,1,1,tr|A8DP72|A8DP72_THAWE:Thalassiosira_weissflogii_0171383444:tr|A8DP83|A8DP83_THAWE:tr|A0A089VQA3|A0A089VQA3_THAWE,,,0,0,1,0,0,3,1,1,0,0,0,0,1,0,0,0,1,0,0,0,0,0,0,0,0,0,0,0,0,0,0,GGTIGHPD,8,31625.0,0,GGTLGHPD
128,KASPDSDLK,22.7,959.4923,9,1.8,480.7543,18.94,114000.0,16,3756,20210114_Weissrot_329_T0_nodigest_DDA_120min_2uL.raw,1,1,Thalassiosira_weissflogii_0203086342,,,1,0,2,0,0,0,0,0,2,1,0,0,1,0,0,2,0,0,0,0,0,0,0,0,0,0,0,0,0,0,0,KASPDSDLK,9,12666.666666666666,0,KASPDSDLK
129,ALDFGWDKF,22.65,1097.5182,9,2.6,549.7678,118.8,201000.0,16,37625,20210114_Weissrot_329_T0_nodigest_DDA_120min_2uL.raw,1,1,Thalassiosira_weissflogii_0201860448,,,1,0,2,0,2,1,0,0,1,1,0,0,0,0,0,0,0,0,1,0,0,0,0,0,0,0,0,0,0,0,0,ALDFGWDKF,9,22333.333333333332,0,ALDFGWDKF
130,FGGGTIGHPDGIQAGA,22.64,1453.6949,16,1.7,727.856,65.44,109000.0,16,20224,20210114_Weissrot_329_T0_nodigest_DDA_120min_2uL.raw,1,1,tr|A8DP72|A8DP72_THAWE:Thalassiosira_weissflogii_0171383444:tr|A8DP83|A8DP83_THAWE:tr|A0A089VQA3|A0A089VQA3_THAWE,,,2,0,1,0,1,6,1,2,0,0,0,0,1,1,0,0,1,0,0,0,0,0,0,0,0,0,0,0,0,0,0,FGGGTIGHPDGIQAGA,16,6812.5,0,FGGGTLGHPDGLQAGA
131,IDTPGHVD,22.63,852.3977,8,1.8,427.2069,36.47,1620000.0,16,10580,20210114_Weissrot_329_T0_nodigest_DDA_120min_2uL.raw,1,1,Thalassiosira_weissflogii_0203237080,,,0,0,2,0,0,1,1,1,0,0,0,0,1,0,0,0,1,1,0,0,0,0,0,0,0,0,0,0,0,0,0,IDTPGHVD,8,202500.0,0,LDTPGHVD
132,LGGELPIVGPM(+15.99),22.61,1097.5791,11,0.5,549.7971,92.34,217000.0,16,30348,20210114_Weissrot_329_T0_nodigest_DDA_120min_2uL.raw,1,1,Thalassiosira_weissflogii_0203172898,Oxidation (M),M11:Oxidation (M):1000.00,0,0,0,1,0,3,0,1,0,2,1,0,2,0,0,0,0,1,0,0,0,1,0,0,0,0,0,0,0,0,0,LGGELPIVGPM,11,19727.272727272728,1,LGGELPLVGPM
133,AGVHLPGN,22.61,763.3976,8,1.6,382.7067,49.02,3830000.0,16,14683,20210114_Weissrot_329_T0_nodigest_DDA_120min_2uL.raw,1,1,Thalassiosira_weissflogii_0201860448,,,1,0,0,0,0,2,1,0,0,1,0,1,1,0,0,0,0,1,0,0,0,0,0,0,0,0,0,0,0,0,0,AGVHLPGN,8,478750.0,0,AGVHLPGN
134,ISGPDAIPGAGL,22.56,1066.5658,12,0.9,534.2906,90.87,3020000.0,17,18546,20210115_Weissrot_329_T0_nodigest_EThcD_120min_2uL.raw,2,2,,,,2,0,1,0,0,3,0,2,0,1,0,0,2,0,0,1,0,0,0,0,0,0,0,0,0,0,0,0,0,0,0,ISGPDAIPGAGL,12,251666.66666666666,0,LSGPDALPGAGL
135,FRITP(+15.99)QPGVDPVEA,22.53,1540.7885,14,1.7,771.4028,77.68,796000.0,16,24986,20210114_Weissrot_329_T0_nodigest_DDA_120min_2uL.raw,1,1,tr|A8DP72|A8DP72_THAWE:Thalassiosira_weissflogii_0171383444:tr|A8DP83|A8DP83_THAWE:tr|A0A089VQA3|A0A089VQA3_THAWE,Oxidation(KPRY),P5:Oxidation(KPRY):22.85,1,0,1,1,1,1,0,1,0,0,0,0,3,1,1,0,1,2,0,0,0,0,0,1,0,0,0,0,0,0,0,FRITPQPGVDPVEA,14,56857.142857142855,1,FRLTPQPGVDPVEA
136,VMKDVTGE,22.5,877.4215,8,3.7,439.7196,31.83,884000.0,17,6190,20210115_Weissrot_329_T0_nodigest_EThcD_120min_2uL.raw,1,1,Thalassiosira_weissflogii_0201860448:Thalassiosira_weissflogii_0203264230,,,0,0,1,1,0,1,0,0,1,0,1,0,0,0,0,0,1,2,0,0,0,0,0,0,0,0,0,0,0,0,0,VMKDVTGE,8,110500.0,0,VMKDVTGE
137,LVTEEPIEYHPL,22.49,1438.7344,12,1.3,720.3754,90.44,20400.0,16,29693,20210114_Weissrot_329_T0_nodigest_DDA_120min_2uL.raw,1,1,Thalassiosira_weissflogii_0201845386,,,0,0,0,3,0,0,1,1,0,2,0,0,2,0,0,0,1,1,0,1,0,0,0,0,0,0,0,0,0,0,0,LVTEEPIEYHPL,12,1700.0,0,LVTEEPLEYHPL
138,GGGTIGHPDGIQAGA,22.49,1306.6266,15,1.2,654.3214,48.75,467000.0,16,14579,20210114_Weissrot_329_T0_nodigest_DDA_120min_2uL.raw,1,1,tr|A8DP72|A8DP72_THAWE:Thalassiosira_weissflogii_0171383444:tr|A8DP83|A8DP83_THAWE:tr|A0A089VQA3|A0A089VQA3_THAWE,,,2,0,1,0,0,6,1,2,0,0,0,0,1,1,0,0,1,0,0,0,0,0,0,0,0,0,0,0,0,0,0,GGGTIGHPDGIQAGA,15,31133.333333333332,0,GGGTLGHPDGLQAGA
139,Q(-17.03)DQPHENF,22.49,996.3937,8,0.8,499.2045,53.27,3740000.0,16,16135,20210114_Weissrot_329_T0_nodigest_DDA_120min_2uL.raw,2,2,,Pyro-glu from Q,Q1:Pyro-glu from Q:1000.00,0,0,1,1,1,0,1,0,0,0,0,1,1,2,0,0,0,0,0,0,0,0,0,0,0,0,0,0,0,1,0,QDQPHENF,8,467500.0,1,QDQPHENF
140,DKVEEY,22.47,781.3494,6,1.9,391.6827,31.92,401000.0,17,6209,20210115_Weissrot_329_T0_nodigest_EThcD_120min_2uL.raw,1,1,Thalassiosira_weissflogii_0203188584:Thalassiosira_weissflogii_0203627594:Thalassiosira_weissflogii_0203261572,,,0,0,1,2,0,0,0,0,1,0,0,0,0,0,0,0,0,1,0,1,0,0,0,0,0,0,0,0,0,0,0,DKVEEY,6,66833.33333333333,0,DKVEEY
141,VGTPEER,22.46,786.3871,7,1.5,394.2014,20.15,8160000.0,16,4337,20210114_Weissrot_329_T0_nodigest_DDA_120min_2uL.raw,1,1,,,,0,0,0,2,0,1,0,0,0,0,0,0,1,0,1,0,1,1,0,0,0,0,0,0,0,0,0,0,0,0,0,VGTPEER,7,1165714.2857142857,0,VGTPEER
142,VTEEPIEY,22.43,978.4546,8,1.3,490.2352,69.52,341000.0,16,21767,20210114_Weissrot_329_T0_nodigest_DDA_120min_2uL.raw,1,1,Thalassiosira_weissflogii_0201845386,,,0,0,0,3,0,0,0,1,0,0,0,0,1,0,0,0,1,1,0,1,0,0,0,0,0,0,0,0,0,0,0,VTEEPIEY,8,42625.0,0,VTEEPLEY
143,GVHLPGNIDYAGDS,22.4,1413.6525,14,1.5,707.8346,79.85,420000.0,16,25828,20210114_Weissrot_329_T0_nodigest_DDA_120min_2uL.raw,1,1,,,,1,0,2,0,0,3,1,1,0,1,0,1,1,0,0,1,0,1,0,1,0,0,0,0,0,0,0,0,0,0,0,GVHLPGNIDYAGDS,14,30000.0,0,GVHLPGNLDYAGDS
144,GGTIGHPDG,22.4,809.3668,9,0.3,405.6908,23.45,815000.0,17,4224,20210115_Weissrot_329_T0_nodigest_EThcD_120min_2uL.raw,1,1,tr|A8DP72|A8DP72_THAWE:Thalassiosira_weissflogii_0171383444:tr|A8DP83|A8DP83_THAWE:tr|A0A089VQA3|A0A089VQA3_THAWE,,,0,0,1,0,0,4,1,1,0,0,0,0,1,0,0,0,1,0,0,0,0,0,0,0,0,0,0,0,0,0,0,GGTIGHPDG,9,90555.55555555556,0,GGTLGHPDG
145,MRDVPGTGNE,22.39,1074.4764,10,1.5,538.2463,40.67,2340000.0,16,11972,20210114_Weissrot_329_T0_nodigest_DDA_120min_2uL.raw,1,1,Thalassiosira_weissflogii_0203258860:Thalassiosira_weissflogii_0203319814:Thalassiosira_weissflogii_0203628344:Thalassiosira_weissflogii_0201860518:Thalassiosira_weissflogii_0203473996,,,0,0,1,1,0,2,0,0,0,0,1,1,1,0,1,0,1,1,0,0,0,0,0,0,0,0,0,0,0,0,0,MRDVPGTGNE,10,234000.0,0,MRDVPGTGNE
146,DDADQERF,22.32,994.3992,8,2.0,498.2079,42.44,42300000.0,16,12534,20210114_Weissrot_329_T0_nodigest_DDA_120min_2uL.raw,2,2,Thalassiosira_weissflogii_0201860448,,,1,0,3,1,1,0,0,0,0,0,0,0,0,1,1,0,0,0,0,0,0,0,0,0,0,0,0,0,0,0,0,DDADQERF,8,5287500.0,0,DDADQERF
147,DFGWDK,22.27,766.3286,6,0.1,384.1716,72.53,1460000.0,17,14711,20210115_Weissrot_329_T0_nodigest_EThcD_120min_2uL.raw,1,1,Thalassiosira_weissflogii_0201860448:Thalassiosira_weissflogii_0203172898,,,0,0,2,0,1,1,0,0,1,0,0,0,0,0,0,0,0,0,1,0,0,0,0,0,0,0,0,0,0,0,0,DFGWDK,6,243333.33333333334,0,DFGWDK
148,FM(+15.99)RDVPGTGN,22.21,1108.4971,10,1.4,555.2566,38.36,201000.0,16,11199,20210114_Weissrot_329_T0_nodigest_DDA_120min_2uL.raw,1,1,Thalassiosira_weissflogii_0203258860:Thalassiosira_weissflogii_0203319814:Thalassiosira_weissflogii_0203628344:Thalassiosira_weissflogii_0201860518:Thalassiosira_weissflogii_0203473996,Oxidation (M),M2:Oxidation (M):1000.00,0,0,1,0,1,2,0,0,0,0,1,1,1,0,1,0,1,1,0,0,0,1,0,0,0,0,0,0,0,0,0,FMRDVPGTGN,10,20100.0,1,FMRDVPGTGN
149,GVHLPGNIDYAG,22.14,1211.5935,12,2.1,606.8053,83.34,382000.0,17,16997,20210115_Weissrot_329_T0_nodigest_EThcD_120min_2uL.raw,1,1,Thalassiosira_weissflogii_0201860448,,,1,0,1,0,0,3,1,1,0,1,0,1,1,0,0,0,0,1,0,1,0,0,0,0,0,0,0,0,0,0,0,GVHLPGNIDYAG,12,31833.333333333332,0,GVHLPGNLDYAG
150,GTIGHPDG,22.12,752.3453,8,1.1,377.1803,22.87,178000.0,17,4075,20210115_Weissrot_329_T0_nodigest_EThcD_120min_2uL.raw,1,1,tr|A8DP72|A8DP72_THAWE:Thalassiosira_weissflogii_0171383444:tr|A8DP83|A8DP83_THAWE:tr|A0A089VQA3|A0A089VQA3_THAWE,,,0,0,1,0,0,3,1,1,0,0,0,0,1,0,0,0,1,0,0,0,0,0,0,0,0,0,0,0,0,0,0,GTIGHPDG,8,22250.0,0,GTLGHPDG
151,LMVHEE,22.11,756.3476,6,1.3,379.1815,38.22,648000.0,17,7627,20210115_Weissrot_329_T0_nodigest_EThcD_120min_2uL.raw,1,1,Thalassiosira_weissflogii_0203258860:Thalassiosira_weissflogii_0203319814:Thalassiosira_weissflogii_0203628344:Thalassiosira_weissflogii_0201860518:Thalassiosira_weissflogii_0203473996,,,0,0,0,2,0,0,1,0,0,1,1,0,0,0,0,0,0,1,0,0,0,0,0,0,0,0,0,0,0,0,0,LMVHEE,6,108000.0,0,LMVHEE
152,TPDQDVGH,22.09,867.3723,8,1.2,434.6939,20.16,241000.0,17,3388,20210115_Weissrot_329_T0_nodigest_EThcD_120min_2uL.raw,2,2,,,,0,0,2,0,0,1,1,0,0,0,0,0,1,1,0,0,1,1,0,0,0,0,0,0,0,0,0,0,0,0,0,TPDQDVGH,8,30125.0,0,TPDQDVGH
153,FDRKPGN,22.08,832.4191,7,0.9,417.2172,16.26,254000.0,16,2647,20210114_Weissrot_329_T0_nodigest_DDA_120min_2uL.raw,1,1,Thalassiosira_weissflogii_0203549518,,,0,0,1,0,1,1,0,0,1,0,0,1,1,0,1,0,0,0,0,0,0,0,0,0,0,0,0,0,0,0,0,FDRKPGN,7,36285.71428571428,0,FDRKPGN
154,KDVTGEAE,22.06,847.3923,8,1.6,424.7041,18.29,545000.0,16,3506,20210114_Weissrot_329_T0_nodigest_DDA_120min_2uL.raw,1,1,Thalassiosira_weissflogii_0203264230,,,1,0,1,2,0,1,0,0,1,0,0,0,0,0,0,0,1,1,0,0,0,0,0,0,0,0,0,0,0,0,0,KDVTGEAE,8,68125.0,0,KDVTGEAE
155,DDGTIQDPVLGTK,22.04,1357.6725,13,0.9,679.8441,67.17,272000.0,17,13590,20210115_Weissrot_329_T0_nodigest_EThcD_120min_2uL.raw,1,1,Thalassiosira_weissflogii_0203382750:Thalassiosira_weissflogii_0203229036:Thalassiosira_weissflogii_0203261016:Thalassiosira_weissflogii_0201834710:Thalassiosira_weissflogii_0203540620:Thalassiosira_weissflogii_0203294158:Thalassiosira_weissflogii_0203604662:Thalassiosira_weissflogii_0203289348,,,0,0,3,0,0,2,0,1,1,1,0,0,1,1,0,0,2,1,0,0,0,0,0,0,0,0,0,0,0,0,0,DDGTIQDPVLGTK,13,20923.076923076922,0,DDGTLQDPVLGTK
156,IQDPVLGTK,22.02,969.5494,9,0.9,485.7824,56.29,1860000.0,16,17114,20210114_Weissrot_329_T0_nodigest_DDA_120min_2uL.raw,1,1,Thalassiosira_weissflogii_0203382750:Thalassiosira_weissflogii_0203229036:Thalassiosira_weissflogii_0203261016:Thalassiosira_weissflogii_0201834710:Thalassiosira_weissflogii_0203540620:Thalassiosira_weissflogii_0203294158:Thalassiosira_weissflogii_0203604662:Thalassiosira_weissflogii_0203289348,,,0,0,1,0,0,1,0,1,1,1,0,0,1,1,0,0,1,1,0,0,0,0,0,0,0,0,0,0,0,0,0,IQDPVLGTK,9,206666.66666666666,0,LQDPVLGTK
157,GVMKDVTGE,21.99,934.443,9,0.6,468.229,53.61,421000.0,17,10870,20210115_Weissrot_329_T0_nodigest_EThcD_120min_2uL.raw,1,1,Thalassiosira_weissflogii_0203264230,,,0,0,1,1,0,2,0,0,1,0,1,0,0,0,0,0,1,2,0,0,0,0,0,0,0,0,0,0,0,0,0,GVMKDVTGE,9,46777.77777777778,0,GVMKDVTGE
158,PVLIGEPGVGK,21.99,1064.6229,11,1.0,533.3193,68.42,244000.0,16,21353,20210114_Weissrot_329_T0_nodigest_DDA_120min_2uL.raw,1,1,gi|54036848,,,0,0,0,1,0,3,0,1,1,1,0,0,2,0,0,0,0,2,0,0,0,0,0,0,0,0,0,0,0,0,0,PVLIGEPGVGK,11,22181.81818181818,0,PVLLGEPGVGK
159,AATGEVKGSY,21.97,981.4767,10,0.8,491.746,31.61,918000.0,16,8921,20210114_Weissrot_329_T0_nodigest_DDA_120min_2uL.raw,1,1,tr|A8DP72|A8DP72_THAWE:Thalassiosira_weissflogii_0171383444:tr|A8DP83|A8DP83_THAWE:tr|A0A089VQA3|A0A089VQA3_THAWE,,,2,0,0,1,0,2,0,0,1,0,0,0,0,0,0,1,1,1,0,1,0,0,0,0,0,0,0,0,0,0,0,AATGEVKGSY,10,91800.0,0,AATGEVKGSY
160,LTEAPQNPKAN,21.93,1181.604,11,0.7,591.8097,27.25,238000.0,16,7447,20210114_Weissrot_329_T0_nodigest_DDA_120min_2uL.raw,1,1,Thalassiosira_weissflogii_0171449500,,,2,0,0,1,0,0,0,0,1,1,0,2,2,1,0,0,1,0,0,0,0,0,0,0,0,0,0,0,0,0,0,LTEAPQNPKAN,11,21636.363636363636,0,LTEAPQNPKAN
161,DFDEETK,21.92,882.3607,7,0.8,442.188,31.49,30100000.0,17,6114,20210115_Weissrot_329_T0_nodigest_EThcD_120min_2uL.raw,2,2,Thalassiosira_weissflogii_0203258860:Thalassiosira_weissflogii_0203319814:Thalassiosira_weissflogii_0203628344:Thalassiosira_weissflogii_0201860518:Thalassiosira_weissflogii_0203473996,,,0,0,2,2,1,0,0,0,1,0,0,0,0,0,0,0,1,0,0,0,0,0,0,0,0,0,0,0,0,0,0,DFDEETK,7,4300000.0,0,DFDEETK
162,EEDPKTDY,21.92,995.4083,8,0.8,498.7119,31.34,557000.0,16,8830,20210114_Weissrot_329_T0_nodigest_DDA_120min_2uL.raw,1,1,Thalassiosira_weissflogii_0203188584,,,0,0,2,2,0,0,0,0,1,0,0,0,1,0,0,0,1,0,0,1,0,0,0,0,0,0,0,0,0,0,0,EEDPKTDY,8,69625.0,0,EEDPKTDY
163,FDTVDWSKF,21.91,1143.5237,9,1.4,572.7699,107.36,239000.0,16,34978,20210114_Weissrot_329_T0_nodigest_DDA_120min_2uL.raw,1,1,Thalassiosira_weissflogii_0203138818:Thalassiosira_weissflogii_0171329028:Thalassiosira_weissflogii_0203183264:Thalassiosira_weissflogii_0203104222,,,0,0,2,0,2,0,0,0,1,0,0,0,0,0,0,1,1,1,1,0,0,0,0,0,0,0,0,0,0,0,0,FDTVDWSKF,9,26555.555555555555,0,FDTVDWSKF
164,EEPIEYHP,21.89,1012.4501,8,1.5,507.2331,57.36,9380000.0,16,17448,20210114_Weissrot_329_T0_nodigest_DDA_120min_2uL.raw,1,1,Thalassiosira_weissflogii_0201845386,,,0,0,0,3,0,0,1,1,0,0,0,0,2,0,0,0,0,0,0,1,0,0,0,0,0,0,0,0,0,0,0,EEPIEYHP,8,1172500.0,0,EEPLEYHP
165,VSGPDGIPHPVP,21.87,1170.6033,12,1.3,586.3097,70.77,226000.0,16,22263,20210114_Weissrot_329_T0_nodigest_DDA_120min_2uL.raw,1,1,Thalassiosira_weissflogii_0171365542,,,0,0,1,0,0,2,1,1,0,0,0,0,4,0,0,1,0,2,0,0,0,0,0,0,0,0,0,0,0,0,0,VSGPDGIPHPVP,12,18833.333333333332,0,VSGPDGLPHPVP
166,TELEVNLPY,21.87,1076.5389,9,1.2,539.2774,102.95,907000.0,16,33606,20210114_Weissrot_329_T0_nodigest_DDA_120min_2uL.raw,1,1,tr|A8DP72|A8DP72_THAWE:Thalassiosira_weissflogii_0171383444:tr|A8DP83|A8DP83_THAWE:tr|A0A089VQA3|A0A089VQA3_THAWE,,,0,0,0,2,0,0,0,0,0,2,0,1,1,0,0,0,1,1,0,1,0,0,0,0,0,0,0,0,0,0,0,TELEVNLPY,9,100777.77777777778,0,TELEVNLPY
167,TVKDTDVL,21.84,889.4756,8,0.8,445.7455,53.23,722000.0,17,10798,20210115_Weissrot_329_T0_nodigest_EThcD_120min_2uL.raw,1,1,tr|A8DP72|A8DP72_THAWE:Thalassiosira_weissflogii_0171383444:tr|A8DP83|A8DP83_THAWE:tr|A0A089VQA3|A0A089VQA3_THAWE,,,0,0,2,0,0,0,0,0,1,1,0,0,0,0,0,0,2,2,0,0,0,0,0,0,0,0,0,0,0,0,0,TVKDTDVL,8,90250.0,0,TVKDTDVL
168,DFRNGY,21.82,770.3347,6,1.9,386.1754,47.17,3100000.0,16,14099,20210114_Weissrot_329_T0_nodigest_DDA_120min_2uL.raw,1,1,Thalassiosira_weissflogii_0203258860:Thalassiosira_weissflogii_0203319814:Thalassiosira_weissflogii_0203628344:Thalassiosira_weissflogii_0201860518:Thalassiosira_weissflogii_0203473996,,,0,0,1,0,1,1,0,0,0,0,0,1,0,0,1,0,0,0,0,1,0,0,0,0,0,0,0,0,0,0,0,DFRNGY,6,516666.6666666667,0,DFRNGY
169,ELEDLTKGL,21.82,1016.5389,9,1.1,509.2773,88.8,1590000.0,16,29164,20210114_Weissrot_329_T0_nodigest_DDA_120min_2uL.raw,1,1,tr|A0A089X953|A0A089X953_THAWE,,,0,0,1,2,0,1,0,0,1,3,0,0,0,0,0,0,1,0,0,0,0,0,0,0,0,0,0,0,0,0,0,ELEDLTKGL,9,176666.66666666666,0,ELEDLTKGL
170,GGSLPIVGEM(+15.99),21.81,974.4742,10,2.7,488.2457,76.69,389000.0,16,24569,20210114_Weissrot_329_T0_nodigest_DDA_120min_2uL.raw,1,1,Thalassiosira_weissflogii_0201860448,Oxidation (M),M10:Oxidation (M):1000.00,0,0,0,1,0,3,0,1,0,1,1,0,1,0,0,1,0,1,0,0,0,1,0,0,0,0,0,0,0,0,0,GGSLPIVGEM,10,38900.0,1,GGSLPLVGEM
171,DQERFD,21.8,808.3351,6,0.3,405.1749,31.7,3150000.0,17,6162,20210115_Weissrot_329_T0_nodigest_EThcD_120min_2uL.raw,1,1,Thalassiosira_weissflogii_0201860448,,,0,0,2,1,1,0,0,0,0,0,0,0,0,1,1,0,0,0,0,0,0,0,0,0,0,0,0,0,0,0,0,DQERFD,6,525000.0,0,DQERFD
172,ALRLEDM,21.78,846.4269,7,3.2,424.2221,78.06,287000.0,17,15929,20210115_Weissrot_329_T0_nodigest_EThcD_120min_2uL.raw,1,1,tr|A8DP72|A8DP72_THAWE:Thalassiosira_weissflogii_0171383444:tr|A8DP83|A8DP83_THAWE:tr|A0A089VQA3|A0A089VQA3_THAWE,,,1,0,1,1,0,0,0,0,0,2,1,0,0,0,1,0,0,0,0,0,0,0,0,0,0,0,0,0,0,0,0,ALRLEDM,7,41000.0,0,ALRLEDM
173,DTVDWSKF,21.74,996.4553,8,0.6,499.2352,93.36,209000.0,16,30710,20210114_Weissrot_329_T0_nodigest_DDA_120min_2uL.raw,1,1,Thalassiosira_weissflogii_0203138818:Thalassiosira_weissflogii_0171329028:Thalassiosira_weissflogii_0203183264:Thalassiosira_weissflogii_0203104222,,,0,0,2,0,1,0,0,0,1,0,0,0,0,0,0,1,1,1,1,0,0,0,0,0,0,0,0,0,0,0,0,DTVDWSKF,8,26125.0,0,DTVDWSKF
174,GAQPPLGF,21.74,785.4072,8,1.1,393.7113,88.5,778000.0,16,29057,20210114_Weissrot_329_T0_nodigest_DDA_120min_2uL.raw,1,1,Thalassiosira_weissflogii_0201860448:Thalassiosira_weissflogii_0203258860:Thalassiosira_weissflogii_0203319814:Thalassiosira_weissflogii_0203628344:Thalassiosira_weissflogii_0201860518:Thalassiosira_weissflogii_0203473996:Thalassiosira_weissflogii_0203172898,,,1,0,0,0,1,2,0,0,0,1,0,0,2,1,0,0,0,0,0,0,0,0,0,0,0,0,0,0,0,0,0,GAQPPLGF,8,97250.0,0,GAQPPLGF
175,GIPEDDPRNP,21.73,1108.5149,10,1.2,555.2654,41.25,2230000.0,16,12152,20210114_Weissrot_329_T0_nodigest_DDA_120min_2uL.raw,1,1,Thalassiosira_weissflogii_0203086342,,,0,0,2,1,0,1,0,1,0,0,0,1,3,0,1,0,0,0,0,0,0,0,0,0,0,0,0,0,0,0,0,GIPEDDPRNP,10,223000.0,0,GLPEDDPRNP
176,NSPGAGNVIR,21.73,983.5148,10,1.2,492.7653,35.4,1450000.0,16,10242,20210114_Weissrot_329_T0_nodigest_DDA_120min_2uL.raw,1,1,Thalassiosira_weissflogii_0203296644,,,1,0,0,0,0,2,0,1,0,0,0,2,1,0,1,1,0,1,0,0,0,0,0,0,0,0,0,0,0,0,0,NSPGAGNVIR,10,145000.0,0,NSPGAGNVLR
177,GPDAIPGAGLAQ,21.73,1065.5454,12,1.8,533.7809,71.7,250000.0,16,22575,20210114_Weissrot_329_T0_nodigest_DDA_120min_2uL.raw,1,1,,,,3,0,1,0,0,3,0,1,0,1,0,0,2,1,0,0,0,0,0,0,0,0,0,0,0,0,0,0,0,0,0,GPDAIPGAGLAQ,12,20833.333333333332,0,GPDALPGAGLAQ
178,DPDLPIIGH,21.73,975.5025,9,0.1,488.7586,88.52,4040000.0,17,18051,20210115_Weissrot_329_T0_nodigest_EThcD_120min_2uL.raw,2,2,Thalassiosira_weissflogii_0203258860:Thalassiosira_weissflogii_0203319814:Thalassiosira_weissflogii_0203628344:Thalassiosira_weissflogii_0201860518:Thalassiosira_weissflogii_0203473996,,,0,0,2,0,0,1,1,2,0,1,0,0,2,0,0,0,0,0,0,0,0,0,0,0,0,0,0,0,0,0,0,DPDLPIIGH,9,448888.8888888889,0,DPDLPLLGH
179,RNEGQDY,21.72,880.3675,7,2.0,441.1919,21.03,571000.0,16,4794,20210114_Weissrot_329_T0_nodigest_DDA_120min_2uL.raw,1,1,tr|A8DP72|A8DP72_THAWE:Thalassiosira_weissflogii_0171383444:tr|A8DP83|A8DP83_THAWE:tr|A0A089VQA3|A0A089VQA3_THAWE,,,0,0,1,1,0,1,0,0,0,0,0,1,0,1,1,0,0,0,0,1,0,0,0,0,0,0,0,0,0,0,0,RNEGQDY,7,81571.42857142857,0,RNEGQDY
180,SGLKPPLDL,21.71,938.5436,9,1.6,470.2798,95.85,109000.0,17,19623,20210115_Weissrot_329_T0_nodigest_EThcD_120min_2uL.raw,1,1,Thalassiosira_weissflogii_0201788838,,,0,0,1,0,0,1,0,0,1,3,0,0,2,0,0,1,0,0,0,0,0,0,0,0,0,0,0,0,0,0,0,SGLKPPLDL,9,12111.111111111111,0,SGLKPPLDL
181,AADDKERYQ,21.69,1094.4993,9,1.9,548.2579,17.8,5840.0,16,3333,20210114_Weissrot_329_T0_nodigest_DDA_120min_2uL.raw,1,1,Thalassiosira_weissflogii_0203571564:Thalassiosira_weissflogii_0203324490,,,2,0,2,1,0,0,0,0,1,0,0,0,0,1,1,0,0,0,0,1,0,0,0,0,0,0,0,0,0,0,0,AADDKERYQ,9,648.8888888888889,0,AADDKERYQ
182,GVHLPGNID,21.68,920.4716,9,2.8,461.2443,71.04,27100000.0,17,14403,20210115_Weissrot_329_T0_nodigest_EThcD_120min_2uL.raw,1,1,Thalassiosira_weissflogii_0201860448,,,0,0,1,0,0,2,1,1,0,1,0,1,1,0,0,0,0,1,0,0,0,0,0,0,0,0,0,0,0,0,0,GVHLPGNID,9,3011111.111111111,0,GVHLPGNLD
183,FEDELGAQPP,21.66,1101.4978,10,-0.5,551.7559,74.56,611000.0,16,23723,20210114_Weissrot_329_T0_nodigest_DDA_120min_2uL.raw,1,1,Thalassiosira_weissflogii_0203258860:Thalassiosira_weissflogii_0203319814:Thalassiosira_weissflogii_0203628344:Thalassiosira_weissflogii_0201860518:Thalassiosira_weissflogii_0203473996,,,1,0,1,2,1,1,0,0,0,1,0,0,2,1,0,0,0,0,0,0,0,0,0,0,0,0,0,0,0,0,0,FEDELGAQPP,10,61100.0,0,FEDELGAQPP
184,WEFPDPNQ,21.65,1031.4348,8,0.9,516.7252,92.78,317000.0,16,30492,20210114_Weissrot_329_T0_nodigest_DDA_120min_2uL.raw,1,1,Thalassiosira_weissflogii_0203296644,,,0,0,1,1,1,0,0,0,0,0,0,1,2,1,0,0,0,0,1,0,0,0,0,0,0,0,0,0,0,0,0,WEFPDPNQ,8,39625.0,0,WEFPDPNQ
185,SEEQRPGTP,21.64,999.4621,9,0.9,500.7388,24.49,311000.0,17,4473,20210115_Weissrot_329_T0_nodigest_EThcD_120min_2uL.raw,1,1,Thalassiosira_weissflogii_0201746798,,,0,0,0,2,0,1,0,0,0,0,0,0,2,1,1,1,1,0,0,0,0,0,0,0,0,0,0,0,0,0,0,SEEQRPGTP,9,34555.555555555555,0,SEEQRPGTP
186,GGELPIVGQM(+15.99),21.64,1015.5008,10,1.5,508.7584,78.02,235000.0,16,25126,20210114_Weissrot_329_T0_nodigest_DDA_120min_2uL.raw,1,1,Thalassiosira_weissflogii_0203264230,Oxidation (M),M10:Oxidation (M):1000.00,0,0,0,1,0,3,0,1,0,1,1,0,1,1,0,0,0,1,0,0,0,1,0,0,0,0,0,0,0,0,0,GGELPIVGQM,10,23500.0,1,GGELPLVGQM
187,SDEGVTPLLA,21.62,1000.5077,10,0.0,501.2611,62.47,310000.0,17,12639,20210115_Weissrot_329_T0_nodigest_EThcD_120min_2uL.raw,1,1,Thalassiosira_weissflogii_0203566234:Thalassiosira_weissflogii_0203535598:Thalassiosira_weissflogii_0203596620:Thalassiosira_weissflogii_0203628090:Thalassiosira_weissflogii_0171353904,,,1,0,1,1,0,1,0,0,0,2,0,0,1,0,0,1,1,1,0,0,0,0,0,0,0,0,0,0,0,0,0,SDEGVTPLLA,10,31000.0,0,SDEGVTPLLA
188,VGGGNDEREQT,21.6,1160.5057,11,1.6,581.261,17.23,66100.0,16,3070,20210114_Weissrot_329_T0_nodigest_DDA_120min_2uL.raw,1,1,Thalassiosira_weissflogii_0203323600:Thalassiosira_weissflogii_0203107868:Thalassiosira_weissflogii_0203169094:tr|A0A089VP72|A0A089VP72_THAWE,,,0,0,1,2,0,3,0,0,0,0,0,1,0,1,1,0,1,1,0,0,0,0,0,0,0,0,0,0,0,0,0,VGGGNDEREQT,11,6009.090909090909,0,VGGGNDEREQT
189,ADEVFNKL,21.59,934.476,8,1.3,468.2458,75.88,316000.0,16,24261,20210114_Weissrot_329_T0_nodigest_DDA_120min_2uL.raw,1,1,Thalassiosira_weissflogii_0203627594:Thalassiosira_weissflogii_0203261572,,,1,0,1,1,1,0,0,0,1,1,0,1,0,0,0,0,0,1,0,0,0,0,0,0,0,0,0,0,0,0,0,ADEVFNKL,8,39500.0,0,ADEVFNKL
190,SDGISEEK,21.56,863.3872,8,0.0,432.7009,21.81,3210000.0,17,3806,20210115_Weissrot_329_T0_nodigest_EThcD_120min_2uL.raw,1,1,Thalassiosira_weissflogii_0203204228,,,0,0,1,2,0,1,0,1,1,0,0,0,0,0,0,2,0,0,0,0,0,0,0,0,0,0,0,0,0,0,0,SDGISEEK,8,401250.0,0,SDGLSEEK
191,GDLGEVRQ,21.47,872.4352,8,-0.4,437.2247,34.58,459000.0,17,6817,20210115_Weissrot_329_T0_nodigest_EThcD_120min_2uL.raw,1,1,Thalassiosira_weissflogii_0203418570,,,0,0,1,1,0,2,0,0,0,1,0,0,0,1,1,0,0,1,0,0,0,0,0,0,0,0,0,0,0,0,0,GDLGEVRQ,8,57375.0,0,GDLGEVRQ
192,FDIKDPA,21.45,804.4017,7,5.3,403.2103,66.14,3830000.0,17,13377,20210115_Weissrot_329_T0_nodigest_EThcD_120min_2uL.raw,1,1,tr|A0A089VKD8|A0A089VKD8_THAWE,,,1,0,2,0,1,0,0,1,1,0,0,0,1,0,0,0,0,0,0,0,0,0,0,0,0,0,0,0,0,0,0,FDIKDPA,7,547142.8571428572,0,FDLKDPA
193,FDEETKL,21.43,880.4178,7,1.4,441.2168,57.01,39900000.0,16,17328,20210114_Weissrot_329_T0_nodigest_DDA_120min_2uL.raw,2,2,Thalassiosira_weissflogii_0203258860:Thalassiosira_weissflogii_0203319814:Thalassiosira_weissflogii_0203628344:Thalassiosira_weissflogii_0201860518:Thalassiosira_weissflogii_0203473996:Thalassiosira_weissflogii_0203172898:Thalassiosira_weissflogii_0203264230,,,0,0,1,2,1,0,0,0,1,1,0,0,0,0,0,0,1,0,0,0,0,0,0,0,0,0,0,0,0,0,0,FDEETKL,7,5700000.0,0,FDEETKL
194,GY(+15.99)DPDLPIIGH,21.38,1211.5822,11,2.0,606.7996,87.52,57200.0,16,28697,20210114_Weissrot_329_T0_nodigest_DDA_120min_2uL.raw,1,1,Thalassiosira_weissflogii_0203258860:Thalassiosira_weissflogii_0203319814:Thalassiosira_weissflogii_0203628344:Thalassiosira_weissflogii_0201860518:Thalassiosira_weissflogii_0203473996,Oxidation(KPRY),Y2:Oxidation(KPRY):20.41,0,0,2,0,0,2,1,2,0,1,0,0,2,0,0,0,0,0,0,1,0,0,0,0,0,1,0,0,0,0,0,GYDPDLPIIGH,11,5200.0,1,GYDPDLPLLGH
195,VFPEEVLPR,21.37,1084.5917,9,1.2,543.3038,88.06,1090000.0,16,28903,20210114_Weissrot_329_T0_nodigest_DDA_120min_2uL.raw,2,2,,,,0,0,0,2,1,0,0,0,0,1,0,0,2,0,1,0,0,2,0,0,0,0,0,0,0,0,0,0,0,0,0,VFPEEVLPR,9,121111.11111111111,0,VFPEEVLPR
196,NPEGSRY,21.34,821.3668,7,0.2,411.6907,23.87,565000.0,17,4329,20210115_Weissrot_329_T0_nodigest_EThcD_120min_2uL.raw,1,1,tr|A0A089VKD8|A0A089VKD8_THAWE,,,0,0,0,1,0,1,0,0,0,0,0,1,1,0,1,1,0,0,0,1,0,0,0,0,0,0,0,0,0,0,0,NPEGSRY,7,80714.28571428571,0,NPEGSRY
197,FASIPSKGL,21.33,918.5175,9,0.7,460.2663,74.95,166000.0,17,15271,20210115_Weissrot_329_T0_nodigest_EThcD_120min_2uL.raw,1,1,Thalassiosira_weissflogii_0203399774,,,1,0,0,0,1,1,0,1,1,1,0,0,1,0,0,2,0,0,0,0,0,0,0,0,0,0,0,0,0,0,0,FASIPSKGL,9,18444.444444444445,0,FASLPSKGL
198,FITNRPA,21.33,817.4446,7,1.1,409.73,40.46,1140000.0,17,8121,20210115_Weissrot_329_T0_nodigest_EThcD_120min_2uL.raw,1,1,tr|A0A089VKD8|A0A089VKD8_THAWE,,,1,0,0,0,1,0,0,1,0,0,0,1,1,0,1,0,1,0,0,0,0,0,0,0,0,0,0,0,0,0,0,FITNRPA,7,162857.14285714287,0,FLTNRPA
199,DDFDEETK,21.32,997.3876,8,0.8,499.7015,35.37,12500000.0,17,6997,20210115_Weissrot_329_T0_nodigest_EThcD_120min_2uL.raw,1,1,Thalassiosira_weissflogii_0203258860:Thalassiosira_weissflogii_0203319814:Thalassiosira_weissflogii_0203628344:Thalassiosira_weissflogii_0201860518:Thalassiosira_weissflogii_0203473996,,,0,0,3,2,1,0,0,0,1,0,0,0,0,0,0,0,1,0,0,0,0,0,0,0,0,0,0,0,0,0,0,DDFDEETK,8,1562500.0,0,DDFDEETK
200,GIHLPGNIDTA,21.32,1106.572,11,0.7,554.2937,83.42,109000.0,17,17012,20210115_Weissrot_329_T0_nodigest_EThcD_120min_2uL.raw,1,1,Thalassiosira_weissflogii_0203172898,,,1,0,1,0,0,2,1,2,0,1,0,1,1,0,0,0,1,0,0,0,0,0,0,0,0,0,0,0,0,0,0,GIHLPGNIDTA,11,9909.09090909091,0,GLHLPGNLDTA
201,ETDPIRDPNN,21.3,1169.5312,10,1.0,585.7735,36.02,1310000.0,16,10443,20210114_Weissrot_329_T0_nodigest_DDA_120min_2uL.raw,1,1,Thalassiosira_weissflogii_0201855056:Thalassiosira_weissflogii_0203217746,,,0,0,2,1,0,0,0,1,0,0,0,2,2,0,1,0,1,0,0,0,0,0,0,0,0,0,0,0,0,0,0,ETDPIRDPNN,10,131000.0,0,ETDPLRDPNN
202,GESDREAGDF,21.23,1081.4312,10,1.1,541.7234,40.63,1390000.0,16,11961,20210114_Weissrot_329_T0_nodigest_DDA_120min_2uL.raw,1,1,Thalassiosira_weissflogii_0203356870,,,1,0,2,2,1,2,0,0,0,0,0,0,0,0,1,1,0,0,0,0,0,0,0,0,0,0,0,0,0,0,0,GESDREAGDF,10,139000.0,0,GESDREAGDF
203,DDFDEETKL,21.2,1110.4717,9,2.0,556.2442,70.14,2200000.0,16,22023,20210114_Weissrot_329_T0_nodigest_DDA_120min_2uL.raw,1,1,Thalassiosira_weissflogii_0203258860:Thalassiosira_weissflogii_0203319814:Thalassiosira_weissflogii_0203628344:Thalassiosira_weissflogii_0201860518:Thalassiosira_weissflogii_0203473996,,,0,0,3,2,1,0,0,0,1,1,0,0,0,0,0,0,1,0,0,0,0,0,0,0,0,0,0,0,0,0,0,DDFDEETKL,9,244444.44444444444,0,DDFDEETKL
204,DLWKDIS,21.2,875.4388,7,-0.6,438.7264,91.84,817000.0,17,18744,20210115_Weissrot_329_T0_nodigest_EThcD_120min_2uL.raw,1,1,tr|A8DP72|A8DP72_THAWE:Thalassiosira_weissflogii_0171383444:tr|A8DP83|A8DP83_THAWE:tr|A0A089VQA3|A0A089VQA3_THAWE,,,0,0,2,0,0,0,0,1,1,1,0,0,0,0,0,1,0,0,1,0,0,0,0,0,0,0,0,0,0,0,0,DLWKDIS,7,116714.28571428571,0,DLWKDLS
205,IVGPIAGKT,21.16,854.5225,9,1.3,428.2691,47.85,357000.0,16,14290,20210114_Weissrot_329_T0_nodigest_DDA_120min_2uL.raw,1,1,Thalassiosira_weissflogii_0171348692:tr|A0A089VIP5|A0A089VIP5_THAWE,,,1,0,0,0,0,2,0,2,1,0,0,0,1,0,0,0,1,1,0,0,0,0,0,0,0,0,0,0,0,0,0,IVGPIAGKT,9,39666.666666666664,0,LVGPLAGKT
206,EWTDDPHPR,21.15,1151.4995,9,0.8,384.8408,38.76,597000.0,17,7744,20210115_Weissrot_329_T0_nodigest_EThcD_120min_2uL.raw,1,1,tr|A0A089VKD8|A0A089VKD8_THAWE,,,0,0,2,1,0,0,1,0,0,0,0,0,2,0,1,0,1,0,1,0,0,0,0,0,0,0,0,0,0,0,0,EWTDDPHPR,9,66333.33333333333,0,EWTDDPHPR
207,YDFIPGK,21.13,838.4225,7,2.2,420.2194,72.86,752000.0,16,23011,20210114_Weissrot_329_T0_nodigest_DDA_120min_2uL.raw,1,1,Thalassiosira_weissflogii_0203204228:Thalassiosira_weissflogii_0201773708,,,0,0,1,0,1,1,0,1,1,0,0,0,1,0,0,0,0,0,0,1,0,0,0,0,0,0,0,0,0,0,0,YDFIPGK,7,107428.57142857143,0,YDFLPGK
208,NIDPNVGGF,21.13,931.4399,9,4.1,466.7292,86.46,64800.0,17,17625,20210115_Weissrot_329_T0_nodigest_EThcD_120min_2uL.raw,1,1,Thalassiosira_weissflogii_0171348692:tr|A0A089VIP5|A0A089VIP5_THAWE,,,0,0,1,0,1,2,0,1,0,0,0,2,1,0,0,0,0,1,0,0,0,0,0,0,0,0,0,0,0,0,0,NIDPNVGGF,9,7200.0,0,NLDPNVGGF
209,GGTIGHPDGIQ,21.12,1050.5094,11,0.0,526.262,43.17,1210000.0,17,8702,20210115_Weissrot_329_T0_nodigest_EThcD_120min_2uL.raw,2,2,tr|A8DP72|A8DP72_THAWE:Thalassiosira_weissflogii_0171383444:tr|A8DP83|A8DP83_THAWE:tr|A0A089VQA3|A0A089VQA3_THAWE,,,0,0,1,0,0,4,1,2,0,0,0,0,1,1,0,0,1,0,0,0,0,0,0,0,0,0,0,0,0,0,0,GGTIGHPDGIQ,11,110000.0,0,GGTLGHPDGLQ
210,GGGTIGHPD,21.1,809.3668,9,0.5,405.6909,23.98,24900000.0,17,4356,20210115_Weissrot_329_T0_nodigest_EThcD_120min_2uL.raw,2,2,tr|A8DP72|A8DP72_THAWE:Thalassiosira_weissflogii_0171383444:tr|A8DP83|A8DP83_THAWE:tr|A0A089VQA3|A0A089VQA3_THAWE,,,0,0,1,0,0,4,1,1,0,0,0,0,1,0,0,0,1,0,0,0,0,0,0,0,0,0,0,0,0,0,0,GGGTIGHPD,9,2766666.6666666665,0,GGGTLGHPD
211,IGPGIGQGNAA,21.08,953.493,11,0.2,477.7539,54.45,1590000.0,17,11035,20210115_Weissrot_329_T0_nodigest_EThcD_120min_2uL.raw,1,1,tr|A0A089VKF1|A0A089VKF1_THAWE,,,2,0,0,0,0,4,0,2,0,0,0,1,1,1,0,0,0,0,0,0,0,0,0,0,0,0,0,0,0,0,0,IGPGIGQGNAA,11,144545.45454545456,0,LGPGLGQGNAA
212,Q(-17.03)ELEDLTK,21.07,957.4655,8,2.2,479.7411,78.16,250000.0,16,25183,20210114_Weissrot_329_T0_nodigest_DDA_120min_2uL.raw,1,1,tr|A0A089X953|A0A089X953_THAWE,Pyro-glu from Q,Q1:Pyro-glu from Q:1000.00,0,0,1,2,0,0,0,0,1,2,0,0,0,1,0,0,1,0,0,0,0,0,0,0,0,0,0,0,0,1,0,QELEDLTK,8,31250.0,1,QELEDLTK
213,MR(+15.99)DVPGTGN,21.06,961.4287,9,2.3,481.7227,25.51,1070000.0,16,6814,20210114_Weissrot_329_T0_nodigest_DDA_120min_2uL.raw,1,1,Thalassiosira_weissflogii_0203258860:Thalassiosira_weissflogii_0203319814:Thalassiosira_weissflogii_0203628344:Thalassiosira_weissflogii_0201860518:Thalassiosira_weissflogii_0203473996,Oxidation(KPRY),R2:Oxidation(KPRY):28.96,0,0,1,0,0,2,0,0,0,0,1,1,1,0,1,0,1,1,0,0,0,0,0,0,1,0,0,0,0,0,0,MRDVPGTGN,9,118888.88888888889,1,MRDVPGTGN
214,GGSLPIVGEM,21.05,958.4794,10,0.7,480.2473,105.25,287000.0,16,34374,20210114_Weissrot_329_T0_nodigest_DDA_120min_2uL.raw,1,1,Thalassiosira_weissflogii_0201860448,,,0,0,0,1,0,3,0,1,0,1,1,0,1,0,0,1,0,1,0,0,0,0,0,0,0,0,0,0,0,0,0,GGSLPIVGEM,10,28700.0,0,GGSLPLVGEM
215,IGHPDGIQA,21.03,906.4559,9,1.3,454.2358,44.54,4080000.0,17,8997,20210115_Weissrot_329_T0_nodigest_EThcD_120min_2uL.raw,1,1,tr|A8DP72|A8DP72_THAWE:Thalassiosira_weissflogii_0171383444:tr|A8DP83|A8DP83_THAWE:tr|A0A089VQA3|A0A089VQA3_THAWE,,,1,0,1,0,0,2,1,2,0,0,0,0,1,1,0,0,0,0,0,0,0,0,0,0,0,0,0,0,0,0,0,IGHPDGIQA,9,453333.3333333333,0,LGHPDGLQA
216,VGLPPVDPDLYKD,21.01,1426.7344,13,1.4,714.3755,92.79,489000.0,16,30495,20210114_Weissrot_329_T0_nodigest_DDA_120min_2uL.raw,1,1,,,,0,0,3,0,0,1,0,0,1,2,0,0,3,0,0,0,0,2,0,1,0,0,0,0,0,0,0,0,0,0,0,VGLPPVDPDLYKD,13,37615.38461538462,0,VGLPPVDPDLYKD
217,HLFPETM,20.98,873.4055,7,2.6,437.7111,83.37,18900.0,17,17003,20210115_Weissrot_329_T0_nodigest_EThcD_120min_2uL.raw,1,1,Thalassiosira_weissflogii_0171392854,,,0,0,0,1,1,0,1,0,0,1,1,0,1,0,0,0,1,0,0,0,0,0,0,0,0,0,0,0,0,0,0,HLFPETM,7,2700.0,0,HLFPETM
218,YRVDPVPN,20.97,958.4872,8,1.1,480.2514,51.74,4890000.0,16,15622,20210114_Weissrot_329_T0_nodigest_DDA_120min_2uL.raw,1,1,tr|A8DP72|A8DP72_THAWE:Thalassiosira_weissflogii_0171383444:tr|A8DP83|A8DP83_THAWE:tr|A0A089VQA3|A0A089VQA3_THAWE,,,0,0,1,0,0,0,0,0,0,0,0,1,2,0,1,0,0,2,0,1,0,0,0,0,0,0,0,0,0,0,0,YRVDPVPN,8,611250.0,0,YRVDPVPN
219,TEAPQNPK,20.93,883.4399,8,2.4,442.7283,16.88,832000.0,16,2904,20210114_Weissrot_329_T0_nodigest_DDA_120min_2uL.raw,1,1,Thalassiosira_weissflogii_0171449500,,,1,0,0,1,0,0,0,0,1,0,0,1,2,1,0,0,1,0,0,0,0,0,0,0,0,0,0,0,0,0,0,TEAPQNPK,8,104000.0,0,TEAPQNPK
220,WTDDPHPRNN,20.88,1250.5428,10,1.7,626.2798,29.24,1040000.0,16,8158,20210114_Weissrot_329_T0_nodigest_DDA_120min_2uL.raw,1,1,tr|A0A089VKD8|A0A089VKD8_THAWE,,,0,0,2,0,0,0,1,0,0,0,0,2,2,0,1,0,1,0,1,0,0,0,0,0,0,0,0,0,0,0,0,WTDDPHPRNN,10,104000.0,0,WTDDPHPRNN
221,VLEDDFVK,20.88,963.4913,8,1.6,482.7537,69.05,443000.0,16,21595,20210114_Weissrot_329_T0_nodigest_DDA_120min_2uL.raw,1,1,Thalassiosira_weissflogii_0171415660:Thalassiosira_weissflogii_0203232500:Thalassiosira_weissflogii_0203350350:Thalassiosira_weissflogii_0201829370:Thalassiosira_weissflogii_0203261152:Thalassiosira_weissflogii_0203475706,,,0,0,2,1,1,0,0,0,1,1,0,0,0,0,0,0,0,2,0,0,0,0,0,0,0,0,0,0,0,0,0,VLEDDFVK,8,55375.0,0,VLEDDFVK
222,GDFEFGK,20.85,798.3548,7,1.1,400.1851,64.89,225000.0,17,13121,20210115_Weissrot_329_T0_nodigest_EThcD_120min_2uL.raw,1,1,Thalassiosira_weissflogii_0201773708,,,0,0,1,1,2,2,0,0,1,0,0,0,0,0,0,0,0,0,0,0,0,0,0,0,0,0,0,0,0,0,0,GDFEFGK,7,32142.85714285714,0,GDFEFGK
223,AAHIPDDG,20.84,794.3558,8,0.9,398.1855,32.08,221000.0,17,6246,20210115_Weissrot_329_T0_nodigest_EThcD_120min_2uL.raw,1,1,Thalassiosira_weissflogii_0171415660:Thalassiosira_weissflogii_0203232500:Thalassiosira_weissflogii_0203350350:Thalassiosira_weissflogii_0201829370:Thalassiosira_weissflogii_0203261152:Thalassiosira_weissflogii_0203475706,,,2,0,2,0,0,1,1,1,0,0,0,0,1,0,0,0,0,0,0,0,0,0,0,0,0,0,0,0,0,0,0,AAHIPDDG,8,27625.0,0,AAHLPDDG
224,SDLNNPPPRPDLP,20.77,1430.7153,13,1.3,716.3659,70.52,529000.0,16,22172,20210114_Weissrot_329_T0_nodigest_DDA_120min_2uL.raw,1,1,Thalassiosira_weissflogii_0201855056:Thalassiosira_weissflogii_0203217746,,,0,0,2,0,0,0,0,0,0,2,0,2,5,0,1,1,0,0,0,0,0,0,0,0,0,0,0,0,0,0,0,SDLNNPPPRPDLP,13,40692.307692307695,0,SDLNNPPPRPDLP
225,WEFPDPNQE,20.76,1160.4774,9,1.1,581.2466,94.49,705000.0,16,31051,20210114_Weissrot_329_T0_nodigest_DDA_120min_2uL.raw,1,1,Thalassiosira_weissflogii_0203296644,,,0,0,1,2,1,0,0,0,0,0,0,1,2,1,0,0,0,0,1,0,0,0,0,0,0,0,0,0,0,0,0,WEFPDPNQE,9,78333.33333333333,0,WEFPDPNQE
226,TPQP(+15.99)GVDPVEA,20.74,1124.5349,11,-0.2,563.2746,56.93,487000.0,17,11525,20210115_Weissrot_329_T0_nodigest_EThcD_120min_2uL.raw,1,1,tr|A8DP72|A8DP72_THAWE:Thalassiosira_weissflogii_0171383444:tr|A8DP83|A8DP83_THAWE:tr|A0A089VQA3|A0A089VQA3_THAWE,Oxidation(KPRY),P4:Oxidation(KPRY):0.00,1,0,1,1,0,1,0,0,0,0,0,0,3,1,0,0,1,2,0,0,0,0,0,1,0,0,0,0,0,0,0,TPQPGVDPVEA,11,44272.72727272727,1,TPQPGVDPVEA
227,KPSDPEEF,20.74,947.4236,8,1.4,474.7197,46.8,1770000.0,16,13969,20210114_Weissrot_329_T0_nodigest_DDA_120min_2uL.raw,1,1,Thalassiosira_weissflogii_0201845386,,,0,0,1,2,1,0,0,0,1,0,0,0,2,0,0,1,0,0,0,0,0,0,0,0,0,0,0,0,0,0,0,KPSDPEEF,8,221250.0,0,KPSDPEEF
228,MKDVTGE,20.7,778.3531,7,0.9,390.1842,25.14,512000.0,17,4636,20210115_Weissrot_329_T0_nodigest_EThcD_120min_2uL.raw,1,1,Thalassiosira_weissflogii_0201860448:Thalassiosira_weissflogii_0203264230,,,0,0,1,1,0,1,0,0,1,0,1,0,0,0,0,0,1,1,0,0,0,0,0,0,0,0,0,0,0,0,0,MKDVTGE,7,73142.85714285714,0,MKDVTGE
229,NGRPIEA,20.7,755.3926,7,0.3,378.7037,26.69,651000.0,17,5011,20210115_Weissrot_329_T0_nodigest_EThcD_120min_2uL.raw,1,1,Thalassiosira_weissflogii_0203296644,,,1,0,0,1,0,1,0,1,0,0,0,1,1,0,1,0,0,0,0,0,0,0,0,0,0,0,0,0,0,0,0,NGRPIEA,7,93000.0,0,NGRPLEA
230,PDLPIIGH,20.67,860.4756,8,1.2,431.2456,84.82,1600000.0,17,17288,20210115_Weissrot_329_T0_nodigest_EThcD_120min_2uL.raw,2,2,Thalassiosira_weissflogii_0203258860:Thalassiosira_weissflogii_0203319814:Thalassiosira_weissflogii_0203628344:Thalassiosira_weissflogii_0201860518:Thalassiosira_weissflogii_0203473996,,,0,0,1,0,0,1,1,2,0,1,0,0,2,0,0,0,0,0,0,0,0,0,0,0,0,0,0,0,0,0,0,PDLPIIGH,8,200000.0,0,PDLPLLGH
231,KDVTGEGEF,20.65,980.4451,9,1.2,491.2304,49.46,1520000.0,16,14831,20210114_Weissrot_329_T0_nodigest_DDA_120min_2uL.raw,1,1,Thalassiosira_weissflogii_0201860448,,,0,0,1,2,1,2,0,0,1,0,0,0,0,0,0,0,1,1,0,0,0,0,0,0,0,0,0,0,0,0,0,KDVTGEGEF,9,168888.88888888888,0,KDVTGEGEF
232,EVEIKVPYDVN,20.63,1303.6659,11,2.3,652.8417,84.62,118000.0,16,27633,20210114_Weissrot_329_T0_nodigest_DDA_120min_2uL.raw,1,1,Thalassiosira_weissflogii_0171348692:tr|A0A089VIP5|A0A089VIP5_THAWE,,,0,0,1,2,0,0,0,1,1,0,0,1,1,0,0,0,0,3,0,1,0,0,0,0,0,0,0,0,0,0,0,EVEIKVPYDVN,11,10727.272727272728,0,EVELKVPYDVN
233,DLIDEAASSIR,20.63,1188.5986,11,1.0,595.3072,108.01,296000.0,16,35206,20210114_Weissrot_329_T0_nodigest_DDA_120min_2uL.raw,1,1,gi|54036848,,,2,0,2,1,0,0,0,2,0,1,0,0,0,0,1,2,0,0,0,0,0,0,0,0,0,0,0,0,0,0,0,DLIDEAASSIR,11,26909.090909090908,0,DLLDEAASSLR
234,LTDQQIEKQ,20.6,1101.5665,9,1.6,551.7914,33.43,364000.0,16,9560,20210114_Weissrot_329_T0_nodigest_DDA_120min_2uL.raw,1,1,tr|A0A089VKD8|A0A089VKD8_THAWE,,,0,0,1,1,0,0,0,1,1,1,0,0,0,3,0,0,1,0,0,0,0,0,0,0,0,0,0,0,0,0,0,LTDQQIEKQ,9,40444.444444444445,0,LTDQQLEKQ
235,NNPVLIGEPG,20.58,1008.524,10,1.0,505.2698,73.67,1450000.0,16,23355,20210114_Weissrot_329_T0_nodigest_DDA_120min_2uL.raw,1,1,gi|54036848,,,0,0,0,1,0,2,0,1,0,1,0,2,2,0,0,0,0,1,0,0,0,0,0,0,0,0,0,0,0,0,0,NNPVLIGEPG,10,145000.0,0,NNPVLLGEPG
236,TDQQIEKQ,20.56,988.4825,8,1.5,495.2493,18.56,985000.0,16,3612,20210114_Weissrot_329_T0_nodigest_DDA_120min_2uL.raw,1,1,tr|A0A089VKD8|A0A089VKD8_THAWE,,,0,0,1,1,0,0,0,1,1,0,0,0,0,3,0,0,1,0,0,0,0,0,0,0,0,0,0,0,0,0,0,TDQQIEKQ,8,123125.0,0,TDQQLEKQ
237,LVGGEGPEPMP,20.54,1081.5114,11,1.2,541.7636,71.55,4350000.0,16,22523,20210114_Weissrot_329_T0_nodigest_DDA_120min_2uL.raw,1,1,Thalassiosira_weissflogii_0203549518,,,0,0,0,2,0,3,0,0,0,1,1,0,3,0,0,0,0,1,0,0,0,0,0,0,0,0,0,0,0,0,0,LVGGEGPEPMP,11,395454.54545454547,0,LVGGEGPEPMP
238,MPEEDPKTDY,20.53,1223.5016,10,0.7,612.7585,49.62,251000.0,17,10056,20210115_Weissrot_329_T0_nodigest_EThcD_120min_2uL.raw,1,1,Thalassiosira_weissflogii_0203188584,,,0,0,2,2,0,0,0,0,1,0,1,0,2,0,0,0,1,0,0,1,0,0,0,0,0,0,0,0,0,0,0,MPEEDPKTDY,10,25100.0,0,MPEEDPKTDY
239,VGDPFKDTS,20.5,964.4501,9,1.0,483.2328,54.46,384000.0,16,16521,20210114_Weissrot_329_T0_nodigest_DDA_120min_2uL.raw,2,2,Thalassiosira_weissflogii_0203086342,,,0,0,2,0,1,1,0,0,1,0,0,0,1,0,0,1,1,1,0,0,0,0,0,0,0,0,0,0,0,0,0,VGDPFKDTS,9,42666.666666666664,0,VGDPFKDTS
240,LDRTEGAGR,20.39,973.4941,9,1.4,487.755,16.45,47500.0,16,2731,20210114_Weissrot_329_T0_nodigest_DDA_120min_2uL.raw,1,1,tr|A0A089VKD8|A0A089VKD8_THAWE,,,1,0,1,1,0,2,0,0,0,1,0,0,0,0,2,0,1,0,0,0,0,0,0,0,0,0,0,0,0,0,0,LDRTEGAGR,9,5277.777777777777,0,LDRTEGAGR
241,LGGSLPIVGEM,20.38,1071.5634,11,0.7,536.7893,114.08,150000.0,16,36651,20210114_Weissrot_329_T0_nodigest_DDA_120min_2uL.raw,1,1,Thalassiosira_weissflogii_0201860448,,,0,0,0,1,0,3,0,1,0,2,1,0,1,0,0,1,0,1,0,0,0,0,0,0,0,0,0,0,0,0,0,LGGSLPIVGEM,11,13636.363636363636,0,LGGSLPLVGEM
242,MRDVPGTGNEF,20.37,1221.5448,11,-0.1,611.7796,69.25,235000.0,16,21676,20210114_Weissrot_329_T0_nodigest_DDA_120min_2uL.raw,1,1,Thalassiosira_weissflogii_0203258860:Thalassiosira_weissflogii_0203319814:Thalassiosira_weissflogii_0203628344:Thalassiosira_weissflogii_0201860518:Thalassiosira_weissflogii_0203473996,,,0,0,1,1,1,2,0,0,0,0,1,1,1,0,1,0,1,1,0,0,0,0,0,0,0,0,0,0,0,0,0,MRDVPGTGNEF,11,21363.636363636364,0,MRDVPGTGNEF
243,DQPHENF,20.36,885.3617,7,1.3,443.6887,38.97,43600000.0,16,11395,20210114_Weissrot_329_T0_nodigest_DDA_120min_2uL.raw,1,1,,,,0,0,1,1,1,0,1,0,0,0,0,1,1,1,0,0,0,0,0,0,0,0,0,0,0,0,0,0,0,0,0,DQPHENF,7,6228571.428571428,0,DQPHENF
244,TGPAGKVM(+15.99),20.34,775.3898,8,1.9,388.7029,18.88,246000.0,16,3735,20210114_Weissrot_329_T0_nodigest_DDA_120min_2uL.raw,1,1,Thalassiosira_weissflogii_0203188584:Thalassiosira_weissflogii_0203627594:Thalassiosira_weissflogii_0203261572,Oxidation (M),M8:Oxidation (M):1000.00,1,0,0,0,0,2,0,0,1,0,1,0,1,0,0,0,1,1,0,0,0,1,0,0,0,0,0,0,0,0,0,TGPAGKVM,8,30750.0,1,TGPAGKVM
245,AAIGPGIGQ,20.34,782.4286,9,0.8,392.2219,56.16,1490000.0,16,17072,20210114_Weissrot_329_T0_nodigest_DDA_120min_2uL.raw,1,1,tr|A0A089VKF1|A0A089VKF1_THAWE,,,2,0,0,0,0,3,0,2,0,0,0,0,1,1,0,0,0,0,0,0,0,0,0,0,0,0,0,0,0,0,0,AAIGPGIGQ,9,165555.55555555556,0,AALGPGLGQ
246,LDDADQERFD,20.3,1222.5101,10,0.4,612.2626,49.66,518000.0,16,14898,20210114_Weissrot_329_T0_nodigest_DDA_120min_2uL.raw,1,1,Thalassiosira_weissflogii_0201860448,,,1,0,4,1,1,0,0,0,0,1,0,0,0,1,1,0,0,0,0,0,0,0,0,0,0,0,0,0,0,0,0,LDDADQERFD,10,51800.0,0,LDDADQERFD
247,VDAPGHKD,20.29,837.3981,8,1.4,419.7069,15.79,36900.0,16,2453,20210114_Weissrot_329_T0_nodigest_DDA_120min_2uL.raw,1,1,Thalassiosira_weissflogii_0171354626:tr|B5A4Q2|B5A4Q2_THAWE:Thalassiosira_weissflogii_0203566486:Thalassiosira_weissflogii_0203628558,,,1,0,2,0,0,1,1,0,1,0,0,0,1,0,0,0,0,1,0,0,0,0,0,0,0,0,0,0,0,0,0,VDAPGHKD,8,4612.5,0,VDAPGHKD
248,DFGKPDLGDKEE,20.25,1348.6146,12,0.9,450.5459,52.6,1590000.0,16,15903,20210114_Weissrot_329_T0_nodigest_DDA_120min_2uL.raw,1,1,Thalassiosira_weissflogii_0203417438:Thalassiosira_weissflogii_0203391506:Thalassiosira_weissflogii_0203580532,,,0,0,3,2,1,2,0,0,2,1,0,0,1,0,0,0,0,0,0,0,0,0,0,0,0,0,0,0,0,0,0,DFGKPDLGDKEE,12,132500.0,0,DFGKPDLGDKEE
249,DNDPSAPPH,20.22,948.3937,9,1.6,475.2049,22.61,1030000.0,16,5555,20210114_Weissrot_329_T0_nodigest_DDA_120min_2uL.raw,1,1,Thalassiosira_weissflogii_0203211260,,,1,0,2,0,0,0,1,0,0,0,0,1,3,0,0,1,0,0,0,0,0,0,0,0,0,0,0,0,0,0,0,DNDPSAPPH,9,114444.44444444444,0,DNDPSAPPH
250,AMIK(+15.99)P(+15.99)EALVVP(+15.99),20.21,1214.658,11,-9.6,608.3304,96.2,0.0,17,19697,20210115_Weissrot_329_T0_nodigest_EThcD_120min_2uL.raw,1,1,Thalassiosira_weissflogii_0171419736:Thalassiosira_weissflogii_0203477910,Oxidation(KPRY),K4:Oxidation(KPRY):1000.00;P5:Oxidation(KPRY):1000.00;P11:Oxidation(KPRY):1000.00,2,0,0,1,0,0,0,1,1,1,1,0,2,0,0,0,0,2,0,0,0,0,1,2,0,0,0,0,0,0,0,AMIK,4,0.0,3,AMLK
251,TIGHPDGIQ,20.2,936.4665,9,1.5,469.2412,40.12,578000.0,16,11770,20210114_Weissrot_329_T0_nodigest_DDA_120min_2uL.raw,1,1,tr|A8DP72|A8DP72_THAWE:Thalassiosira_weissflogii_0171383444:tr|A8DP83|A8DP83_THAWE:tr|A0A089VQA3|A0A089VQA3_THAWE,,,0,0,1,0,0,2,1,2,0,0,0,0,1,1,0,0,1,0,0,0,0,0,0,0,0,0,0,0,0,0,0,TIGHPDGIQ,9,64222.22222222222,0,TLGHPDGLQ
