Protein Group,Protein ID,Protein Accession,Peptide,Unique,-10lgP,Mass,Length,ppm,m/z,z,RT,Area 325_T12_trypsin,Fraction,Scan,Source File,#Spec,#Spec 325_T12_trypsin,Start,End,PTM,AScore
1,10,Thalassiosira_weissflogii_0201860518,R.DVPGTGNEFVGDFR.N,Y,46.62,1508.6896,14,1.2,503.9044,3,87.47,8.18E7,14,19936,20210114_Weissrot_325_T12_trypsin_EThcD_120min_2uL.raw,16,16,139,152,,
1,10,Thalassiosira_weissflogii_0201860518,L.GYDPDLPIIGHLQ,Y,37.59,1436.7300,13,1.5,479.9180,3,109.72,8.28E7,14,25728,20210114_Weissrot_325_T12_trypsin_EThcD_120min_2uL.raw,46,46,381,393,,
1,10,Thalassiosira_weissflogii_0201860518,L.SGDC(+57.02)TQERFDR.L,Y,34.24,1369.5680,11,0.1,457.5300,3,28.93,2.63E7,14,5635,20210114_Weissrot_325_T12_trypsin_EThcD_120min_2uL.raw,4,4,52,62,Carbamidomethylation,C4:Carbamidomethylation:1000.00
1,10,Thalassiosira_weissflogii_0201860518,E.IIPLGYDPDLPIIGHLQ,Y,34.20,1873.0349,17,0.8,625.3527,3,131.13,3.02E6,14,31255,20210114_Weissrot_325_T12_trypsin_EThcD_120min_2uL.raw,7,7,377,393,,
1,10,Thalassiosira_weissflogii_0201860518,R.AGIHLPGSINYAGD.S,Y,32.78,1383.6782,14,-0.3,692.8462,2,87.41,1.54E7,13,28202,20210112_Weissrot_325_T12_trypsin_DDA_120min_2uL.raw,4,4,86,99,,
1,10,Thalassiosira_weissflogii_0201860518,R.NGYIDFGWDDFDEETK.L,Y,32.57,1949.7955,16,0.6,975.9056,2,118.70,4.18E5,13,41799,20210112_Weissrot_325_T12_trypsin_DDA_120min_2uL.raw,1,1,153,168,,
1,10,Thalassiosira_weissflogii_0201860518,K.RAIELNNGR.A,N,31.75,1041.5679,9,-0.7,521.7908,2,30.75,7.93E6,13,8715,20210112_Weissrot_325_T12_trypsin_DDA_120min_2uL.raw,4,4,354,362,,
1,10,Thalassiosira_weissflogii_0201860518,F.DEETKLQKR.A,Y,30.88,1145.6040,9,1.4,382.8758,3,18.36,1.64E7,14,3044,20210114_Weissrot_325_T12_trypsin_EThcD_120min_2uL.raw,2,2,164,172,,
1,10,Thalassiosira_weissflogii_0201860518,P.LGYDPDLPIIGHLQ,Y,29.66,1549.8140,14,-0.1,775.9142,2,118.63,1.46E4,13,41768,20210112_Weissrot_325_T12_trypsin_DDA_120min_2uL.raw,1,1,380,393,,
1,10,Thalassiosira_weissflogii_0201860518,L.GY(+15.99)DPDLPIIGHLQ,Y,29.23,1452.7249,13,-2.0,727.3682,2,110.52,1.59E6,13,38318,20210112_Weissrot_325_T12_trypsin_DDA_120min_2uL.raw,3,3,381,393,Oxidation(KPRY),Y2:Oxidation(KPRY):46.20
1,10,Thalassiosira_weissflogii_0201860518,R.YVEIKHGR.I,N,29.01,1000.5454,8,0.3,501.2802,2,20.99,9.92E6,14,3711,20210114_Weissrot_325_T12_trypsin_EThcD_120min_2uL.raw,5,5,65,72,,
1,10,Thalassiosira_weissflogii_0201860518,G.YDPDLPIIGHLQ,Y,28.60,1379.7085,12,0.2,690.8617,2,110.19,3.38E6,13,38162,20210112_Weissrot_325_T12_trypsin_DDA_120min_2uL.raw,5,5,382,393,,
1,10,Thalassiosira_weissflogii_0201860518,R.AIELNNGR.A,N,27.43,885.4668,8,1.1,443.7412,2,36.94,1.06E9,13,10613,20210112_Weissrot_325_T12_trypsin_DDA_120min_2uL.raw,7,7,355,362,,
1,10,Thalassiosira_weissflogii_0201860518,Y.DPDLPIIGHLQ,Y,26.74,1216.6451,11,0.7,609.3303,2,104.89,2.47E6,15,34393,20210117_Weissrot_325_T12_trypsin_DDA_120min_2uL_dup.raw,6,6,383,393,,
1,10,Thalassiosira_weissflogii_0201860518,R.AGIHLPGSINYA.G,Y,25.21,1211.6299,12,1.2,606.8229,2,89.76,1.04E7,14,20524,20210114_Weissrot_325_T12_trypsin_EThcD_120min_2uL.raw,3,3,86,97,,
1,10,Thalassiosira_weissflogii_0201860518,M.LSGDC(+57.02)TQER.F,Y,24.68,1064.4557,9,0.3,533.2353,2,18.99,2.03E7,15,4293,20210117_Weissrot_325_T12_trypsin_DDA_120min_2uL_dup.raw,4,4,51,59,Carbamidomethylation,C5:Carbamidomethylation:1000.00
1,10,Thalassiosira_weissflogii_0201860518,D.FGWDDFDEETK.L,Y,24.34,1387.5568,11,-0.8,694.7851,2,98.77,2.66E6,13,33040,20210112_Weissrot_325_T12_trypsin_DDA_120min_2uL.raw,2,2,158,168,,
1,10,Thalassiosira_weissflogii_0201860518,F.GWDDFDEETK.L,Y,23.49,1240.4884,10,0.6,621.2518,2,75.18,1.8E8,13,23340,20210112_Weissrot_325_T12_trypsin_DDA_120min_2uL.raw,4,4,159,168,,
1,10,Thalassiosira_weissflogii_0201860518,L.AFLGQIVTR.A,Y,22.95,1003.5814,9,-0.2,502.7979,2,83.09,1.5E8,13,26469,20210112_Weissrot_325_T12_trypsin_DDA_120min_2uL.raw,6,6,77,85,,
1,10,Thalassiosira_weissflogii_0201860518,F.GMLSGDC(+57.02)TQER.F,Y,22.84,1252.5176,11,1.3,627.2669,2,39.58,3.48E6,15,10759,20210117_Weissrot_325_T12_trypsin_DDA_120min_2uL_dup.raw,1,1,49,59,Carbamidomethylation,C7:Carbamidomethylation:1000.00
1,10,Thalassiosira_weissflogii_0201860518,D.FDEETK.L,N,22.83,767.3337,6,0.9,384.6745,2,21.87,1.66E8,14,3929,20210114_Weissrot_325_T12_trypsin_EThcD_120min_2uL.raw,4,4,163,168,,
1,10,Thalassiosira_weissflogii_0201860518,R.LRYVEIK.H,N,22.67,919.5491,7,-1.0,460.7814,2,53.31,1.12E7,13,15784,20210112_Weissrot_325_T12_trypsin_DDA_120min_2uL.raw,2,2,63,69,,
1,10,Thalassiosira_weissflogii_0201860518,S.GDC(+57.02)TQERFDR.L,Y,22.49,1282.5360,10,0.8,428.5196,3,29.02,2.35E6,14,5658,20210114_Weissrot_325_T12_trypsin_EThcD_120min_2uL.raw,2,2,53,62,Carbamidomethylation,C3:Carbamidomethylation:1000.00
1,10,Thalassiosira_weissflogii_0201860518,W.DDFDEETK.L,Y,21.55,997.3876,8,-0.1,499.7010,2,34.53,3.83E7,13,9848,20210112_Weissrot_325_T12_trypsin_DDA_120min_2uL.raw,2,2,161,168,,
1,10,Thalassiosira_weissflogii_0201860518,D.PDLPIIGHLQ,Y,21.32,1101.6182,10,-0.7,551.8160,2,106.14,3.07E5,13,36408,20210112_Weissrot_325_T12_trypsin_DDA_120min_2uL.raw,1,1,384,393,,
1,10,Thalassiosira_weissflogii_0201860518,L.GYDPDLPIIGH.L,Y,21.27,1195.5873,11,-1.0,598.8003,2,91.63,6.92E7,13,29987,20210112_Weissrot_325_T12_trypsin_DDA_120min_2uL.raw,1,1,381,391,,
1,10,Thalassiosira_weissflogii_0201860518,L.RYVEIK.H,N,21.01,806.4650,6,0.0,404.2398,2,31.57,5.8E7,14,6271,20210114_Weissrot_325_T12_trypsin_EThcD_120min_2uL.raw,1,1,64,69,,
1,10,Thalassiosira_weissflogii_0201860518,M.LAFLGQIVTR.A,Y,20.87,1116.6655,10,-0.6,559.3397,2,103.99,9.65E5,13,35365,20210112_Weissrot_325_T12_trypsin_DDA_120min_2uL.raw,1,1,76,85,,
1,11,Thalassiosira_weissflogii_0203473996,R.DVPGTGNEFVGDFR.N,Y,46.62,1508.6896,14,1.2,503.9044,3,87.47,8.18E7,14,19936,20210114_Weissrot_325_T12_trypsin_EThcD_120min_2uL.raw,16,16,162,175,,
1,11,Thalassiosira_weissflogii_0203473996,L.GYDPDLPIIGHLQ,Y,37.59,1436.7300,13,1.5,479.9180,3,109.72,8.28E7,14,25728,20210114_Weissrot_325_T12_trypsin_EThcD_120min_2uL.raw,46,46,419,431,,
1,11,Thalassiosira_weissflogii_0203473996,L.SGDC(+57.02)TQERFDR.L,Y,34.24,1369.5680,11,0.1,457.5300,3,28.93,2.63E7,14,5635,20210114_Weissrot_325_T12_trypsin_EThcD_120min_2uL.raw,4,4,75,85,Carbamidomethylation,C4:Carbamidomethylation:1000.00
1,11,Thalassiosira_weissflogii_0203473996,E.IIPLGYDPDLPIIGHLQ,Y,34.20,1873.0349,17,0.8,625.3527,3,131.13,3.02E6,14,31255,20210114_Weissrot_325_T12_trypsin_EThcD_120min_2uL.raw,7,7,415,431,,
1,11,Thalassiosira_weissflogii_0203473996,R.AGIHLPGSINYAGD.S,Y,32.78,1383.6782,14,-0.3,692.8462,2,87.41,1.54E7,13,28202,20210112_Weissrot_325_T12_trypsin_DDA_120min_2uL.raw,4,4,109,122,,
1,11,Thalassiosira_weissflogii_0203473996,R.NGYIDFGWDDFDEETK.L,Y,32.57,1949.7955,16,0.6,975.9056,2,118.70,4.18E5,13,41799,20210112_Weissrot_325_T12_trypsin_DDA_120min_2uL.raw,1,1,373,388,,
1,11,Thalassiosira_weissflogii_0203473996,K.RAIELNNGR.A,N,31.75,1041.5679,9,-0.7,521.7908,2,30.75,7.93E6,13,8715,20210112_Weissrot_325_T12_trypsin_DDA_120min_2uL.raw,4,4,392,400,,
1,11,Thalassiosira_weissflogii_0203473996,F.DEETKLQKR.A,Y,30.88,1145.6040,9,1.4,382.8758,3,18.36,1.64E7,14,3044,20210114_Weissrot_325_T12_trypsin_EThcD_120min_2uL.raw,2,2,384,392,,
1,11,Thalassiosira_weissflogii_0203473996,P.LGYDPDLPIIGHLQ,Y,29.66,1549.8140,14,-0.1,775.9142,2,118.63,1.46E4,13,41768,20210112_Weissrot_325_T12_trypsin_DDA_120min_2uL.raw,1,1,418,431,,
1,11,Thalassiosira_weissflogii_0203473996,L.GY(+15.99)DPDLPIIGHLQ,Y,29.23,1452.7249,13,-2.0,727.3682,2,110.52,1.59E6,13,38318,20210112_Weissrot_325_T12_trypsin_DDA_120min_2uL.raw,3,3,419,431,Oxidation(KPRY),Y2:Oxidation(KPRY):46.20
1,11,Thalassiosira_weissflogii_0203473996,R.YVEIKHGR.I,N,29.01,1000.5454,8,0.3,501.2802,2,20.99,9.92E6,14,3711,20210114_Weissrot_325_T12_trypsin_EThcD_120min_2uL.raw,5,5,88,95,,
1,11,Thalassiosira_weissflogii_0203473996,G.YDPDLPIIGHLQ,Y,28.60,1379.7085,12,0.2,690.8617,2,110.19,3.38E6,13,38162,20210112_Weissrot_325_T12_trypsin_DDA_120min_2uL.raw,5,5,420,431,,
1,11,Thalassiosira_weissflogii_0203473996,R.AIELNNGR.A,N,27.43,885.4668,8,1.1,443.7412,2,36.94,1.06E9,13,10613,20210112_Weissrot_325_T12_trypsin_DDA_120min_2uL.raw,7,7,393,400,,
1,11,Thalassiosira_weissflogii_0203473996,Y.DPDLPIIGHLQ,Y,26.74,1216.6451,11,0.7,609.3303,2,104.89,2.47E6,15,34393,20210117_Weissrot_325_T12_trypsin_DDA_120min_2uL_dup.raw,6,6,421,431,,
1,11,Thalassiosira_weissflogii_0203473996,R.AGIHLPGSINYA.G,Y,25.21,1211.6299,12,1.2,606.8229,2,89.76,1.04E7,14,20524,20210114_Weissrot_325_T12_trypsin_EThcD_120min_2uL.raw,3,3,109,120,,
1,11,Thalassiosira_weissflogii_0203473996,M.LSGDC(+57.02)TQER.F,Y,24.68,1064.4557,9,0.3,533.2353,2,18.99,2.03E7,15,4293,20210117_Weissrot_325_T12_trypsin_DDA_120min_2uL_dup.raw,4,4,74,82,Carbamidomethylation,C5:Carbamidomethylation:1000.00
1,11,Thalassiosira_weissflogii_0203473996,D.FGWDDFDEETK.L,Y,24.34,1387.5568,11,-0.8,694.7851,2,98.77,2.66E6,13,33040,20210112_Weissrot_325_T12_trypsin_DDA_120min_2uL.raw,2,2,378,388,,
1,11,Thalassiosira_weissflogii_0203473996,F.GWDDFDEETK.L,Y,23.49,1240.4884,10,0.6,621.2518,2,75.18,1.8E8,13,23340,20210112_Weissrot_325_T12_trypsin_DDA_120min_2uL.raw,4,4,379,388,,
1,11,Thalassiosira_weissflogii_0203473996,L.AFLGQIVTR.A,Y,22.95,1003.5814,9,-0.2,502.7979,2,83.09,1.5E8,13,26469,20210112_Weissrot_325_T12_trypsin_DDA_120min_2uL.raw,6,6,297,305,,
1,11,Thalassiosira_weissflogii_0203473996,F.GMLSGDC(+57.02)TQER.F,Y,22.84,1252.5176,11,1.3,627.2669,2,39.58,3.48E6,15,10759,20210117_Weissrot_325_T12_trypsin_DDA_120min_2uL_dup.raw,1,1,72,82,Carbamidomethylation,C7:Carbamidomethylation:1000.00
1,11,Thalassiosira_weissflogii_0203473996,D.FDEETK.L,N,22.83,767.3337,6,0.9,384.6745,2,21.87,1.66E8,14,3929,20210114_Weissrot_325_T12_trypsin_EThcD_120min_2uL.raw,4,4,383,388,,
1,11,Thalassiosira_weissflogii_0203473996,R.LRYVEIK.H,N,22.67,919.5491,7,-1.0,460.7814,2,53.31,1.12E7,13,15784,20210112_Weissrot_325_T12_trypsin_DDA_120min_2uL.raw,2,2,86,92,,
1,11,Thalassiosira_weissflogii_0203473996,S.GDC(+57.02)TQERFDR.L,Y,22.49,1282.5360,10,0.8,428.5196,3,29.02,2.35E6,14,5658,20210114_Weissrot_325_T12_trypsin_EThcD_120min_2uL.raw,2,2,76,85,Carbamidomethylation,C3:Carbamidomethylation:1000.00
1,11,Thalassiosira_weissflogii_0203473996,W.DDFDEETK.L,Y,21.55,997.3876,8,-0.1,499.7010,2,34.53,3.83E7,13,9848,20210112_Weissrot_325_T12_trypsin_DDA_120min_2uL.raw,2,2,381,388,,
1,11,Thalassiosira_weissflogii_0203473996,D.PDLPIIGHLQ,Y,21.32,1101.6182,10,-0.7,551.8160,2,106.14,3.07E5,13,36408,20210112_Weissrot_325_T12_trypsin_DDA_120min_2uL.raw,1,1,422,431,,
1,11,Thalassiosira_weissflogii_0203473996,L.GYDPDLPIIGH.L,Y,21.27,1195.5873,11,-1.0,598.8003,2,91.63,6.92E7,13,29987,20210112_Weissrot_325_T12_trypsin_DDA_120min_2uL.raw,1,1,419,429,,
1,11,Thalassiosira_weissflogii_0203473996,L.RYVEIK.H,N,21.01,806.4650,6,0.0,404.2398,2,31.57,5.8E7,14,6271,20210114_Weissrot_325_T12_trypsin_EThcD_120min_2uL.raw,1,1,87,92,,
1,11,Thalassiosira_weissflogii_0203473996,M.LAFLGQIVTR.A,Y,20.87,1116.6655,10,-0.6,559.3397,2,103.99,9.65E5,13,35365,20210112_Weissrot_325_T12_trypsin_DDA_120min_2uL.raw,1,1,296,305,,
7,1,gi|54036848,R.LPQVEGTGGDVQPSQDLVR.V,Y,57.83,1994.0068,19,1.1,665.6769,3,73.36,2.06E8,14,16361,20210114_Weissrot_325_T12_trypsin_EThcD_120min_2uL.raw,19,19,71,89,,
7,1,gi|54036848,R.VIGQNEAVDAVSNAIR.R,Y,50.62,1654.8638,16,-0.1,828.4391,2,90.05,1.79E8,13,29324,20210112_Weissrot_325_T12_trypsin_DDA_120min_2uL.raw,24,24,570,585,,
7,1,gi|54036848,K.AIDLIDEAASSIR.M,Y,49.20,1372.7197,13,2.0,458.5815,3,106.62,1.26E8,14,24902,20210114_Weissrot_325_T12_trypsin_EThcD_120min_2uL.raw,18,18,390,402,,
7,1,gi|54036848,K.VTDAEIAEVLAR.W,Y,45.30,1285.6877,12,1.1,429.5703,3,95.98,1.1E8,14,22126,20210114_Weissrot_325_T12_trypsin_EThcD_120min_2uL.raw,17,17,531,542,,
7,1,gi|54036848,R.VIGQN(+.98)EAVDAVSNAIR.R,Y,35.52,1655.8478,16,2.3,828.9330,2,91.24,7.59E5,13,29833,20210112_Weissrot_325_T12_trypsin_DDA_120min_2uL.raw,6,6,570,585,Deamidation(N),N5:Deamidation(N):99.62
7,1,gi|54036848,K.NNPVLIGEPGVGK.T,Y,35.41,1292.7089,13,-1.1,647.3610,2,68.34,1.79E8,13,20753,20210112_Weissrot_325_T12_trypsin_DDA_120min_2uL.raw,9,9,200,212,,
7,1,gi|54036848,R.AIQQQIENPLAQQILSGELVPGK.V,Y,35.14,2473.3540,23,7.6,825.4649,3,122.41,6.35E7,14,29069,20210114_Weissrot_325_T12_trypsin_EThcD_120min_2uL.raw,15,15,820,842,,
7,1,gi|54036848,N.NPVLIGEPGVGK.T,Y,34.12,1178.6659,12,-0.5,590.3399,2,67.76,3.74E6,13,20539,20210112_Weissrot_325_T12_trypsin_DDA_120min_2uL.raw,2,2,201,212,,
7,1,gi|54036848,K.N(+.98)NPVLIGEPGVGK.T,Y,32.58,1293.6927,13,1.6,647.8547,2,69.14,2.2E5,15,20418,20210117_Weissrot_325_T12_trypsin_DDA_120min_2uL_dup.raw,2,2,200,212,Deamidation(N),N1:Deamidation(N):0.00
7,1,gi|54036848,K.NN(+.98)PVLIGEPGVGK.T,Y,29.62,1293.6927,13,-0.1,647.8536,2,73.87,2.32E5,13,22807,20210112_Weissrot_325_T12_trypsin_DDA_120min_2uL.raw,3,3,200,212,Deamidation(N),N2:Deamidation(N):0.00
7,1,gi|54036848,Q.VEGTGGDVQPSQDLVR.V,Y,29.54,1655.8114,16,0.5,828.9134,2,54.64,3.93E5,15,15488,20210117_Weissrot_325_T12_trypsin_DDA_120min_2uL_dup.raw,2,2,74,89,,
7,1,gi|54036848,P.QVEGTGGDVQPSQDLVR.V,Y,28.15,1783.8700,17,1.1,892.9433,2,57.55,9.38E4,13,17117,20210112_Weissrot_325_T12_trypsin_DDA_120min_2uL.raw,1,1,73,89,,
7,1,gi|54036848,R.AIQQQIEN(+.98)PLAQQILSGELVPGK.V,Y,25.59,2474.3379,23,-0.7,825.7860,3,127.20,3.22E4,13,44877,20210112_Weissrot_325_T12_trypsin_DDA_120min_2uL.raw,1,1,820,842,Deamidation(N),N8:Deamidation(N):1000.00
7,1,gi|54036848,G.Q(-17.03)NEAVDAVSNAIR.R,Y,21.08,1368.6633,13,-1.3,685.3381,2,92.86,1.54E5,13,30523,20210112_Weissrot_325_T12_trypsin_DDA_120min_2uL.raw,1,1,573,585,Pyro-glu from Q,Q1:Pyro-glu from Q:1000.00
5,6,Thalassiosira_weissflogii_0201860448,K.DVTGEGEFVGDFR.N,N,42.51,1426.6365,13,0.2,714.3256,2,87.59,2.56E7,13,28276,20210112_Weissrot_325_T12_trypsin_DDA_120min_2uL.raw,7,7,241,253,,
5,6,Thalassiosira_weissflogii_0201860448,R.AGVHLPGNIDYAGNSF.D,Y,39.50,1630.7739,16,2.5,816.3963,2,97.27,4.26E6,15,31326,20210117_Weissrot_325_T12_trypsin_DDA_120min_2uL_dup.raw,4,4,90,105,,
5,6,Thalassiosira_weissflogii_0201860448,R.IAQLAFLGNIITR.A,N,39.09,1428.8452,13,-1.7,715.4286,2,127.90,4.16E4,13,45101,20210112_Weissrot_325_T12_trypsin_DDA_120min_2uL.raw,4,4,77,89,,
5,6,Thalassiosira_weissflogii_0201860448,R.NGALDFGWDK.F,Y,36.73,1121.5142,10,-0.8,561.7639,2,93.09,3.3E7,13,30611,20210112_Weissrot_325_T12_trypsin_DDA_120min_2uL.raw,9,9,254,263,,
5,6,Thalassiosira_weissflogii_0201860448,R.AGVHLPGNIDYAG.N,N,33.65,1282.6306,13,-0.8,642.3221,2,82.83,1.13E7,13,26369,20210112_Weissrot_325_T12_trypsin_DDA_120min_2uL.raw,6,6,90,102,,
5,6,Thalassiosira_weissflogii_0201860448,R.AGVHLPGNIDYAGN(+.98)SF.D,Y,32.25,1631.7579,16,-1.0,816.8854,2,101.02,2.6E7,13,34005,20210112_Weissrot_325_T12_trypsin_DDA_120min_2uL.raw,5,5,90,105,Deamidation(N),N14:Deamidation(N):71.27
5,6,Thalassiosira_weissflogii_0201860448,K.RAIELNNGR.A,N,31.75,1041.5679,9,-0.7,521.7908,2,30.75,7.93E6,13,8715,20210112_Weissrot_325_T12_trypsin_DDA_120min_2uL.raw,4,4,273,281,,
5,6,Thalassiosira_weissflogii_0201860448,A.FLGNIITR.A,N,29.81,932.5443,8,-0.1,467.2794,2,83.28,1.69E8,13,26541,20210112_Weissrot_325_T12_trypsin_DDA_120min_2uL.raw,18,18,82,89,,
5,6,Thalassiosira_weissflogii_0201860448,R.AGVHLPGNIDY.A,N,29.24,1154.5720,11,0.9,578.2938,2,85.07,1.49E7,14,19322,20210114_Weissrot_325_T12_trypsin_EThcD_120min_2uL.raw,2,2,90,100,,
5,6,Thalassiosira_weissflogii_0201860448,R.YVEIKHGR.I,N,29.01,1000.5454,8,0.3,501.2802,2,20.99,9.92E6,14,3711,20210114_Weissrot_325_T12_trypsin_EThcD_120min_2uL.raw,5,5,69,76,,
5,6,Thalassiosira_weissflogii_0201860448,R.AGVHLPGNIDYAGN.S,Y,28.93,1396.6735,14,-0.5,699.3436,2,79.91,1.04E7,13,25219,20210112_Weissrot_325_T12_trypsin_DDA_120min_2uL.raw,5,5,90,103,,
5,6,Thalassiosira_weissflogii_0201860448,D.VTGEGEFVGDFR.N,N,28.91,1311.6095,12,1.3,656.8129,2,78.91,1.64E5,15,24130,20210117_Weissrot_325_T12_trypsin_DDA_120min_2uL_dup.raw,3,3,242,253,,
5,6,Thalassiosira_weissflogii_0201860448,L.DDADQERFDR.L,N,28.83,1265.5272,10,1.2,422.8502,3,31.81,1.78E8,14,6326,20210114_Weissrot_325_T12_trypsin_EThcD_120min_2uL.raw,8,8,57,66,,
5,6,Thalassiosira_weissflogii_0201860448,R.AGVHLPGNIDYA.G,N,28.35,1225.6091,12,1.0,613.8124,2,84.24,4.16E7,14,19112,20210114_Weissrot_325_T12_trypsin_EThcD_120min_2uL.raw,3,3,90,101,,
5,6,Thalassiosira_weissflogii_0201860448,R.AIELNNGR.A,N,27.43,885.4668,8,1.1,443.7412,2,36.94,1.06E9,13,10613,20210112_Weissrot_325_T12_trypsin_DDA_120min_2uL.raw,7,7,274,281,,
5,6,Thalassiosira_weissflogii_0201860448,Q.LGGSLPIVGEM(+15.99),Y,27.22,1087.5583,11,0.5,544.7867,2,87.82,1.45E6,13,28366,20210112_Weissrot_325_T12_trypsin_DDA_120min_2uL.raw,4,4,296,306,Oxidation (M),M11:Oxidation (M):1000.00
5,6,Thalassiosira_weissflogii_0201860448,R.NGALDFGWDK(+15.99)FDAETK(+42.01).L,Y,26.84,1870.8373,16,-0.4,624.6194,3,107.95,1.57E6,13,37161,20210112_Weissrot_325_T12_trypsin_DDA_120min_2uL.raw,3,3,254,269,Oxidation(KPRY); Acetylation (K),K10:Oxidation(KPRY):6.67;K16:Acetylation (K):6.67
5,6,Thalassiosira_weissflogii_0201860448,A.QLAFLGNIITR.A,N,24.46,1244.7241,11,-1.4,623.3685,2,114.09,5.46E5,13,39900,20210112_Weissrot_325_T12_trypsin_DDA_120min_2uL.raw,1,1,79,89,,
5,6,Thalassiosira_weissflogii_0201860448,T.GEGEFVGDFR.N,N,24.31,1111.4934,10,1.2,556.7546,2,73.54,2.07E6,15,22077,20210117_Weissrot_325_T12_trypsin_DDA_120min_2uL_dup.raw,3,3,244,253,,
5,6,Thalassiosira_weissflogii_0201860448,R.NGALDFGWDK(+15.99).F,Y,23.89,1137.5090,10,0.4,569.7620,2,90.67,8.85E4,15,28738,20210117_Weissrot_325_T12_trypsin_DDA_120min_2uL_dup.raw,1,1,254,263,Oxidation(KPRY),K10:Oxidation(KPRY):1000.00
5,6,Thalassiosira_weissflogii_0201860448,R.AGVHLPGNID.Y,N,23.59,991.5087,10,0.7,496.7620,2,70.65,1.51E7,14,15685,20210114_Weissrot_325_T12_trypsin_EThcD_120min_2uL.raw,2,2,90,99,,
5,6,Thalassiosira_weissflogii_0201860448,L.GLLDDADQER.F,N,22.68,1130.5204,10,-0.5,566.2672,2,60.37,6.43E6,13,18002,20210112_Weissrot_325_T12_trypsin_DDA_120min_2uL.raw,1,1,54,63,,
5,6,Thalassiosira_weissflogii_0201860448,R.LRYVEIK.H,N,22.67,919.5491,7,-1.0,460.7814,2,53.31,1.12E7,13,15784,20210112_Weissrot_325_T12_trypsin_DDA_120min_2uL.raw,2,2,67,73,,
5,6,Thalassiosira_weissflogii_0201860448,L.GGSLPIVGEM,Y,21.83,958.4794,10,0.9,480.2474,2,103.74,9.88E5,14,24144,20210114_Weissrot_325_T12_trypsin_EThcD_120min_2uL.raw,1,1,297,306,,
5,6,Thalassiosira_weissflogii_0201860448,L.GLLDDADQERFD.R,N,21.27,1392.6157,12,0.2,697.3152,2,84.10,8.38E5,13,26889,20210112_Weissrot_325_T12_trypsin_DDA_120min_2uL.raw,1,1,54,65,,
5,6,Thalassiosira_weissflogii_0201860448,L.AFLGNIITR.A,N,21.23,1003.5814,9,-0.8,502.7976,2,92.71,8.96E5,13,30471,20210112_Weissrot_325_T12_trypsin_DDA_120min_2uL.raw,1,1,81,89,,
5,6,Thalassiosira_weissflogii_0201860448,R.AGVHLPGNIDYAGNS.F,Y,21.06,1483.7056,15,1.3,742.8610,2,79.06,1.79E4,13,24888,20210112_Weissrot_325_T12_trypsin_DDA_120min_2uL.raw,1,1,90,104,,
5,6,Thalassiosira_weissflogii_0201860448,L.RYVEIK.H,N,21.01,806.4650,6,0.0,404.2398,2,31.57,5.8E7,14,6271,20210114_Weissrot_325_T12_trypsin_EThcD_120min_2uL.raw,1,1,68,73,,
8,19,tr|A0A089VKF6|A0A089VKF6_THAWE,R.VHTVVLNDPGR.L,Y,43.52,1205.6516,11,0.5,402.8914,3,43.53,1.59E6,14,9119,20210114_Weissrot_325_T12_trypsin_EThcD_120min_2uL.raw,3,3,8,18,,
8,19,tr|A0A089VKF6|A0A089VKF6_THAWE,N.GQTFKDAPTVK.K,Y,34.56,1190.6295,11,-0.2,596.3219,2,39.80,5.15E6,13,11461,20210112_Weissrot_325_T12_trypsin_DDA_120min_2uL.raw,4,4,408,418,,
8,19,tr|A0A089VKF6|A0A089VKF6_THAWE,R.TGEPALDLPK.I,Y,33.72,1039.5549,10,-0.7,520.7844,2,69.50,7.23E6,13,21176,20210112_Weissrot_325_T12_trypsin_DDA_120min_2uL.raw,8,8,128,137,,
8,19,tr|A0A089VKF6|A0A089VKF6_THAWE,N.GQTFKDAPTVKK.F,Y,33.69,1318.7245,12,0.4,440.5823,3,30.35,2.6E6,14,5976,20210114_Weissrot_325_T12_trypsin_EThcD_120min_2uL.raw,1,1,408,419,,
8,19,tr|A0A089VKF6|A0A089VKF6_THAWE,R.KAQLGEVFEFDR.T,Y,33.47,1437.7252,12,0.7,480.2494,3,108.45,7.7E5,14,25391,20210114_Weissrot_325_T12_trypsin_EThcD_120min_2uL.raw,3,3,423,434,,
8,19,tr|A0A089VKF6|A0A089VKF6_THAWE,D.KLAFYDYIGNNPAK.G,Y,31.65,1612.8248,14,1.3,538.6163,3,106.49,2.66E6,14,24867,20210114_Weissrot_325_T12_trypsin_EThcD_120min_2uL.raw,2,2,308,321,,
8,19,tr|A0A089VKF6|A0A089VKF6_THAWE,K.AQLGEVFEFDR.T,Y,29.72,1309.6302,11,-0.7,655.8220,2,100.53,6.61E5,13,33780,20210112_Weissrot_325_T12_trypsin_DDA_120min_2uL.raw,2,2,424,434,,
8,19,tr|A0A089VKF6|A0A089VKF6_THAWE,R.TSLESDGVFR.S,Y,29.24,1109.5353,10,0.7,555.7753,2,64.95,3.99E7,15,18949,20210117_Weissrot_325_T12_trypsin_DDA_120min_2uL_dup.raw,6,6,435,444,,
8,19,tr|A0A089VKF6|A0A089VKF6_THAWE,E.SFPVILVDK.D,Y,28.14,1016.5906,9,-0.1,509.3025,2,95.58,2.16E6,13,31668,20210112_Weissrot_325_T12_trypsin_DDA_120min_2uL.raw,4,4,365,373,,
8,19,tr|A0A089VKF6|A0A089VKF6_THAWE,R.YQWDSGYFQQEIER.Q,Y,28.03,1847.8114,14,-0.7,924.9123,2,100.95,2.05E5,13,33971,20210112_Weissrot_325_T12_trypsin_DDA_120min_2uL.raw,1,1,273,286,,
8,19,tr|A0A089VKF6|A0A089VKF6_THAWE,K.LNGQTFK.D,Y,27.45,806.4286,7,-0.3,404.2215,2,33.91,4.22E6,13,9656,20210112_Weissrot_325_T12_trypsin_DDA_120min_2uL.raw,2,2,406,412,,
8,19,tr|A0A089VKF6|A0A089VKF6_THAWE,F.YDYIGNNPAK.G,Y,26.30,1153.5404,10,-0.6,577.7772,2,50.99,2.83E6,13,15058,20210112_Weissrot_325_T12_trypsin_DDA_120min_2uL.raw,2,2,312,321,,
8,19,tr|A0A089VKF6|A0A089VKF6_THAWE,R.IPDKLAFYDY.I,Y,26.11,1243.6124,10,0.0,622.8135,2,100.20,1.08E7,13,33633,20210112_Weissrot_325_T12_trypsin_DDA_120min_2uL.raw,3,3,305,314,,
8,19,tr|A0A089VKF6|A0A089VKF6_THAWE,R.TIFRDVFTG.I,Y,25.53,1054.5447,9,1.1,528.2802,2,96.12,1E6,14,22163,20210114_Weissrot_325_T12_trypsin_EThcD_120min_2uL.raw,1,1,473,481,,
8,19,tr|A0A089VKF6|A0A089VKF6_THAWE,Y.ELAVFDPSDPVLNP.M,Y,25.11,1511.7507,14,-1.1,756.8818,2,114.35,8.64E5,13,40004,20210112_Weissrot_325_T12_trypsin_DDA_120min_2uL.raw,1,1,41,54,,
8,19,tr|A0A089VKF6|A0A089VKF6_THAWE,R.SGPMNKGDGIAE.A,Y,25.03,1174.5288,12,0.3,588.2719,2,39.39,8.91E5,13,11325,20210112_Weissrot_325_T12_trypsin_DDA_120min_2uL.raw,2,2,327,338,,
8,19,tr|A0A089VKF6|A0A089VKF6_THAWE,V.GVTVDFYGGK.L,Y,24.44,1041.5131,10,-0.3,521.7637,2,71.54,1.06E6,13,21908,20210112_Weissrot_325_T12_trypsin_DDA_120min_2uL.raw,2,2,396,405,,
8,19,tr|A0A089VKF6|A0A089VKF6_THAWE,D.YIGNNPAK.G,Y,24.10,875.4501,8,-0.7,438.7320,2,25.17,4.28E6,13,6562,20210112_Weissrot_325_T12_trypsin_DDA_120min_2uL.raw,2,2,314,321,,
8,19,tr|A0A089VKF6|A0A089VKF6_THAWE,L.AFYDYIGNNPAK.G,Y,23.98,1371.6459,12,-0.2,686.8301,2,80.38,2.89E5,13,25399,20210112_Weissrot_325_T12_trypsin_DDA_120min_2uL.raw,3,3,310,321,,
8,19,tr|A0A089VKF6|A0A089VKF6_THAWE,R.KAQLGEVFEF.D,Y,23.74,1166.5972,10,-1.0,584.3053,2,109.58,5.12E6,13,37866,20210112_Weissrot_325_T12_trypsin_DDA_120min_2uL.raw,2,2,423,432,,
8,19,tr|A0A089VKF6|A0A089VKF6_THAWE,T.VVLNDPGR.L,Y,23.71,868.4766,8,2.6,435.2467,2,35.75,8.15E6,15,9686,20210117_Weissrot_325_T12_trypsin_DDA_120min_2uL_dup.raw,2,2,11,18,,
8,19,tr|A0A089VKF6|A0A089VKF6_THAWE,T.VVLNDPGRLISV.H,Y,22.79,1280.7452,12,-0.6,641.3795,2,96.23,1.67E4,13,31941,20210112_Weissrot_325_T12_trypsin_DDA_120min_2uL.raw,1,1,11,22,,
8,19,tr|A0A089VKF6|A0A089VKF6_THAWE,D.YIGNNPAKGGL.F,Y,22.47,1102.5770,11,1.1,552.2964,2,53.33,5.07E5,14,11463,20210114_Weissrot_325_T12_trypsin_EThcD_120min_2uL.raw,1,1,314,324,,
8,19,tr|A0A089VKF6|A0A089VKF6_THAWE,R.SGPMNKGDGIAEA.W,Y,22.04,1245.5659,13,0.0,623.7902,2,43.90,1.61E6,13,12749,20210112_Weissrot_325_T12_trypsin_DDA_120min_2uL.raw,1,1,327,339,,
8,19,tr|A0A089VKF6|A0A089VKF6_THAWE,A.FYDYIGNNPAK.G,Y,21.61,1300.6088,11,1.9,651.3129,2,69.93,3.31E5,15,20697,20210117_Weissrot_325_T12_trypsin_DDA_120min_2uL_dup.raw,1,1,311,321,,
8,19,tr|A0A089VKF6|A0A089VKF6_THAWE,T.SLESDGVFR.S,Y,21.40,1008.4876,9,0.9,505.2515,2,63.21,1.94E6,15,18337,20210117_Weissrot_325_T12_trypsin_DDA_120min_2uL_dup.raw,1,1,436,444,,
8,19,tr|A0A089VKF6|A0A089VKF6_THAWE,R.IPDKLAFYD.Y,Y,20.88,1080.5491,9,0.7,541.2822,2,87.19,2.5E6,14,19865,20210114_Weissrot_325_T12_trypsin_EThcD_120min_2uL.raw,1,1,305,313,,
8,20,Thalassiosira_weissflogii_0203103378,R.VHTVVLNDPGR.L,Y,43.52,1205.6516,11,0.5,402.8914,3,43.53,1.59E6,14,9119,20210114_Weissrot_325_T12_trypsin_EThcD_120min_2uL.raw,3,3,8,18,,
8,20,Thalassiosira_weissflogii_0203103378,N.GQTFKDAPTVK.K,Y,34.56,1190.6295,11,-0.2,596.3219,2,39.80,5.15E6,13,11461,20210112_Weissrot_325_T12_trypsin_DDA_120min_2uL.raw,4,4,408,418,,
8,20,Thalassiosira_weissflogii_0203103378,R.TGEPALDLPK.I,Y,33.72,1039.5549,10,-0.7,520.7844,2,69.50,7.23E6,13,21176,20210112_Weissrot_325_T12_trypsin_DDA_120min_2uL.raw,8,8,128,137,,
8,20,Thalassiosira_weissflogii_0203103378,N.GQTFKDAPTVKK.F,Y,33.69,1318.7245,12,0.4,440.5823,3,30.35,2.6E6,14,5976,20210114_Weissrot_325_T12_trypsin_EThcD_120min_2uL.raw,1,1,408,419,,
8,20,Thalassiosira_weissflogii_0203103378,R.KAQLGEVFEFDR.T,Y,33.47,1437.7252,12,0.7,480.2494,3,108.45,7.7E5,14,25391,20210114_Weissrot_325_T12_trypsin_EThcD_120min_2uL.raw,3,3,423,434,,
8,20,Thalassiosira_weissflogii_0203103378,D.KLAFYDYIGNNPAK.G,Y,31.65,1612.8248,14,1.3,538.6163,3,106.49,2.66E6,14,24867,20210114_Weissrot_325_T12_trypsin_EThcD_120min_2uL.raw,2,2,308,321,,
8,20,Thalassiosira_weissflogii_0203103378,K.AQLGEVFEFDR.T,Y,29.72,1309.6302,11,-0.7,655.8220,2,100.53,6.61E5,13,33780,20210112_Weissrot_325_T12_trypsin_DDA_120min_2uL.raw,2,2,424,434,,
8,20,Thalassiosira_weissflogii_0203103378,R.TSLESDGVFR.S,Y,29.24,1109.5353,10,0.7,555.7753,2,64.95,3.99E7,15,18949,20210117_Weissrot_325_T12_trypsin_DDA_120min_2uL_dup.raw,6,6,435,444,,
8,20,Thalassiosira_weissflogii_0203103378,E.SFPVILVDK.D,Y,28.14,1016.5906,9,-0.1,509.3025,2,95.58,2.16E6,13,31668,20210112_Weissrot_325_T12_trypsin_DDA_120min_2uL.raw,4,4,365,373,,
8,20,Thalassiosira_weissflogii_0203103378,R.YQWDSGYFQQEIER.Q,Y,28.03,1847.8114,14,-0.7,924.9123,2,100.95,2.05E5,13,33971,20210112_Weissrot_325_T12_trypsin_DDA_120min_2uL.raw,1,1,273,286,,
8,20,Thalassiosira_weissflogii_0203103378,K.LNGQTFK.D,Y,27.45,806.4286,7,-0.3,404.2215,2,33.91,4.22E6,13,9656,20210112_Weissrot_325_T12_trypsin_DDA_120min_2uL.raw,2,2,406,412,,
8,20,Thalassiosira_weissflogii_0203103378,F.YDYIGNNPAK.G,Y,26.30,1153.5404,10,-0.6,577.7772,2,50.99,2.83E6,13,15058,20210112_Weissrot_325_T12_trypsin_DDA_120min_2uL.raw,2,2,312,321,,
8,20,Thalassiosira_weissflogii_0203103378,R.IPDKLAFYDY.I,Y,26.11,1243.6124,10,0.0,622.8135,2,100.20,1.08E7,13,33633,20210112_Weissrot_325_T12_trypsin_DDA_120min_2uL.raw,3,3,305,314,,
8,20,Thalassiosira_weissflogii_0203103378,R.TIFRDVFTG.I,Y,25.53,1054.5447,9,1.1,528.2802,2,96.12,1E6,14,22163,20210114_Weissrot_325_T12_trypsin_EThcD_120min_2uL.raw,1,1,473,481,,
8,20,Thalassiosira_weissflogii_0203103378,Y.ELAVFDPSDPVLNP.M,Y,25.11,1511.7507,14,-1.1,756.8818,2,114.35,8.64E5,13,40004,20210112_Weissrot_325_T12_trypsin_DDA_120min_2uL.raw,1,1,41,54,,
8,20,Thalassiosira_weissflogii_0203103378,R.SGPMNKGDGIAE.A,Y,25.03,1174.5288,12,0.3,588.2719,2,39.39,8.91E5,13,11325,20210112_Weissrot_325_T12_trypsin_DDA_120min_2uL.raw,2,2,327,338,,
8,20,Thalassiosira_weissflogii_0203103378,V.GVTVDFYGGK.L,Y,24.44,1041.5131,10,-0.3,521.7637,2,71.54,1.06E6,13,21908,20210112_Weissrot_325_T12_trypsin_DDA_120min_2uL.raw,2,2,396,405,,
8,20,Thalassiosira_weissflogii_0203103378,D.YIGNNPAK.G,Y,24.10,875.4501,8,-0.7,438.7320,2,25.17,4.28E6,13,6562,20210112_Weissrot_325_T12_trypsin_DDA_120min_2uL.raw,2,2,314,321,,
8,20,Thalassiosira_weissflogii_0203103378,L.AFYDYIGNNPAK.G,Y,23.98,1371.6459,12,-0.2,686.8301,2,80.38,2.89E5,13,25399,20210112_Weissrot_325_T12_trypsin_DDA_120min_2uL.raw,3,3,310,321,,
8,20,Thalassiosira_weissflogii_0203103378,R.KAQLGEVFEF.D,Y,23.74,1166.5972,10,-1.0,584.3053,2,109.58,5.12E6,13,37866,20210112_Weissrot_325_T12_trypsin_DDA_120min_2uL.raw,2,2,423,432,,
8,20,Thalassiosira_weissflogii_0203103378,T.VVLNDPGR.L,Y,23.71,868.4766,8,2.6,435.2467,2,35.75,8.15E6,15,9686,20210117_Weissrot_325_T12_trypsin_DDA_120min_2uL_dup.raw,2,2,11,18,,
8,20,Thalassiosira_weissflogii_0203103378,T.VVLNDPGRLISV.H,Y,22.79,1280.7452,12,-0.6,641.3795,2,96.23,1.67E4,13,31941,20210112_Weissrot_325_T12_trypsin_DDA_120min_2uL.raw,1,1,11,22,,
8,20,Thalassiosira_weissflogii_0203103378,D.YIGNNPAKGGL.F,Y,22.47,1102.5770,11,1.1,552.2964,2,53.33,5.07E5,14,11463,20210114_Weissrot_325_T12_trypsin_EThcD_120min_2uL.raw,1,1,314,324,,
8,20,Thalassiosira_weissflogii_0203103378,R.SGPMNKGDGIAEA.W,Y,22.04,1245.5659,13,0.0,623.7902,2,43.90,1.61E6,13,12749,20210112_Weissrot_325_T12_trypsin_DDA_120min_2uL.raw,1,1,327,339,,
8,20,Thalassiosira_weissflogii_0203103378,A.FYDYIGNNPAK.G,Y,21.61,1300.6088,11,1.9,651.3129,2,69.93,3.31E5,15,20697,20210117_Weissrot_325_T12_trypsin_DDA_120min_2uL_dup.raw,1,1,311,321,,
8,20,Thalassiosira_weissflogii_0203103378,T.SLESDGVFR.S,Y,21.40,1008.4876,9,0.9,505.2515,2,63.21,1.94E6,15,18337,20210117_Weissrot_325_T12_trypsin_DDA_120min_2uL_dup.raw,1,1,436,444,,
8,20,Thalassiosira_weissflogii_0203103378,R.IPDKLAFYD.Y,Y,20.88,1080.5491,9,0.7,541.2822,2,87.19,2.5E6,14,19865,20210114_Weissrot_325_T12_trypsin_EThcD_120min_2uL.raw,1,1,305,313,,
10,16,tr|A0A089VNZ5|A0A089VNZ5_THAWE,R.DYTPANNYNNLLDR.V,Y,42.63,1681.7695,14,0.0,841.8920,2,81.12,1.74E6,13,25676,20210112_Weissrot_325_T12_trypsin_DDA_120min_2uL.raw,7,7,416,429,,
10,16,tr|A0A089VNZ5|A0A089VNZ5_THAWE,R.ALGRPQDMFSDK.A,Y,36.66,1363.6554,12,0.8,455.5594,3,67.59,1.14E7,14,14932,20210114_Weissrot_325_T12_trypsin_EThcD_120min_2uL.raw,8,8,464,475,,
10,16,tr|A0A089VNZ5|A0A089VNZ5_THAWE,R.DLM(+15.99)AQLYPSFGK.G,Y,35.78,1384.6697,12,0.2,693.3422,2,91.35,5.12E5,13,29885,20210112_Weissrot_325_T12_trypsin_DDA_120min_2uL.raw,4,4,248,259,Oxidation (M),M3:Oxidation (M):1000.00
10,16,tr|A0A089VNZ5|A0A089VNZ5_THAWE,A.FGGDVIEVGGK.I,Y,35.18,1076.5502,11,1.2,539.2830,2,66.67,1.3E7,15,19559,20210117_Weissrot_325_T12_trypsin_DDA_120min_2uL_dup.raw,5,5,510,520,,
10,16,tr|A0A089VNZ5|A0A089VNZ5_THAWE,R.DLMAQLYPSFGK.G,Y,33.21,1368.6747,12,-1.0,685.3439,2,111.11,3.91E6,13,38620,20210112_Weissrot_325_T12_trypsin_DDA_120min_2uL.raw,4,4,248,259,,
10,16,tr|A0A089VNZ5|A0A089VNZ5_THAWE,S.YAFGGDVIEVGGK.I,Y,32.99,1310.6506,13,1.3,656.3334,2,87.26,6.24E6,13,28143,20210112_Weissrot_325_T12_trypsin_DDA_120min_2uL.raw,4,4,508,520,,
10,16,tr|A0A089VNZ5|A0A089VNZ5_THAWE,Q.EIPLPHEFIINR.D,Y,32.54,1476.8088,12,0.4,493.2771,3,105.91,1.94E7,14,24715,20210114_Weissrot_325_T12_trypsin_EThcD_120min_2uL.raw,10,10,236,247,,
10,16,tr|A0A089VNZ5|A0A089VNZ5_THAWE,T.SYAFGGDVIEVGGK.I,Y,31.98,1397.6826,14,0.9,699.8492,2,86.12,1.51E6,15,26875,20210117_Weissrot_325_T12_trypsin_DDA_120min_2uL_dup.raw,2,2,507,520,,
10,16,tr|A0A089VNZ5|A0A089VNZ5_THAWE,K.QSSQVVWPIVGQ.E,Y,28.98,1326.6932,12,1.4,664.3548,2,101.47,3.18E6,15,33156,20210117_Weissrot_325_T12_trypsin_DDA_120min_2uL_dup.raw,4,4,113,124,,
10,16,tr|A0A089VNZ5|A0A089VNZ5_THAWE,Y.AFGGDVIEVGGK.I,Y,28.96,1147.5873,12,0.6,574.8013,2,71.93,1E7,15,21421,20210117_Weissrot_325_T12_trypsin_DDA_120min_2uL_dup.raw,5,5,509,520,,
10,16,tr|A0A089VNZ5|A0A089VNZ5_THAWE,R.AVGLAHYLLGGIGTT.W,Y,28.87,1441.7928,15,-0.5,721.9033,2,119.67,2.89E5,13,42209,20210112_Weissrot_325_T12_trypsin_DDA_120min_2uL.raw,3,3,726,740,,
10,16,tr|A0A089VNZ5|A0A089VNZ5_THAWE,F.DSQTNSLEEVSR.K,Y,27.38,1363.6216,12,0.7,682.8185,2,47.98,5.14E5,13,14091,20210112_Weissrot_325_T12_trypsin_DDA_120min_2uL.raw,3,3,60,71,,
10,16,tr|A0A089VNZ5|A0A089VNZ5_THAWE,R.ALSITQGR.A,Y,27.07,844.4766,8,0.5,423.2458,2,42.18,1.95E7,15,11568,20210117_Weissrot_325_T12_trypsin_DDA_120min_2uL_dup.raw,4,4,718,725,,
10,16,tr|A0A089VNZ5|A0A089VNZ5_THAWE,K.AIQLQPIFAQ.W,Y,26.15,1127.6339,10,1.2,564.8249,2,103.53,1.61E7,15,33916,20210117_Weissrot_325_T12_trypsin_DDA_120min_2uL_dup.raw,3,3,476,485,,
10,16,tr|A0A089VNZ5|A0A089VNZ5_THAWE,F.GGDVIEVGGK.I,Y,25.94,929.4818,10,0.8,465.7485,2,43.29,4.41E6,15,11877,20210117_Weissrot_325_T12_trypsin_DDA_120min_2uL_dup.raw,2,2,511,520,,
10,16,tr|A0A089VNZ5|A0A089VNZ5_THAWE,A.NNYNNLLDR.V,Y,25.19,1134.5417,9,-0.7,568.2778,2,64.68,9.67E6,13,19502,20210112_Weissrot_325_T12_trypsin_DDA_120min_2uL.raw,2,2,421,429,,
10,16,tr|A0A089VNZ5|A0A089VNZ5_THAWE,L.GFRFPC(+57.02)DGPGR.G,Y,22.81,1264.5770,11,-0.1,422.5329,3,67.97,2.35E5,13,20614,20210112_Weissrot_325_T12_trypsin_DDA_120min_2uL.raw,1,1,570,580,Carbamidomethylation,C6:Carbamidomethylation:1000.00
10,16,tr|A0A089VNZ5|A0A089VNZ5_THAWE,K.TTTWIWNLHAD.A,Y,22.55,1356.6462,11,-0.9,679.3298,2,112.07,1.02E6,13,39042,20210112_Weissrot_325_T12_trypsin_DDA_120min_2uL.raw,2,2,45,55,,
10,16,tr|A0A089VNZ5|A0A089VNZ5_THAWE,H.EFIINR.D,Y,21.70,790.4337,6,0.9,396.2245,2,58.79,2.02E5,15,16817,20210117_Weissrot_325_T12_trypsin_DDA_120min_2uL_dup.raw,1,1,242,247,,
10,16,tr|A0A089VNZ5|A0A089VNZ5_THAWE,K.IAMMPIK.L,Y,21.51,802.4445,7,0.3,402.2296,2,68.78,2.02E5,15,20282,20210117_Weissrot_325_T12_trypsin_DDA_120min_2uL_dup.raw,1,1,521,527,,
10,16,tr|A0A089VNZ5|A0A089VNZ5_THAWE,L.MAQLYPSFGK.G,Y,21.49,1140.5637,10,-0.3,571.2889,2,83.10,2.05E5,13,26471,20210112_Weissrot_325_T12_trypsin_DDA_120min_2uL.raw,1,1,250,259,,
10,16,tr|A0A089VNZ5|A0A089VNZ5_THAWE,K.WAQPGHFSR.T,Y,21.29,1084.5203,9,-0.6,543.2671,2,48.99,1.63E5,13,14408,20210112_Weissrot_325_T12_trypsin_DDA_120min_2uL.raw,1,1,29,37,,
10,16,tr|A0A089VNZ5|A0A089VNZ5_THAWE,Y.SDFLTFK.G,Y,21.16,856.4330,7,-0.5,429.2236,2,88.04,5.45E6,13,28463,20210112_Weissrot_325_T12_trypsin_DDA_120min_2uL.raw,1,1,273,279,,
10,16,tr|A0A089VNZ5|A0A089VNZ5_THAWE,M.AQLYPSFGK.G,Y,21.14,1009.5233,9,1.8,505.7698,2,71.30,6.3E5,15,21169,20210117_Weissrot_325_T12_trypsin_DDA_120min_2uL_dup.raw,1,1,251,259,,
11,17,Thalassiosira_weissflogii_0203264230,K.DVTGEAEFVGDFR.N,N,43.93,1440.6521,13,-0.3,721.3331,2,94.19,3.98E6,13,31100,20210112_Weissrot_325_T12_trypsin_DDA_120min_2uL.raw,10,10,28,40,,
11,17,Thalassiosira_weissflogii_0203264230,R.NGALDFGWDSFDEETK.L,N,40.26,1829.7744,16,-0.3,915.8942,2,114.66,6.51E6,13,40109,20210112_Weissrot_325_T12_trypsin_DDA_120min_2uL.raw,4,4,41,56,,
11,17,Thalassiosira_weissflogii_0203264230,K.RAIELNNGR.A,N,31.75,1041.5679,9,-0.7,521.7908,2,30.75,7.93E6,13,8715,20210112_Weissrot_325_T12_trypsin_DDA_120min_2uL.raw,4,4,60,68,,
11,17,Thalassiosira_weissflogii_0203264230,T.GEAEFVGDFR.N,N,29.92,1125.5090,10,-0.8,563.7614,2,79.29,1.08E7,13,24981,20210112_Weissrot_325_T12_trypsin_DDA_120min_2uL.raw,4,4,31,40,,
11,17,Thalassiosira_weissflogii_0203264230,R.AIELNNGR.A,N,27.43,885.4668,8,1.1,443.7412,2,36.94,1.06E9,13,10613,20210112_Weissrot_325_T12_trypsin_DDA_120min_2uL.raw,7,7,61,68,,
11,17,Thalassiosira_weissflogii_0203264230,Q.LGGELPIVGQM,Y,27.14,1112.5900,11,-0.2,557.3021,2,113.54,1.83E6,13,39672,20210112_Weissrot_325_T12_trypsin_DDA_120min_2uL.raw,5,5,83,93,,
11,17,Thalassiosira_weissflogii_0203264230,G.EAEFVGDFR.N,N,25.82,1068.4875,9,1.1,535.2516,2,76.79,2.87E5,13,24004,20210112_Weissrot_325_T12_trypsin_DDA_120min_2uL.raw,1,1,32,40,,
11,17,Thalassiosira_weissflogii_0203264230,F.IGALELGVMK.D,N,25.60,1029.5892,10,1.4,515.8026,2,87.89,1.46E5,15,27570,20210117_Weissrot_325_T12_trypsin_DDA_120min_2uL_dup.raw,1,1,18,27,,
11,17,Thalassiosira_weissflogii_0203264230,F.DEETKLSK.R,N,25.21,948.4764,8,0.0,475.2455,2,18.11,1.03E6,15,3933,20210117_Weissrot_325_T12_trypsin_DDA_120min_2uL_dup.raw,1,1,52,59,,
11,17,Thalassiosira_weissflogii_0203264230,F.GWDSFDEETK.L,N,25.18,1212.4934,10,-0.1,607.2539,2,72.30,1.76E7,13,22191,20210112_Weissrot_325_T12_trypsin_DDA_120min_2uL.raw,2,2,47,56,,
11,17,Thalassiosira_weissflogii_0203264230,L.DFGWDSFDEETK.L,N,25.02,1474.5889,12,0.0,738.3017,2,101.44,1.6E7,13,34192,20210112_Weissrot_325_T12_trypsin_DDA_120min_2uL.raw,1,1,45,56,,
11,17,Thalassiosira_weissflogii_0203264230,Q.LGGELPIVGQM(+15.99),Y,24.73,1128.5848,11,-1.0,565.2991,2,88.74,6.61E5,13,28766,20210112_Weissrot_325_T12_trypsin_DDA_120min_2uL.raw,2,2,83,93,Oxidation (M),M11:Oxidation (M):1000.00
11,17,Thalassiosira_weissflogii_0203264230,S.FDEETK.L,N,22.83,767.3337,6,0.9,384.6745,2,21.87,1.66E8,14,3929,20210114_Weissrot_325_T12_trypsin_EThcD_120min_2uL.raw,4,4,51,56,,
11,17,Thalassiosira_weissflogii_0203264230,L.GGELPIVGQM,Y,22.58,999.5059,10,1.1,500.7608,2,103.88,2.44E6,14,24182,20210114_Weissrot_325_T12_trypsin_EThcD_120min_2uL.raw,1,1,84,93,,
11,17,Thalassiosira_weissflogii_0203264230,V.TGEAEFVGDFR.N,N,21.70,1226.5568,11,1.1,614.2863,2,78.98,1.71E5,15,24159,20210117_Weissrot_325_T12_trypsin_DDA_120min_2uL_dup.raw,1,1,30,40,,
11,17,Thalassiosira_weissflogii_0203264230,D.SFDEETK.L,N,21.41,854.3657,7,-0.8,428.1898,2,26.37,8.08E5,14,5027,20210114_Weissrot_325_T12_trypsin_EThcD_120min_2uL.raw,1,1,50,56,,
11,17,Thalassiosira_weissflogii_0203264230,W.DSFDEETK.L,N,21.22,969.3927,8,-0.5,485.7034,2,32.48,1.83E7,13,9257,20210112_Weissrot_325_T12_trypsin_DDA_120min_2uL.raw,1,1,49,56,,
6,18,Thalassiosira_weissflogii_0203172898,I.DFGWDKFDEETK.L,Y,36.23,1515.6517,12,1.0,506.2250,3,93.42,1.21E7,14,21466,20210114_Weissrot_325_T12_trypsin_EThcD_120min_2uL.raw,9,9,155,166,,
6,18,Thalassiosira_weissflogii_0203172898,K.DVTGQGEFVGDFR.N,Y,35.79,1425.6525,13,1.0,713.8342,2,80.85,2.33E5,15,24899,20210117_Weissrot_325_T12_trypsin_DDA_120min_2uL_dup.raw,2,2,138,150,,
6,18,Thalassiosira_weissflogii_0203172898,K.RAIELNNGR.A,N,31.75,1041.5679,9,-0.7,521.7908,2,30.75,7.93E6,13,8715,20210112_Weissrot_325_T12_trypsin_DDA_120min_2uL.raw,4,4,170,178,,
6,18,Thalassiosira_weissflogii_0203172898,K.LGGELPIVGPM.X,N,31.02,1081.5841,11,-1.2,541.7987,2,113.66,3.61E6,13,39719,20210112_Weissrot_325_T12_trypsin_DDA_120min_2uL.raw,6,6,193,203,,
6,18,Thalassiosira_weissflogii_0203172898,K.LGGELPIVGPM(+15.99).X,N,30.62,1097.5791,11,1.6,549.7977,2,89.37,2.49E6,15,28186,20210117_Weissrot_325_T12_trypsin_DDA_120min_2uL_dup.raw,6,6,193,203,Oxidation (M),M11:Oxidation (M):1000.00
6,18,Thalassiosira_weissflogii_0203172898,A.FLGNIITR.A,N,29.81,932.5443,8,-0.1,467.2794,2,83.28,1.69E8,13,26541,20210112_Weissrot_325_T12_trypsin_DDA_120min_2uL.raw,18,18,77,84,,
6,18,Thalassiosira_weissflogii_0203172898,R.YVEIKHGR.I,N,29.01,1000.5454,8,0.3,501.2802,2,20.99,9.92E6,14,3711,20210114_Weissrot_325_T12_trypsin_EThcD_120min_2uL.raw,5,5,64,71,,
6,18,Thalassiosira_weissflogii_0203172898,F.GWDKFDEETK.L,Y,27.92,1253.5564,10,0.8,418.8597,3,59.03,2.3E7,14,12848,20210114_Weissrot_325_T12_trypsin_EThcD_120min_2uL.raw,8,8,157,166,,
6,18,Thalassiosira_weissflogii_0203172898,R.NGFIDFGWDK.F,Y,27.47,1197.5454,10,0.6,599.7803,2,108.81,1.22E6,15,35748,20210117_Weissrot_325_T12_trypsin_DDA_120min_2uL_dup.raw,3,3,151,160,,
6,18,Thalassiosira_weissflogii_0203172898,R.AIELNNGR.A,N,27.43,885.4668,8,1.1,443.7412,2,36.94,1.06E9,13,10613,20210112_Weissrot_325_T12_trypsin_DDA_120min_2uL.raw,7,7,171,178,,
6,18,Thalassiosira_weissflogii_0203172898,L.GGELPIVGPM(+15.99).X,N,25.19,984.4950,10,1.0,493.2553,2,78.13,6.23E5,15,23842,20210117_Weissrot_325_T12_trypsin_DDA_120min_2uL_dup.raw,2,2,194,203,Oxidation (M),M10:Oxidation (M):1000.00
6,18,Thalassiosira_weissflogii_0203172898,W.DKFDEETK.L,Y,24.75,1010.4556,8,-0.2,506.2350,2,23.69,4.08E7,14,4383,20210114_Weissrot_325_T12_trypsin_EThcD_120min_2uL.raw,2,2,159,166,,
6,18,Thalassiosira_weissflogii_0203172898,R.AGIHLPGNIDTA.G,Y,24.69,1177.6091,12,-0.4,589.8116,2,82.23,2.73E6,13,26122,20210112_Weissrot_325_T12_trypsin_DDA_120min_2uL.raw,2,2,85,96,,
6,18,Thalassiosira_weissflogii_0203172898,C.QLAFLGNIITR.A,N,24.46,1244.7241,11,-1.4,623.3685,2,114.09,5.46E5,13,39900,20210112_Weissrot_325_T12_trypsin_DDA_120min_2uL.raw,1,1,74,84,,
6,18,Thalassiosira_weissflogii_0203172898,K.FDEETK.L,N,22.83,767.3337,6,0.9,384.6745,2,21.87,1.66E8,14,3929,20210114_Weissrot_325_T12_trypsin_EThcD_120min_2uL.raw,4,4,161,166,,
6,18,Thalassiosira_weissflogii_0203172898,R.LRYVEIK.H,N,22.67,919.5491,7,-1.0,460.7814,2,53.31,1.12E7,13,15784,20210112_Weissrot_325_T12_trypsin_DDA_120min_2uL.raw,2,2,62,68,,
6,18,Thalassiosira_weissflogii_0203172898,R.AGIHLPGNIDT.A,Y,22.51,1106.5720,11,0.0,554.2933,2,80.99,1.45E6,14,18283,20210114_Weissrot_325_T12_trypsin_EThcD_120min_2uL.raw,1,1,85,95,,
6,18,Thalassiosira_weissflogii_0203172898,L.LDEAGQAR.F,Y,21.60,858.4195,8,0.9,430.2174,2,18.12,3E5,15,3936,20210117_Weissrot_325_T12_trypsin_DDA_120min_2uL_dup.raw,1,1,51,58,,
6,18,Thalassiosira_weissflogii_0203172898,L.AFLGNIITR.A,N,21.23,1003.5814,9,-0.8,502.7976,2,92.71,8.96E5,13,30471,20210112_Weissrot_325_T12_trypsin_DDA_120min_2uL.raw,1,1,76,84,,
6,18,Thalassiosira_weissflogii_0203172898,L.RYVEIK.H,N,21.01,806.4650,6,0.0,404.2398,2,31.57,5.8E7,14,6271,20210114_Weissrot_325_T12_trypsin_EThcD_120min_2uL.raw,1,1,63,68,,
13,31,tr|A0A089VIJ5|A0A089VIJ5_THAWE,R.DYDPELNKNNVLAR.M,Y,41.98,1659.8217,14,-0.7,554.2808,3,64.82,2.93E7,13,19546,20210112_Weissrot_325_T12_trypsin_DDA_120min_2uL.raw,7,7,396,409,,
13,31,tr|A0A089VIJ5|A0A089VIJ5_THAWE,K.DFGYSFPC(+57.02)DGPGR.G,Y,37.50,1473.5983,13,0.6,737.8069,2,85.39,1.77E7,13,27384,20210112_Weissrot_325_T12_trypsin_DDA_120min_2uL.raw,7,7,551,563,Carbamidomethylation,C8:Carbamidomethylation:1000.00
13,31,tr|A0A089VIJ5|A0A089VIJ5_THAWE,K.EILDAHRPPGGR.L,Y,34.86,1316.6948,12,1.0,439.9060,3,36.57,4.33E6,14,7451,20210114_Weissrot_325_T12_trypsin_EThcD_120min_2uL.raw,5,5,302,313,,
13,31,tr|A0A089VIJ5|A0A089VIJ5_THAWE,R.DKPVALSIVQAR.L,Y,34.58,1295.7561,12,-0.5,432.9258,3,72.93,4.23E6,13,22408,20210112_Weissrot_325_T12_trypsin_DDA_120min_2uL.raw,7,7,694,705,,
13,31,tr|A0A089VIJ5|A0A089VIJ5_THAWE,K.Q(-17.03)ILFEPLFAEY.I,Y,28.00,1351.6699,11,5.4,676.8459,2,132.20,9.31E3,14,31480,20210114_Weissrot_325_T12_trypsin_EThcD_120min_2uL.raw,1,1,451,461,Pyro-glu from Q,Q1:Pyro-glu from Q:1000.00
13,31,tr|A0A089VIJ5|A0A089VIJ5_THAWE,K.WVTNPLK.T,Y,27.63,856.4807,7,0.9,429.2480,2,67.43,2.71E7,15,19806,20210117_Weissrot_325_T12_trypsin_DDA_120min_2uL_dup.raw,5,5,77,83,,
13,31,tr|A0A089VIJ5|A0A089VIJ5_THAWE,R.TPLANLIR.W,Y,27.16,896.5443,8,-0.8,449.2791,2,84.38,8.04E6,13,26987,20210112_Weissrot_325_T12_trypsin_DDA_120min_2uL.raw,5,5,684,691,,
13,31,tr|A0A089VIJ5|A0A089VIJ5_THAWE,K.IGPGDFLVH.H,Y,26.99,953.4970,9,1.1,477.7563,2,94.80,2.24E6,14,21822,20210114_Weissrot_325_T12_trypsin_EThcD_120min_2uL.raw,1,1,511,519,,
13,31,tr|A0A089VIJ5|A0A089VIJ5_THAWE,G.M(+15.99)TEENLYQK.I,Y,24.89,1170.5227,9,0.8,586.2691,2,35.00,4.83E5,15,9479,20210117_Weissrot_325_T12_trypsin_DDA_120min_2uL_dup.raw,1,1,37,45,Oxidation (M),M1:Oxidation (M):1000.00
13,31,tr|A0A089VIJ5|A0A089VIJ5_THAWE,F.GYSFPC(+57.02)DGPGR.G,Y,24.40,1211.5029,11,1.2,606.7595,2,60.15,4.28E5,15,17272,20210117_Weissrot_325_T12_trypsin_DDA_120min_2uL_dup.raw,1,1,553,563,Carbamidomethylation,C6:Carbamidomethylation:1000.00
13,31,tr|A0A089VIJ5|A0A089VIJ5_THAWE,P.VALSIVQAR.L,Y,22.32,955.5814,9,1.1,478.7985,2,66.68,2.35E6,15,19560,20210117_Weissrot_325_T12_trypsin_DDA_120min_2uL_dup.raw,2,2,697,705,,
13,31,tr|A0A089VIJ5|A0A089VIJ5_THAWE,K.IGPGDFLVHHAIAL.G,Y,22.11,1458.7983,14,-0.8,487.2730,3,132.58,0,13,46370,20210112_Weissrot_325_T12_trypsin_DDA_120min_2uL.raw,1,1,511,524,,
13,31,tr|A0A089VIJ5|A0A089VIJ5_THAWE,Y.ALTPYAYLSK.D,Y,21.21,1125.6069,10,1.9,563.8118,2,82.79,3.5E5,15,25622,20210117_Weissrot_325_T12_trypsin_DDA_120min_2uL_dup.raw,1,1,353,362,,
14,14,Thalassiosira_weissflogii_0171348692,Y.STEFDNILIVGPIAGK.T,Y,43.37,1672.9036,16,-1.8,837.4576,2,116.11,7.04E5,13,40729,20210112_Weissrot_325_T12_trypsin_DDA_120min_2uL.raw,2,2,136,151,,
14,14,Thalassiosira_weissflogii_0171348692,A.YPVFAQQGYSNPR.A,Y,34.76,1525.7313,13,1.2,763.8738,2,68.14,2.76E6,15,20057,20210117_Weissrot_325_T12_trypsin_DDA_120min_2uL_dup.raw,6,6,31,43,,
14,14,Thalassiosira_weissflogii_0171348692,K.YLTYPFYAGGNR.G,Y,33.27,1420.6775,12,0.6,711.3464,2,93.14,2.3E6,13,30637,20210112_Weissrot_325_T12_trypsin_DDA_120min_2uL.raw,2,2,173,184,,
14,14,Thalassiosira_weissflogii_0171348692,R.GRGQVYPTGEK.S,Y,31.50,1190.6044,11,1.4,596.3103,2,24.64,8.51E4,15,6416,20210117_Weissrot_325_T12_trypsin_DDA_120min_2uL_dup.raw,2,2,185,195,,
14,14,Thalassiosira_weissflogii_0171348692,L.NVGGILILPK.G,Y,28.69,1022.6488,10,0.0,512.3317,2,95.11,1.19E7,13,31466,20210112_Weissrot_325_T12_trypsin_DDA_120min_2uL.raw,2,2,100,109,,
14,14,Thalassiosira_weissflogii_0171348692,R.GQVYPTGEK.S,Y,27.20,977.4818,9,-0.4,489.7480,2,31.31,5.28E6,13,8885,20210112_Weissrot_325_T12_trypsin_DDA_120min_2uL.raw,2,2,187,195,,
14,14,Thalassiosira_weissflogii_0171348692,A.GQITDITTTEK.G,Y,25.44,1205.6139,11,0.6,603.8146,2,47.96,1.2E5,15,13334,20210117_Weissrot_325_T12_trypsin_DDA_120min_2uL_dup.raw,1,1,207,217,,
14,14,Thalassiosira_weissflogii_0171348692,T.QAGQITDITTTEK.G,Y,23.55,1404.7096,13,1.1,703.3629,2,50.91,3.03E5,15,14296,20210117_Weissrot_325_T12_trypsin_DDA_120min_2uL_dup.raw,1,1,205,217,,
14,14,Thalassiosira_weissflogii_0171348692,F.GATQAGQITDITTTEKGE.S,Y,21.71,1819.8799,18,1.1,910.9482,2,58.59,1.05E5,15,16749,20210117_Weissrot_325_T12_trypsin_DDA_120min_2uL_dup.raw,1,1,202,219,,
14,14,Thalassiosira_weissflogii_0171348692,L.IVGPIAGK.T,Y,21.10,753.4749,8,-0.8,377.7444,2,43.17,1.55E6,13,12478,20210112_Weissrot_325_T12_trypsin_DDA_120min_2uL.raw,1,1,144,151,,
14,14,Thalassiosira_weissflogii_0171348692,D.NILIVGPIAGK.T,Y,21.08,1093.6859,11,-0.7,547.8499,2,91.30,3.01E6,13,29864,20210112_Weissrot_325_T12_trypsin_DDA_120min_2uL.raw,1,1,141,151,,
14,15,tr|A0A089VIP5|A0A089VIP5_THAWE,Y.STEFDNILIVGPIAGK.T,Y,43.37,1672.9036,16,-1.8,837.4576,2,116.11,7.04E5,13,40729,20210112_Weissrot_325_T12_trypsin_DDA_120min_2uL.raw,2,2,136,151,,
14,15,tr|A0A089VIP5|A0A089VIP5_THAWE,A.YPVFAQQGYSNPR.A,Y,34.76,1525.7313,13,1.2,763.8738,2,68.14,2.76E6,15,20057,20210117_Weissrot_325_T12_trypsin_DDA_120min_2uL_dup.raw,6,6,31,43,,
14,15,tr|A0A089VIP5|A0A089VIP5_THAWE,K.YLTYPFYAGGNR.G,Y,33.27,1420.6775,12,0.6,711.3464,2,93.14,2.3E6,13,30637,20210112_Weissrot_325_T12_trypsin_DDA_120min_2uL.raw,2,2,173,184,,
14,15,tr|A0A089VIP5|A0A089VIP5_THAWE,R.GRGQVYPTGEK.S,Y,31.50,1190.6044,11,1.4,596.3103,2,24.64,8.51E4,15,6416,20210117_Weissrot_325_T12_trypsin_DDA_120min_2uL_dup.raw,2,2,185,195,,
14,15,tr|A0A089VIP5|A0A089VIP5_THAWE,L.NVGGILILPK.G,Y,28.69,1022.6488,10,0.0,512.3317,2,95.11,1.19E7,13,31466,20210112_Weissrot_325_T12_trypsin_DDA_120min_2uL.raw,2,2,100,109,,
14,15,tr|A0A089VIP5|A0A089VIP5_THAWE,R.GQVYPTGEK.S,Y,27.20,977.4818,9,-0.4,489.7480,2,31.31,5.28E6,13,8885,20210112_Weissrot_325_T12_trypsin_DDA_120min_2uL.raw,2,2,187,195,,
14,15,tr|A0A089VIP5|A0A089VIP5_THAWE,A.GQITDITTTEK.G,Y,25.44,1205.6139,11,0.6,603.8146,2,47.96,1.2E5,15,13334,20210117_Weissrot_325_T12_trypsin_DDA_120min_2uL_dup.raw,1,1,207,217,,
14,15,tr|A0A089VIP5|A0A089VIP5_THAWE,T.QAGQITDITTTEK.G,Y,23.55,1404.7096,13,1.1,703.3629,2,50.91,3.03E5,15,14296,20210117_Weissrot_325_T12_trypsin_DDA_120min_2uL_dup.raw,1,1,205,217,,
14,15,tr|A0A089VIP5|A0A089VIP5_THAWE,F.GATQAGQITDITTTEKGE.S,Y,21.71,1819.8799,18,1.1,910.9482,2,58.59,1.05E5,15,16749,20210117_Weissrot_325_T12_trypsin_DDA_120min_2uL_dup.raw,1,1,202,219,,
14,15,tr|A0A089VIP5|A0A089VIP5_THAWE,L.IVGPIAGK.T,Y,21.10,753.4749,8,-0.8,377.7444,2,43.17,1.55E6,13,12478,20210112_Weissrot_325_T12_trypsin_DDA_120min_2uL.raw,1,1,144,151,,
14,15,tr|A0A089VIP5|A0A089VIP5_THAWE,D.NILIVGPIAGK.T,Y,21.08,1093.6859,11,-0.7,547.8499,2,91.30,3.01E6,13,29864,20210112_Weissrot_325_T12_trypsin_DDA_120min_2uL.raw,1,1,141,151,,
17,80,Thalassiosira_weissflogii_0203204228,K.RQTSELQHGR.V,Y,41.91,1210.6167,10,1.1,404.5466,3,15.59,1.25E6,14,2338,20210114_Weissrot_325_T12_trypsin_EThcD_120min_2uL.raw,3,3,150,159,,
17,80,Thalassiosira_weissflogii_0203204228,R.FGYDFIPGK.L,Y,39.10,1042.5123,9,0.0,522.2634,2,93.29,4.14E6,13,30701,20210112_Weissrot_325_T12_trypsin_DDA_120min_2uL.raw,3,3,88,96,,
17,80,Thalassiosira_weissflogii_0203204228,L.AFLELIR.H,N,25.83,860.5120,7,0.7,431.2635,2,102.26,1.37E6,13,34602,20210112_Weissrot_325_T12_trypsin_DDA_120min_2uL.raw,3,3,164,170,,
17,80,Thalassiosira_weissflogii_0203204228,R.QTSELQHGR.V,Y,24.24,1054.5155,9,0.1,528.2651,2,17.49,6.51E4,13,3222,20210112_Weissrot_325_T12_trypsin_DDA_120min_2uL.raw,1,1,151,159,,
17,80,Thalassiosira_weissflogii_0203204228,Y.VAPETYR.F,Y,24.02,834.4235,7,-0.5,418.2188,2,30.34,1.24E6,13,8586,20210112_Weissrot_325_T12_trypsin_DDA_120min_2uL.raw,1,1,81,87,,
17,80,Thalassiosira_weissflogii_0203204228,G.LSDGISEEK.F,Y,22.85,976.4713,9,-0.2,489.2428,2,35.66,4.65E5,13,10183,20210112_Weissrot_325_T12_trypsin_DDA_120min_2uL.raw,1,1,50,58,,
17,80,Thalassiosira_weissflogii_0203204228,L.SDGISEEK.F,Y,22.08,863.3872,8,-0.5,432.7007,2,20.46,2.84E6,14,3576,20210114_Weissrot_325_T12_trypsin_EThcD_120min_2uL.raw,1,1,51,58,,
17,80,Thalassiosira_weissflogii_0203204228,Q.TSELQHGR.V,Y,21.83,926.4570,8,0.8,464.2361,2,15.22,3.95E4,15,2644,20210117_Weissrot_325_T12_trypsin_DDA_120min_2uL_dup.raw,1,1,152,159,,
16,27,Thalassiosira_weissflogii_0203239758,R.AAEDPEFETFYTK.N,N,37.23,1546.6827,13,-0.4,774.3483,2,85.60,4.23E5,13,27469,20210112_Weissrot_325_T12_trypsin_DDA_120min_2uL.raw,1,1,107,119,,
16,27,Thalassiosira_weissflogii_0203239758,R.DIESTGFAWWSGNAR.L,N,34.23,1695.7642,15,0.0,848.8893,2,115.34,1.22E5,13,40421,20210112_Weissrot_325_T12_trypsin_DDA_120min_2uL.raw,2,2,162,176,,
16,27,Thalassiosira_weissflogii_0203239758,R.AAAAGFEK.G,Y,30.58,763.3864,8,0.9,382.7008,2,27.66,3.78E6,14,5342,20210114_Weissrot_325_T12_trypsin_EThcD_120min_2uL.raw,2,2,585,592,,
16,27,Thalassiosira_weissflogii_0203239758,E.STGFAWWSGNAR.L,N,29.32,1338.6105,12,-0.7,670.3121,2,101.18,2.49E6,13,34077,20210112_Weissrot_325_T12_trypsin_DDA_120min_2uL.raw,2,2,165,176,,
16,27,Thalassiosira_weissflogii_0203239758,E.INSVNYVSPR.S,Y,27.14,1147.5985,10,1.1,574.8072,2,49.03,1.01E7,15,13682,20210117_Weissrot_325_T12_trypsin_DDA_120min_2uL_dup.raw,3,3,549,558,,
16,27,Thalassiosira_weissflogii_0203239758,T.EINSVNYVSPR.S,Y,25.58,1276.6411,11,0.8,639.3284,2,55.38,3.32E5,13,16434,20210112_Weissrot_325_T12_trypsin_DDA_120min_2uL.raw,1,1,548,558,,
16,27,Thalassiosira_weissflogii_0203239758,N.SVNYVSPR.S,Y,23.82,920.4716,8,1.5,461.2437,2,36.59,1.59E6,15,9924,20210117_Weissrot_325_T12_trypsin_DDA_120min_2uL_dup.raw,1,1,551,558,,
16,27,Thalassiosira_weissflogii_0203239758,T.GFAWWSGNAR.L,N,23.63,1150.5308,10,-0.3,576.2725,2,100.29,3.05E6,13,33672,20210112_Weissrot_325_T12_trypsin_DDA_120min_2uL.raw,1,1,167,176,,
16,27,Thalassiosira_weissflogii_0203239758,S.VNYVSPR.S,Y,21.52,833.4395,7,0.9,417.7274,2,34.02,1.98E6,15,9202,20210117_Weissrot_325_T12_trypsin_DDA_120min_2uL_dup.raw,2,2,552,558,,
15,21,tr|A0A089VKJ7|A0A089VKJ7_THAWE,C.GTDGLPHLVADGR.W,Y,32.86,1306.6630,13,0.8,436.5620,3,66.69,3.51E6,14,14708,20210114_Weissrot_325_T12_trypsin_EThcD_120min_2uL.raw,3,3,88,100,,
15,21,tr|A0A089VKJ7|A0A089VKJ7_THAWE,K.C(+57.02)SESPAFTK.R,Y,31.84,1025.4487,9,0.9,513.7321,2,34.61,8.75E6,15,9370,20210117_Weissrot_325_T12_trypsin_DDA_120min_2uL_dup.raw,4,4,32,40,Carbamidomethylation,C1:Carbamidomethylation:1000.00
15,21,tr|A0A089VKJ7|A0A089VKJ7_THAWE,K.C(+57.02)SESPAFTKR.L,Y,31.00,1181.5499,10,0.4,394.8574,3,29.79,8.62E6,14,5841,20210114_Weissrot_325_T12_trypsin_EThcD_120min_2uL.raw,4,4,32,41,Carbamidomethylation,C1:Carbamidomethylation:1000.00
15,21,tr|A0A089VKJ7|A0A089VKJ7_THAWE,Y.EADSPPALALK.Q,Y,29.42,1110.5920,11,-0.7,556.3029,2,65.82,4.48E6,13,19878,20210112_Weissrot_325_T12_trypsin_DDA_120min_2uL.raw,3,3,57,67,,
15,21,tr|A0A089VKJ7|A0A089VKJ7_THAWE,D.SPPALALK.Q,Y,24.33,795.4854,8,0.0,398.7500,2,57.19,1.7E6,13,16996,20210112_Weissrot_325_T12_trypsin_DDA_120min_2uL.raw,3,3,60,67,,
15,21,tr|A0A089VKJ7|A0A089VKJ7_THAWE,Y.EADSPPALALKQ.Q,Y,22.68,1238.6506,12,1.3,620.3334,2,61.49,8.28E5,15,17761,20210117_Weissrot_325_T12_trypsin_DDA_120min_2uL_dup.raw,1,1,57,68,,
15,21,tr|A0A089VKJ7|A0A089VKJ7_THAWE,D.SPPALALKQ.Q,Y,21.83,923.5439,9,-0.1,462.7792,2,55.45,1.13E6,13,16459,20210112_Weissrot_325_T12_trypsin_DDA_120min_2uL.raw,1,1,60,68,,
15,21,tr|A0A089VKJ7|A0A089VKJ7_THAWE,A.DSPPALALKQ.Q,Y,21.11,1038.5709,10,-0.5,520.2925,2,59.89,6.76E5,13,17855,20210112_Weissrot_325_T12_trypsin_DDA_120min_2uL.raw,1,1,59,68,,
18,359,tr|A0A089VKF1|A0A089VKF1_THAWE,A.AIGPGIGQGNAAGQAVEGIAR.Q,Y,34.30,1906.0020,21,-0.9,636.3407,3,80.21,2.7E6,13,25342,20210112_Weissrot_325_T12_trypsin_DDA_120min_2uL.raw,5,5,21,41,,
18,359,tr|A0A089VKF1|A0A089VKF1_THAWE,A.AIGPGIGQGNAAGQ.A,Y,29.68,1209.6101,14,0.9,605.8129,2,50.92,1.87E7,15,14298,20210117_Weissrot_325_T12_trypsin_DDA_120min_2uL_dup.raw,2,2,21,34,,
18,359,tr|A0A089VKF1|A0A089VKF1_THAWE,G.NAAGQAVEGIAR.Q,Y,23.70,1155.5996,12,-0.7,578.8067,2,51.65,7.31E5,13,15261,20210112_Weissrot_325_T12_trypsin_DDA_120min_2uL.raw,2,2,30,41,,
18,359,tr|A0A089VKF1|A0A089VKF1_THAWE,N.AAGQAVEGIAR.Q,Y,23.30,1041.5566,11,-1.1,521.7850,2,42.47,7.51E5,13,12280,20210112_Weissrot_325_T12_trypsin_DDA_120min_2uL.raw,2,2,31,41,,
18,359,tr|A0A089VKF1|A0A089VKF1_THAWE,A.AIGPGIGQGNAA.G,Y,22.38,1024.5302,12,-0.3,513.2722,2,55.17,5.56E6,13,16366,20210112_Weissrot_325_T12_trypsin_DDA_120min_2uL.raw,2,2,21,32,,
18,359,tr|A0A089VKF1|A0A089VKF1_THAWE,A.GQAVEGIAR.Q,Y,21.77,899.4824,9,0.7,450.7488,2,33.37,3.89E6,15,9017,20210117_Weissrot_325_T12_trypsin_DDA_120min_2uL_dup.raw,2,2,33,41,,
18,359,tr|A0A089VKF1|A0A089VKF1_THAWE,A.AIGPGIGQGNAAGQAVEG.I,Y,21.29,1565.7798,18,1.2,783.8981,2,63.64,5.49E5,15,18494,20210117_Weissrot_325_T12_trypsin_DDA_120min_2uL_dup.raw,1,1,21,38,,
21,2,Thalassiosira_weissflogii_0203603364,K.GDATYLIVK.E,Y,32.42,978.5386,9,1.3,490.2772,2,70.78,2.85E6,14,15717,20210114_Weissrot_325_T12_trypsin_EThcD_120min_2uL.raw,3,3,118,126,,
21,2,Thalassiosira_weissflogii_0203603364,K.DALGNEIM(+15.99)AK.E,Y,27.57,1076.5172,10,1.0,539.2664,2,49.66,4.17E5,15,13875,20210117_Weissrot_325_T12_trypsin_DDA_120min_2uL_dup.raw,1,1,90,99,Oxidation (M),M8:Oxidation (M):1000.00
21,2,Thalassiosira_weissflogii_0203603364,R.GPAPLPLALAHLD.V,Y,27.05,1283.7238,13,-0.6,642.8688,2,115.65,3.17E5,13,40537,20210112_Weissrot_325_T12_trypsin_DDA_120min_2uL.raw,1,1,174,186,,
21,2,Thalassiosira_weissflogii_0203603364,R.TDGKPWWT,Y,25.82,989.4607,8,0.5,495.7379,2,85.30,4.04E6,13,27349,20210112_Weissrot_325_T12_trypsin_DDA_120min_2uL.raw,3,3,205,212,,
21,2,Thalassiosira_weissflogii_0203603364,F.SPWTETDFR.T,Y,22.57,1137.5090,9,-0.2,569.7617,2,76.84,3.41E5,13,24024,20210112_Weissrot_325_T12_trypsin_DDA_120min_2uL.raw,1,1,196,204,,
23,48,Thalassiosira_weissflogii_0203215658,R.VINTWADIINR.A,Y,31.70,1313.7092,11,0.1,657.8619,2,102.12,1.27E6,13,34521,20210112_Weissrot_325_T12_trypsin_DDA_120min_2uL.raw,3,3,332,342,,
23,48,Thalassiosira_weissflogii_0203215658,R.EGVSLWER.F,Y,29.62,974.4821,8,0.2,488.2484,2,77.42,1.19E6,13,24230,20210112_Weissrot_325_T12_trypsin_DDA_120min_2uL.raw,2,2,28,35,,
23,48,Thalassiosira_weissflogii_0203215658,R.EWELSYR.L,Y,24.37,981.4556,7,-0.1,491.7350,2,79.44,8.49E5,13,25041,20210112_Weissrot_325_T12_trypsin_DDA_120min_2uL.raw,2,2,149,155,,
23,48,Thalassiosira_weissflogii_0203215658,Y.NGGPYQLIVLH.F,Y,21.14,1209.6506,11,0.0,605.8326,2,96.99,1.67E6,13,32258,20210112_Weissrot_325_T12_trypsin_DDA_120min_2uL.raw,2,2,127,137,,
23,47,tr|A0A089VPE6|A0A089VPE6_THAWE,R.VINTWADIINR.A,Y,31.70,1313.7092,11,0.1,657.8619,2,102.12,1.27E6,13,34521,20210112_Weissrot_325_T12_trypsin_DDA_120min_2uL.raw,3,3,313,323,,
23,47,tr|A0A089VPE6|A0A089VPE6_THAWE,R.EGVSLWER.F,Y,29.62,974.4821,8,0.2,488.2484,2,77.42,1.19E6,13,24230,20210112_Weissrot_325_T12_trypsin_DDA_120min_2uL.raw,2,2,9,16,,
23,47,tr|A0A089VPE6|A0A089VPE6_THAWE,R.EWELSYR.L,Y,24.37,981.4556,7,-0.1,491.7350,2,79.44,8.49E5,13,25041,20210112_Weissrot_325_T12_trypsin_DDA_120min_2uL.raw,2,2,130,136,,
23,47,tr|A0A089VPE6|A0A089VPE6_THAWE,Y.NGGPYQLIVLH.F,Y,21.14,1209.6506,11,0.0,605.8326,2,96.99,1.67E6,13,32258,20210112_Weissrot_325_T12_trypsin_DDA_120min_2uL.raw,2,2,108,118,,
20,67,tr|A0A089VKN5|A0A089VKN5_THAWE,A.HVDC(+57.02)PGHADYVK.N,Y,27.59,1396.6194,12,0.2,466.5471,3,28.82,1.39E6,14,5609,20210114_Weissrot_325_T12_trypsin_EThcD_120min_2uL.raw,2,2,79,90,Carbamidomethylation,C4:Carbamidomethylation:1000.00
20,67,tr|A0A089VKN5|A0A089VKN5_THAWE,Y.AHVDC(+57.02)PGHADYVKN.M,Y,23.49,1581.6993,14,0.9,528.2408,3,29.35,6.07E6,14,5738,20210114_Weissrot_325_T12_trypsin_EThcD_120min_2uL.raw,1,1,78,91,Carbamidomethylation,C5:Carbamidomethylation:1000.00
20,67,tr|A0A089VKN5|A0A089VKN5_THAWE,A.HVDC(+57.02)PGHADYVKN.M,Y,23.06,1510.6622,13,0.8,504.5617,3,26.34,1.13E6,15,7020,20210117_Weissrot_325_T12_trypsin_DDA_120min_2uL_dup.raw,1,1,79,91,Carbamidomethylation,C4:Carbamidomethylation:1000.00
20,67,tr|A0A089VKN5|A0A089VKN5_THAWE,A.HVDC(+57.02)PGHADY.V,Y,22.49,1169.4559,10,-0.4,585.7350,2,30.69,4.15E5,13,8697,20210112_Weissrot_325_T12_trypsin_DDA_120min_2uL.raw,1,1,79,88,Carbamidomethylation,C4:Carbamidomethylation:1000.00
20,67,tr|A0A089VKN5|A0A089VKN5_THAWE,Y.AHVDC(+57.02)PGHAD.Y,Y,22.25,1077.4298,10,-0.1,539.7221,2,18.55,1.46E6,13,3700,20210112_Weissrot_325_T12_trypsin_DDA_120min_2uL.raw,2,2,78,87,Carbamidomethylation,C5:Carbamidomethylation:1000.00
20,66,Thalassiosira_weissflogii_0203257228,A.HVDC(+57.02)PGHADYVK.N,Y,27.59,1396.6194,12,0.2,466.5471,3,28.82,1.39E6,14,5609,20210114_Weissrot_325_T12_trypsin_EThcD_120min_2uL.raw,2,2,79,90,Carbamidomethylation,C4:Carbamidomethylation:1000.00
20,66,Thalassiosira_weissflogii_0203257228,Y.AHVDC(+57.02)PGHADYVKN.M,Y,23.49,1581.6993,14,0.9,528.2408,3,29.35,6.07E6,14,5738,20210114_Weissrot_325_T12_trypsin_EThcD_120min_2uL.raw,1,1,78,91,Carbamidomethylation,C5:Carbamidomethylation:1000.00
20,66,Thalassiosira_weissflogii_0203257228,A.HVDC(+57.02)PGHADYVKN.M,Y,23.06,1510.6622,13,0.8,504.5617,3,26.34,1.13E6,15,7020,20210117_Weissrot_325_T12_trypsin_DDA_120min_2uL_dup.raw,1,1,79,91,Carbamidomethylation,C4:Carbamidomethylation:1000.00
20,66,Thalassiosira_weissflogii_0203257228,A.HVDC(+57.02)PGHADY.V,Y,22.49,1169.4559,10,-0.4,585.7350,2,30.69,4.15E5,13,8697,20210112_Weissrot_325_T12_trypsin_DDA_120min_2uL.raw,1,1,79,88,Carbamidomethylation,C4:Carbamidomethylation:1000.00
20,66,Thalassiosira_weissflogii_0203257228,Y.AHVDC(+57.02)PGHAD.Y,Y,22.25,1077.4298,10,-0.1,539.7221,2,18.55,1.46E6,13,3700,20210112_Weissrot_325_T12_trypsin_DDA_120min_2uL.raw,2,2,78,87,Carbamidomethylation,C5:Carbamidomethylation:1000.00
24,103,Thalassiosira_weissflogii_0201773708,R.ANYDFIPGK.L,Y,29.72,1023.5025,9,0.4,512.7587,2,74.21,5.55E6,13,22945,20210112_Weissrot_325_T12_trypsin_DDA_120min_2uL.raw,3,3,88,96,,
24,103,Thalassiosira_weissflogii_0201773708,K.YVGGTEEDLK.T,N,29.62,1109.5240,10,-0.7,555.7689,2,42.30,3.34E6,13,12232,20210112_Weissrot_325_T12_trypsin_DDA_120min_2uL.raw,3,3,142,151,,
24,103,Thalassiosira_weissflogii_0201773708,K.MITGLP(+15.99)FLYE,N,24.38,1198.5944,10,1.8,600.3055,2,127.76,5.1E4,14,30477,20210114_Weissrot_325_T12_trypsin_EThcD_120min_2uL.raw,1,1,187,196,Oxidation(KPRY),P6:Oxidation(KPRY):0.00
27,143,Thalassiosira_weissflogii_0203358160,R.LYTSEIVHC(+57.02)R.L,Y,32.45,1276.6234,10,1.0,426.5488,3,53.91,1.19E6,14,11605,20210114_Weissrot_325_T12_trypsin_EThcD_120min_2uL.raw,2,2,166,175,Carbamidomethylation,C9:Carbamidomethylation:1000.00
27,143,Thalassiosira_weissflogii_0203358160,K.SIPFLTVPEK.L,Y,26.84,1129.6383,10,1.2,565.8271,2,99.14,3.99E5,15,32112,20210117_Weissrot_325_T12_trypsin_DDA_120min_2uL_dup.raw,3,3,35,44,,
27,143,Thalassiosira_weissflogii_0203358160,M.GLSDIQTDLR.Y,Y,24.19,1116.5775,10,0.2,559.2961,2,73.52,1.79E6,13,22643,20210112_Weissrot_325_T12_trypsin_DDA_120min_2uL.raw,3,3,59,68,,
27,143,Thalassiosira_weissflogii_0203358160,K.SIPFLTVPEKLD.G,Y,21.74,1357.7493,12,0.5,679.8823,2,113.55,5.34E4,15,37319,20210117_Weissrot_325_T12_trypsin_DDA_120min_2uL_dup.raw,1,1,35,46,,
27,143,Thalassiosira_weissflogii_0203358160,R.PGTLPGWEGPGWDK.K,Y,21.66,1495.7095,14,-0.5,748.8616,2,94.79,7.89E5,13,31333,20210112_Weissrot_325_T12_trypsin_DDA_120min_2uL.raw,1,1,144,157,,
25,45,Thalassiosira_weissflogii_0201829098,R.APGDFGLDGGFLK.G,Y,28.93,1292.6400,13,-0.7,647.3268,2,102.18,1.77E5,15,33417,20210117_Weissrot_325_T12_trypsin_DDA_120min_2uL_dup.raw,2,2,148,160,,
25,45,Thalassiosira_weissflogii_0201829098,Q.AVLTQGPFPYV,Y,23.40,1190.6335,11,0.5,596.3243,2,112.73,5.28E4,15,37043,20210117_Weissrot_325_T12_trypsin_DDA_120min_2uL_dup.raw,1,1,192,202,,
25,45,Thalassiosira_weissflogii_0201829098,R.FSDFIPVDFLR.E,Y,23.04,1354.6921,11,0.9,678.3539,2,129.61,9.01E3,15,41867,20210117_Weissrot_325_T12_trypsin_DDA_120min_2uL_dup.raw,2,2,59,69,,
25,45,Thalassiosira_weissflogii_0201829098,D.FIPVDFLR.E,Y,20.93,1005.5647,8,1.0,503.7901,2,116.90,5.46E4,15,38386,20210117_Weissrot_325_T12_trypsin_DDA_120min_2uL_dup.raw,1,1,62,69,,
30,40,Thalassiosira_weissflogii_0203380632,M.ETEIINYLNPK.L,Y,29.41,1332.6925,11,1.0,667.3542,2,88.36,2.42E5,15,27781,20210117_Weissrot_325_T12_trypsin_DDA_120min_2uL_dup.raw,1,1,217,227,,
30,40,Thalassiosira_weissflogii_0203380632,T.EIINYLNPK.L,Y,26.61,1102.6022,9,-0.4,552.3082,2,79.74,4.13E6,13,25148,20210112_Weissrot_325_T12_trypsin_DDA_120min_2uL.raw,2,2,219,227,,
30,40,Thalassiosira_weissflogii_0203380632,R.LNPEGYYLFDK.L,Y,24.68,1357.6554,11,3.3,679.8372,2,94.03,5.68E5,15,30078,20210117_Weissrot_325_T12_trypsin_DDA_120min_2uL_dup.raw,2,2,373,383,,
30,40,Thalassiosira_weissflogii_0203380632,K.LTTPGQR.I,Y,22.87,771.4239,7,1.9,386.7200,2,23.35,5.15E5,15,5727,20210117_Weissrot_325_T12_trypsin_DDA_120min_2uL_dup.raw,1,1,228,234,,
30,50,Thalassiosira_weissflogii_0203258562,M.ETEIINYLNPK.L,Y,29.41,1332.6925,11,1.0,667.3542,2,88.36,2.42E5,15,27781,20210117_Weissrot_325_T12_trypsin_DDA_120min_2uL_dup.raw,1,1,185,195,,
30,50,Thalassiosira_weissflogii_0203258562,T.EIINYLNPK.L,Y,26.61,1102.6022,9,-0.4,552.3082,2,79.74,4.13E6,13,25148,20210112_Weissrot_325_T12_trypsin_DDA_120min_2uL.raw,2,2,187,195,,
30,50,Thalassiosira_weissflogii_0203258562,R.LNPEGYYLFDK.L,Y,24.68,1357.6554,11,3.3,679.8372,2,94.03,5.68E5,15,30078,20210117_Weissrot_325_T12_trypsin_DDA_120min_2uL_dup.raw,2,2,358,368,,
30,50,Thalassiosira_weissflogii_0203258562,K.LTTPGQR.I,Y,22.87,771.4239,7,1.9,386.7200,2,23.35,5.15E5,15,5727,20210117_Weissrot_325_T12_trypsin_DDA_120min_2uL_dup.raw,1,1,196,202,,
30,52,Thalassiosira_weissflogii_0203504934,M.ETEIINYLNPK.L,Y,29.41,1332.6925,11,1.0,667.3542,2,88.36,2.42E5,15,27781,20210117_Weissrot_325_T12_trypsin_DDA_120min_2uL_dup.raw,1,1,108,118,,
30,52,Thalassiosira_weissflogii_0203504934,T.EIINYLNPK.L,Y,26.61,1102.6022,9,-0.4,552.3082,2,79.74,4.13E6,13,25148,20210112_Weissrot_325_T12_trypsin_DDA_120min_2uL.raw,2,2,110,118,,
30,52,Thalassiosira_weissflogii_0203504934,R.LNPEGYYLFDK.L,Y,24.68,1357.6554,11,3.3,679.8372,2,94.03,5.68E5,15,30078,20210117_Weissrot_325_T12_trypsin_DDA_120min_2uL_dup.raw,2,2,296,306,,
30,52,Thalassiosira_weissflogii_0203504934,K.LTTPGQR.I,Y,22.87,771.4239,7,1.9,386.7200,2,23.35,5.15E5,15,5727,20210117_Weissrot_325_T12_trypsin_DDA_120min_2uL_dup.raw,1,1,119,125,,
30,41,Thalassiosira_weissflogii_0171353580,M.ETEIINYLNPK.L,Y,29.41,1332.6925,11,1.0,667.3542,2,88.36,2.42E5,15,27781,20210117_Weissrot_325_T12_trypsin_DDA_120min_2uL_dup.raw,1,1,108,118,,
30,41,Thalassiosira_weissflogii_0171353580,T.EIINYLNPK.L,Y,26.61,1102.6022,9,-0.4,552.3082,2,79.74,4.13E6,13,25148,20210112_Weissrot_325_T12_trypsin_DDA_120min_2uL.raw,2,2,110,118,,
30,41,Thalassiosira_weissflogii_0171353580,R.LNPEGYYLFDK.L,Y,24.68,1357.6554,11,3.3,679.8372,2,94.03,5.68E5,15,30078,20210117_Weissrot_325_T12_trypsin_DDA_120min_2uL_dup.raw,2,2,330,340,,
30,41,Thalassiosira_weissflogii_0171353580,K.LTTPGQR.I,Y,22.87,771.4239,7,1.9,386.7200,2,23.35,5.15E5,15,5727,20210117_Weissrot_325_T12_trypsin_DDA_120min_2uL_dup.raw,1,1,119,125,,
30,53,Thalassiosira_weissflogii_0203596494,M.ETEIINYLNPK.L,Y,29.41,1332.6925,11,1.0,667.3542,2,88.36,2.42E5,15,27781,20210117_Weissrot_325_T12_trypsin_DDA_120min_2uL_dup.raw,1,1,184,194,,
30,53,Thalassiosira_weissflogii_0203596494,T.EIINYLNPK.L,Y,26.61,1102.6022,9,-0.4,552.3082,2,79.74,4.13E6,13,25148,20210112_Weissrot_325_T12_trypsin_DDA_120min_2uL.raw,2,2,186,194,,
30,53,Thalassiosira_weissflogii_0203596494,R.LNPEGYYLFDK.L,Y,24.68,1357.6554,11,3.3,679.8372,2,94.03,5.68E5,15,30078,20210117_Weissrot_325_T12_trypsin_DDA_120min_2uL_dup.raw,2,2,340,350,,
30,53,Thalassiosira_weissflogii_0203596494,K.LTTPGQR.I,Y,22.87,771.4239,7,1.9,386.7200,2,23.35,5.15E5,15,5727,20210117_Weissrot_325_T12_trypsin_DDA_120min_2uL_dup.raw,1,1,195,201,,
30,43,Thalassiosira_weissflogii_0201768054,M.ETEIINYLNPK.L,Y,29.41,1332.6925,11,1.0,667.3542,2,88.36,2.42E5,15,27781,20210117_Weissrot_325_T12_trypsin_DDA_120min_2uL_dup.raw,1,1,221,231,,
30,43,Thalassiosira_weissflogii_0201768054,T.EIINYLNPK.L,Y,26.61,1102.6022,9,-0.4,552.3082,2,79.74,4.13E6,13,25148,20210112_Weissrot_325_T12_trypsin_DDA_120min_2uL.raw,2,2,223,231,,
30,43,Thalassiosira_weissflogii_0201768054,R.LNPEGYYLFDK.L,Y,24.68,1357.6554,11,3.3,679.8372,2,94.03,5.68E5,15,30078,20210117_Weissrot_325_T12_trypsin_DDA_120min_2uL_dup.raw,2,2,377,387,,
30,43,Thalassiosira_weissflogii_0201768054,K.LTTPGQR.I,Y,22.87,771.4239,7,1.9,386.7200,2,23.35,5.15E5,15,5727,20210117_Weissrot_325_T12_trypsin_DDA_120min_2uL_dup.raw,1,1,232,238,,
30,55,Thalassiosira_weissflogii_0171384922,M.ETEIINYLNPK.L,Y,29.41,1332.6925,11,1.0,667.3542,2,88.36,2.42E5,15,27781,20210117_Weissrot_325_T12_trypsin_DDA_120min_2uL_dup.raw,1,1,185,195,,
30,55,Thalassiosira_weissflogii_0171384922,T.EIINYLNPK.L,Y,26.61,1102.6022,9,-0.4,552.3082,2,79.74,4.13E6,13,25148,20210112_Weissrot_325_T12_trypsin_DDA_120min_2uL.raw,2,2,187,195,,
30,55,Thalassiosira_weissflogii_0171384922,R.LNPEGYYLFDK.L,Y,24.68,1357.6554,11,3.3,679.8372,2,94.03,5.68E5,15,30078,20210117_Weissrot_325_T12_trypsin_DDA_120min_2uL_dup.raw,2,2,354,364,,
30,55,Thalassiosira_weissflogii_0171384922,K.LTTPGQR.I,Y,22.87,771.4239,7,1.9,386.7200,2,23.35,5.15E5,15,5727,20210117_Weissrot_325_T12_trypsin_DDA_120min_2uL_dup.raw,1,1,196,202,,
30,54,Thalassiosira_weissflogii_0203350278,M.ETEIINYLNPK.L,Y,29.41,1332.6925,11,1.0,667.3542,2,88.36,2.42E5,15,27781,20210117_Weissrot_325_T12_trypsin_DDA_120min_2uL_dup.raw,1,1,217,227,,
30,54,Thalassiosira_weissflogii_0203350278,T.EIINYLNPK.L,Y,26.61,1102.6022,9,-0.4,552.3082,2,79.74,4.13E6,13,25148,20210112_Weissrot_325_T12_trypsin_DDA_120min_2uL.raw,2,2,219,227,,
30,54,Thalassiosira_weissflogii_0203350278,R.LNPEGYYLFDK.L,Y,24.68,1357.6554,11,3.3,679.8372,2,94.03,5.68E5,15,30078,20210117_Weissrot_325_T12_trypsin_DDA_120min_2uL_dup.raw,2,2,373,383,,
30,54,Thalassiosira_weissflogii_0203350278,K.LTTPGQR.I,Y,22.87,771.4239,7,1.9,386.7200,2,23.35,5.15E5,15,5727,20210117_Weissrot_325_T12_trypsin_DDA_120min_2uL_dup.raw,1,1,228,234,,
30,51,Thalassiosira_weissflogii_0203135464,M.ETEIINYLNPK.L,Y,29.41,1332.6925,11,1.0,667.3542,2,88.36,2.42E5,15,27781,20210117_Weissrot_325_T12_trypsin_DDA_120min_2uL_dup.raw,1,1,108,118,,
30,51,Thalassiosira_weissflogii_0203135464,T.EIINYLNPK.L,Y,26.61,1102.6022,9,-0.4,552.3082,2,79.74,4.13E6,13,25148,20210112_Weissrot_325_T12_trypsin_DDA_120min_2uL.raw,2,2,110,118,,
30,51,Thalassiosira_weissflogii_0203135464,R.LNPEGYYLFDK.L,Y,24.68,1357.6554,11,3.3,679.8372,2,94.03,5.68E5,15,30078,20210117_Weissrot_325_T12_trypsin_DDA_120min_2uL_dup.raw,2,2,264,274,,
30,51,Thalassiosira_weissflogii_0203135464,K.LTTPGQR.I,Y,22.87,771.4239,7,1.9,386.7200,2,23.35,5.15E5,15,5727,20210117_Weissrot_325_T12_trypsin_DDA_120min_2uL_dup.raw,1,1,119,125,,
30,56,Thalassiosira_weissflogii_0203474020,M.ETEIINYLNPK.L,Y,29.41,1332.6925,11,1.0,667.3542,2,88.36,2.42E5,15,27781,20210117_Weissrot_325_T12_trypsin_DDA_120min_2uL_dup.raw,1,1,185,195,,
30,56,Thalassiosira_weissflogii_0203474020,T.EIINYLNPK.L,Y,26.61,1102.6022,9,-0.4,552.3082,2,79.74,4.13E6,13,25148,20210112_Weissrot_325_T12_trypsin_DDA_120min_2uL.raw,2,2,187,195,,
30,56,Thalassiosira_weissflogii_0203474020,R.LNPEGYYLFDK.L,Y,24.68,1357.6554,11,3.3,679.8372,2,94.03,5.68E5,15,30078,20210117_Weissrot_325_T12_trypsin_DDA_120min_2uL_dup.raw,2,2,341,351,,
30,56,Thalassiosira_weissflogii_0203474020,K.LTTPGQR.I,Y,22.87,771.4239,7,1.9,386.7200,2,23.35,5.15E5,15,5727,20210117_Weissrot_325_T12_trypsin_DDA_120min_2uL_dup.raw,1,1,196,202,,
30,57,Thalassiosira_weissflogii_0203288872,M.ETEIINYLNPK.L,Y,29.41,1332.6925,11,1.0,667.3542,2,88.36,2.42E5,15,27781,20210117_Weissrot_325_T12_trypsin_DDA_120min_2uL_dup.raw,1,1,208,218,,
30,57,Thalassiosira_weissflogii_0203288872,T.EIINYLNPK.L,Y,26.61,1102.6022,9,-0.4,552.3082,2,79.74,4.13E6,13,25148,20210112_Weissrot_325_T12_trypsin_DDA_120min_2uL.raw,2,2,210,218,,
30,57,Thalassiosira_weissflogii_0203288872,R.LNPEGYYLFDK.L,Y,24.68,1357.6554,11,3.3,679.8372,2,94.03,5.68E5,15,30078,20210117_Weissrot_325_T12_trypsin_DDA_120min_2uL_dup.raw,2,2,364,374,,
30,57,Thalassiosira_weissflogii_0203288872,K.LTTPGQR.I,Y,22.87,771.4239,7,1.9,386.7200,2,23.35,5.15E5,15,5727,20210117_Weissrot_325_T12_trypsin_DDA_120min_2uL_dup.raw,1,1,219,225,,
30,58,Thalassiosira_weissflogii_0203104054,M.ETEIINYLNPK.X,Y,29.41,1332.6925,11,1.0,667.3542,2,88.36,2.42E5,15,27781,20210117_Weissrot_325_T12_trypsin_DDA_120min_2uL_dup.raw,1,1,184,194,,
30,58,Thalassiosira_weissflogii_0203104054,T.EIINYLNPK.X,Y,26.61,1102.6022,9,-0.4,552.3082,2,79.74,4.13E6,13,25148,20210112_Weissrot_325_T12_trypsin_DDA_120min_2uL.raw,2,2,186,194,,
30,58,Thalassiosira_weissflogii_0203104054,R.LNPEGYYLFDK.L,Y,24.68,1357.6554,11,3.3,679.8372,2,94.03,5.68E5,15,30078,20210117_Weissrot_325_T12_trypsin_DDA_120min_2uL_dup.raw,2,2,418,428,,
30,58,Thalassiosira_weissflogii_0203104054,K.LTTPGQR.I,Y,22.87,771.4239,7,1.9,386.7200,2,23.35,5.15E5,15,5727,20210117_Weissrot_325_T12_trypsin_DDA_120min_2uL_dup.raw,1,1,273,279,,
30,59,Thalassiosira_weissflogii_0201798846,M.ETEIINYLNPK.L,Y,29.41,1332.6925,11,1.0,667.3542,2,88.36,2.42E5,15,27781,20210117_Weissrot_325_T12_trypsin_DDA_120min_2uL_dup.raw,1,1,253,263,,
30,59,Thalassiosira_weissflogii_0201798846,T.EIINYLNPK.L,Y,26.61,1102.6022,9,-0.4,552.3082,2,79.74,4.13E6,13,25148,20210112_Weissrot_325_T12_trypsin_DDA_120min_2uL.raw,2,2,255,263,,
30,59,Thalassiosira_weissflogii_0201798846,R.LNPEGYYLFDK.L,Y,24.68,1357.6554,11,3.3,679.8372,2,94.03,5.68E5,15,30078,20210117_Weissrot_325_T12_trypsin_DDA_120min_2uL_dup.raw,2,2,409,419,,
30,59,Thalassiosira_weissflogii_0201798846,K.LTTPGQR.I,Y,22.87,771.4239,7,1.9,386.7200,2,23.35,5.15E5,15,5727,20210117_Weissrot_325_T12_trypsin_DDA_120min_2uL_dup.raw,1,1,264,270,,
30,60,Thalassiosira_weissflogii_0201829586,M.ETEIINYLNPK.X,Y,29.41,1332.6925,11,1.0,667.3542,2,88.36,2.42E5,15,27781,20210117_Weissrot_325_T12_trypsin_DDA_120min_2uL_dup.raw,1,1,208,218,,
30,60,Thalassiosira_weissflogii_0201829586,T.EIINYLNPK.X,Y,26.61,1102.6022,9,-0.4,552.3082,2,79.74,4.13E6,13,25148,20210112_Weissrot_325_T12_trypsin_DDA_120min_2uL.raw,2,2,210,218,,
30,60,Thalassiosira_weissflogii_0201829586,R.LNPEGYYLFDK.L,Y,24.68,1357.6554,11,3.3,679.8372,2,94.03,5.68E5,15,30078,20210117_Weissrot_325_T12_trypsin_DDA_120min_2uL_dup.raw,2,2,442,452,,
30,60,Thalassiosira_weissflogii_0201829586,K.LTTPGQR.I,Y,22.87,771.4239,7,1.9,386.7200,2,23.35,5.15E5,15,5727,20210117_Weissrot_325_T12_trypsin_DDA_120min_2uL_dup.raw,1,1,297,303,,
32,355,tr|A0A089VQE1|A0A089VQE1_THAWE,R.GGESVGQSTLTR.F,Y,32.34,1190.5891,12,1.4,596.3027,2,36.91,2.67E6,15,10016,20210117_Weissrot_325_T12_trypsin_DDA_120min_2uL_dup.raw,3,3,171,182,,
32,355,tr|A0A089VQE1|A0A089VQE1_THAWE,A.AVPVVGPPLVLVLR.G,Y,31.35,1427.9227,14,-1.0,714.9679,2,131.06,2.49E5,13,46012,20210112_Weissrot_325_T12_trypsin_DDA_120min_2uL.raw,2,2,157,170,,
28,159,Thalassiosira_weissflogii_0203203762,R.ALQELQHGR.L,Y,28.37,1050.5570,9,0.1,526.2858,2,32.20,1.22E5,13,9154,20210112_Weissrot_325_T12_trypsin_DDA_120min_2uL.raw,1,1,157,165,,
28,160,Thalassiosira_weissflogii_0203386012,R.ALQELQHGR.L,Y,28.37,1050.5570,9,0.1,526.2858,2,32.20,1.22E5,13,9154,20210112_Weissrot_325_T12_trypsin_DDA_120min_2uL.raw,1,1,162,170,,
45,244,Thalassiosira_weissflogii_0201777954,K.SSAFGFLLAK.L,Y,35.93,1039.5702,10,-0.4,520.7922,2,110.96,7.27E5,13,38528,20210112_Weissrot_325_T12_trypsin_DDA_120min_2uL.raw,3,3,293,302,,
45,244,Thalassiosira_weissflogii_0201777954,K.IFEIYTK.T,Y,24.89,912.4956,7,-0.3,457.2549,2,77.18,1.09E5,13,24144,20210112_Weissrot_325_T12_trypsin_DDA_120min_2uL.raw,1,1,27,33,,
45,244,Thalassiosira_weissflogii_0201777954,K.ITGFGEVK.S,Y,22.41,849.4596,8,-0.1,425.7370,2,58.24,9.46E4,13,17338,20210112_Weissrot_325_T12_trypsin_DDA_120min_2uL.raw,1,1,274,281,,
22,245,Thalassiosira_weissflogii_0201836064,R.YVELKHGR.I,N,29.01,1000.5454,8,0.3,501.2802,2,20.99,9.92E6,14,3711,20210114_Weissrot_325_T12_trypsin_EThcD_120min_2uL.raw,5,5,62,69,,
22,245,Thalassiosira_weissflogii_0201836064,R.LRYVELK.H,N,22.67,919.5491,7,-1.0,460.7814,2,53.31,1.12E7,13,15784,20210112_Weissrot_325_T12_trypsin_DDA_120min_2uL.raw,2,2,60,66,,
22,245,Thalassiosira_weissflogii_0201836064,L.RYVELK.H,N,21.01,806.4650,6,0.0,404.2398,2,31.57,5.8E7,14,6271,20210114_Weissrot_325_T12_trypsin_EThcD_120min_2uL.raw,1,1,61,66,,
22,245,Thalassiosira_weissflogii_0201836064,R.NEADM(+15.99)IDLR.T,Y,20.81,1091.4917,9,-0.6,546.7528,2,55.36,2.91E5,13,16429,20210112_Weissrot_325_T12_trypsin_DDA_120min_2uL.raw,1,1,148,156,Oxidation (M),M5:Oxidation (M):1000.00
22,247,Thalassiosira_weissflogii_0171420522,R.YVELKHGR.I,N,29.01,1000.5454,8,0.3,501.2802,2,20.99,9.92E6,14,3711,20210114_Weissrot_325_T12_trypsin_EThcD_120min_2uL.raw,5,5,67,74,,
22,247,Thalassiosira_weissflogii_0171420522,R.LRYVELK.H,N,22.67,919.5491,7,-1.0,460.7814,2,53.31,1.12E7,13,15784,20210112_Weissrot_325_T12_trypsin_DDA_120min_2uL.raw,2,2,65,71,,
22,247,Thalassiosira_weissflogii_0171420522,L.RYVELK.H,N,21.01,806.4650,6,0.0,404.2398,2,31.57,5.8E7,14,6271,20210114_Weissrot_325_T12_trypsin_EThcD_120min_2uL.raw,1,1,66,71,,
22,247,Thalassiosira_weissflogii_0171420522,R.NEADM(+15.99)IDLR.T,Y,20.81,1091.4917,9,-0.6,546.7528,2,55.36,2.91E5,13,16429,20210112_Weissrot_325_T12_trypsin_DDA_120min_2uL.raw,1,1,153,161,Oxidation (M),M5:Oxidation (M):1000.00
22,246,Thalassiosira_weissflogii_0203294152,R.YVELKHGR.I,N,29.01,1000.5454,8,0.3,501.2802,2,20.99,9.92E6,14,3711,20210114_Weissrot_325_T12_trypsin_EThcD_120min_2uL.raw,5,5,67,74,,
22,246,Thalassiosira_weissflogii_0203294152,R.LRYVELK.H,N,22.67,919.5491,7,-1.0,460.7814,2,53.31,1.12E7,13,15784,20210112_Weissrot_325_T12_trypsin_DDA_120min_2uL.raw,2,2,65,71,,
22,246,Thalassiosira_weissflogii_0203294152,L.RYVELK.H,N,21.01,806.4650,6,0.0,404.2398,2,31.57,5.8E7,14,6271,20210114_Weissrot_325_T12_trypsin_EThcD_120min_2uL.raw,1,1,66,71,,
22,246,Thalassiosira_weissflogii_0203294152,R.NEADM(+15.99)IDLR.T,Y,20.81,1091.4917,9,-0.6,546.7528,2,55.36,2.91E5,13,16429,20210112_Weissrot_325_T12_trypsin_DDA_120min_2uL.raw,1,1,153,161,Oxidation (M),M5:Oxidation (M):1000.00
39,283,Thalassiosira_weissflogii_0203386184,R.APGDFGFGK.G,Y,37.36,894.4235,9,-0.6,448.2188,2,68.75,4.1E6,13,20893,20210112_Weissrot_325_T12_trypsin_DDA_120min_2uL.raw,4,4,149,157,,
34,311,Thalassiosira_weissflogii_0201805882,L.NLFDPFGFSK.G,Y,27.11,1170.5709,10,-0.1,586.2927,2,122.45,1.44E6,13,43269,20210112_Weissrot_325_T12_trypsin_DDA_120min_2uL.raw,1,1,175,184,,
34,311,Thalassiosira_weissflogii_0201805882,T.NDEAIAFLR.H,Y,25.94,1047.5349,9,0.3,524.7749,2,88.65,1.97E6,13,28725,20210112_Weissrot_325_T12_trypsin_DDA_120min_2uL.raw,2,2,64,72,,
33,208,tr|A0A089VKJ4|A0A089VKJ4_THAWE,R.FGLTPLLR.G,Y,30.25,915.5541,8,-0.1,458.7843,2,103.05,1.43E6,13,34977,20210112_Weissrot_325_T12_trypsin_DDA_120min_2uL.raw,3,3,39,46,,
33,208,tr|A0A089VKJ4|A0A089VKJ4_THAWE,K.SEGTDLQTK.K,Y,27.35,977.4666,9,1.0,489.7410,2,21.35,3.62E6,15,5112,20210117_Weissrot_325_T12_trypsin_DDA_120min_2uL_dup.raw,3,3,106,114,,
33,208,tr|A0A089VKJ4|A0A089VKJ4_THAWE,K.SEGTDLQTKK.S,Y,22.20,1105.5615,10,0.2,553.7881,2,19.23,4.51E4,13,4175,20210112_Weissrot_325_T12_trypsin_DDA_120min_2uL.raw,1,1,106,115,,
35,20643,tr|A0A089VP78|A0A089VP78_THAWE,K.DQFNKVFQL.W,Y,26.47,1137.5818,9,1.1,569.7988,2,104.46,2.73E6,14,24334,20210114_Weissrot_325_T12_trypsin_EThcD_120min_2uL.raw,2,2,35,43,,
35,20643,tr|A0A089VP78|A0A089VP78_THAWE,A.TPGDWESSKDQF.N,Y,22.05,1395.5942,12,1.4,698.8054,2,70.03,2.1E5,15,20729,20210117_Weissrot_325_T12_trypsin_DDA_120min_2uL_dup.raw,1,1,26,37,,
36,111,Thalassiosira_weissflogii_0203627540,K.ASDAELAR.Y,Y,24.44,831.4086,8,-0.7,416.7113,2,26.47,5.85E5,13,7006,20210112_Weissrot_325_T12_trypsin_DDA_120min_2uL.raw,1,1,74,81,,
36,111,Thalassiosira_weissflogii_0203627540,R.LIETEPGSR.T,Y,22.21,1000.5189,9,0.6,501.2670,2,33.29,1.09E6,15,8996,20210117_Weissrot_325_T12_trypsin_DDA_120min_2uL_dup.raw,2,2,149,157,,
36,111,Thalassiosira_weissflogii_0203627540,F.FDPAGFAAK.A,Y,21.15,922.4548,9,-0.3,462.2346,2,68.71,3.65E5,13,20880,20210112_Weissrot_325_T12_trypsin_DDA_120min_2uL.raw,1,1,65,73,,
37,202,Thalassiosira_weissflogii_0203255940,F.AIEGPLNTYAR.A,Y,24.36,1203.6248,11,0.1,602.8197,2,67.68,1.81E5,15,19896,20210117_Weissrot_325_T12_trypsin_DDA_120min_2uL_dup.raw,1,1,223,233,,
31,215,Thalassiosira_weissflogii_0203391506,L.AFLELLR.H,N,25.83,860.5120,7,0.7,431.2635,2,102.26,1.37E6,13,34602,20210112_Weissrot_325_T12_trypsin_DDA_120min_2uL.raw,3,3,209,215,,
31,215,Thalassiosira_weissflogii_0203391506,T.GFFDPLNLSK.N,Y,22.42,1136.5865,10,0.2,569.3007,2,114.98,2.37E5,13,40256,20210112_Weissrot_325_T12_trypsin_DDA_120min_2uL.raw,2,2,89,98,,
31,216,Thalassiosira_weissflogii_0203580532,L.AFLELLR.H,N,25.83,860.5120,7,0.7,431.2635,2,102.26,1.37E6,13,34602,20210112_Weissrot_325_T12_trypsin_DDA_120min_2uL.raw,3,3,210,216,,
31,216,Thalassiosira_weissflogii_0203580532,T.GFFDPLNLSK.N,Y,22.42,1136.5865,10,0.2,569.3007,2,114.98,2.37E5,13,40256,20210112_Weissrot_325_T12_trypsin_DDA_120min_2uL.raw,2,2,90,99,,
38,346,Thalassiosira_weissflogii_0201788838,K.LPFFGC(+57.02)PTAGNR.M,Y,21.56,1335.6394,12,-0.3,668.8268,2,93.47,9.47E4,13,30789,20210112_Weissrot_325_T12_trypsin_DDA_120min_2uL.raw,1,1,103,114,Carbamidomethylation,C6:Carbamidomethylation:1000.00
40,310,tr|A0A089X953|A0A089X953_THAWE,R.QQVPLVNDR.F,Y,25.94,1067.5724,9,-0.5,534.7932,2,51.56,4.57E5,13,15232,20210112_Weissrot_325_T12_trypsin_DDA_120min_2uL.raw,1,1,62,70,,
46,383,Thalassiosira_weissflogii_0203399774,R.GRDSEIKNGR.L,Y,23.78,1130.5792,10,-0.3,377.8669,3,15.32,3.22E4,13,2344,20210112_Weissrot_325_T12_trypsin_DDA_120min_2uL.raw,2,2,169,178,,
46,383,Thalassiosira_weissflogii_0203399774,K.SEEALKR.G,Y,21.23,831.4450,7,1.5,416.7304,2,16.68,1.24E5,15,3217,20210117_Weissrot_325_T12_trypsin_DDA_120min_2uL_dup.raw,1,1,162,168,,
41,345,Thalassiosira_weissflogii_0171423018,L.NYSPEEYADK.Q,Y,20.86,1214.5092,10,0.6,608.2622,2,45.99,4.46E5,15,12729,20210117_Weissrot_325_T12_trypsin_DDA_120min_2uL_dup.raw,1,1,187,196,,
48,616,Thalassiosira_weissflogii_0203216890,K.IGYFPPFDAK.Y,Y,23.82,1153.5807,10,1.9,577.7987,2,98.29,1.82E5,15,31717,20210117_Weissrot_325_T12_trypsin_DDA_120min_2uL_dup.raw,1,1,179,188,,
42,171,Thalassiosira_weissflogii_0203172154,K.TC(+57.02)DLLFK.G,Y,21.51,895.4473,7,1.1,448.7314,2,74.57,1.64E5,15,22459,20210117_Weissrot_325_T12_trypsin_DDA_120min_2uL_dup.raw,1,1,348,354,Carbamidomethylation,C2:Carbamidomethylation:1000.00
42,175,Thalassiosira_weissflogii_0203602520,K.TC(+57.02)DLLFK.G,Y,21.51,895.4473,7,1.1,448.7314,2,74.57,1.64E5,15,22459,20210117_Weissrot_325_T12_trypsin_DDA_120min_2uL_dup.raw,1,1,323,329,Carbamidomethylation,C2:Carbamidomethylation:1000.00
42,180,Thalassiosira_weissflogii_0203198652,K.TC(+57.02)DLLFK.G,Y,21.51,895.4473,7,1.1,448.7314,2,74.57,1.64E5,15,22459,20210117_Weissrot_325_T12_trypsin_DDA_120min_2uL_dup.raw,1,1,525,531,Carbamidomethylation,C2:Carbamidomethylation:1000.00
42,186,Thalassiosira_weissflogii_0203443356,K.TC(+57.02)DLLFK.G,Y,21.51,895.4473,7,1.1,448.7314,2,74.57,1.64E5,15,22459,20210117_Weissrot_325_T12_trypsin_DDA_120min_2uL_dup.raw,1,1,512,518,Carbamidomethylation,C2:Carbamidomethylation:1000.00
42,200,Thalassiosira_weissflogii_0203350722,K.TC(+57.02)DLLFK.G,Y,21.51,895.4473,7,1.1,448.7314,2,74.57,1.64E5,15,22459,20210117_Weissrot_325_T12_trypsin_DDA_120min_2uL_dup.raw,1,1,323,329,Carbamidomethylation,C2:Carbamidomethylation:1000.00
42,183,Thalassiosira_weissflogii_0203596664,K.TC(+57.02)DLLFK.G,Y,21.51,895.4473,7,1.1,448.7314,2,74.57,1.64E5,15,22459,20210117_Weissrot_325_T12_trypsin_DDA_120min_2uL_dup.raw,1,1,497,503,Carbamidomethylation,C2:Carbamidomethylation:1000.00
42,184,Thalassiosira_weissflogii_0201861748,K.TC(+57.02)DLLFK.G,Y,21.51,895.4473,7,1.1,448.7314,2,74.57,1.64E5,15,22459,20210117_Weissrot_325_T12_trypsin_DDA_120min_2uL_dup.raw,1,1,504,510,Carbamidomethylation,C2:Carbamidomethylation:1000.00
42,185,Thalassiosira_weissflogii_0201768126,K.TC(+57.02)DLLFK.G,Y,21.51,895.4473,7,1.1,448.7314,2,74.57,1.64E5,15,22459,20210117_Weissrot_325_T12_trypsin_DDA_120min_2uL_dup.raw,1,1,323,329,Carbamidomethylation,C2:Carbamidomethylation:1000.00
42,182,Thalassiosira_weissflogii_0203380678,K.TC(+57.02)DLLFK.G,Y,21.51,895.4473,7,1.1,448.7314,2,74.57,1.64E5,15,22459,20210117_Weissrot_325_T12_trypsin_DDA_120min_2uL_dup.raw,1,1,492,498,Carbamidomethylation,C2:Carbamidomethylation:1000.00
42,322,Thalassiosira_weissflogii_0203350282,K.TC(+57.02)DLLFK.G,Y,21.51,895.4473,7,1.1,448.7314,2,74.57,1.64E5,15,22459,20210117_Weissrot_325_T12_trypsin_DDA_120min_2uL_dup.raw,1,1,358,364,Carbamidomethylation,C2:Carbamidomethylation:1000.00
42,324,Thalassiosira_weissflogii_0201798972,K.TC(+57.02)DLLFK.G,Y,21.51,895.4473,7,1.1,448.7314,2,74.57,1.64E5,15,22459,20210117_Weissrot_325_T12_trypsin_DDA_120min_2uL_dup.raw,1,1,355,361,Carbamidomethylation,C2:Carbamidomethylation:1000.00
42,323,Thalassiosira_weissflogii_0171384548,K.TC(+57.02)DLLFK.G,Y,21.51,895.4473,7,1.1,448.7314,2,74.57,1.64E5,15,22459,20210117_Weissrot_325_T12_trypsin_DDA_120min_2uL_dup.raw,1,1,323,329,Carbamidomethylation,C2:Carbamidomethylation:1000.00
42,320,Thalassiosira_weissflogii_0171415522,K.TC(+57.02)DLLFK.G,Y,21.51,895.4473,7,1.1,448.7314,2,74.57,1.64E5,15,22459,20210117_Weissrot_325_T12_trypsin_DDA_120min_2uL_dup.raw,1,1,323,329,Carbamidomethylation,C2:Carbamidomethylation:1000.00
42,321,Thalassiosira_weissflogii_0203258542,K.TC(+57.02)DLLFK.G,Y,21.51,895.4473,7,1.1,448.7314,2,74.57,1.64E5,15,22459,20210117_Weissrot_325_T12_trypsin_DDA_120min_2uL_dup.raw,1,1,385,391,Carbamidomethylation,C2:Carbamidomethylation:1000.00
42,317,Thalassiosira_weissflogii_0203535698,K.TC(+57.02)DLLFK.G,Y,21.51,895.4473,7,1.1,448.7314,2,74.57,1.64E5,15,22459,20210117_Weissrot_325_T12_trypsin_DDA_120min_2uL_dup.raw,1,1,455,461,Carbamidomethylation,C2:Carbamidomethylation:1000.00
42,318,Thalassiosira_weissflogii_0203167036,K.TC(+57.02)DLLFK.G,Y,21.51,895.4473,7,1.1,448.7314,2,74.57,1.64E5,15,22459,20210117_Weissrot_325_T12_trypsin_DDA_120min_2uL_dup.raw,1,1,323,329,Carbamidomethylation,C2:Carbamidomethylation:1000.00
42,193,Thalassiosira_weissflogii_0203135720,K.TC(+57.02)DLLFK.G,Y,21.51,895.4473,7,1.1,448.7314,2,74.57,1.64E5,15,22459,20210117_Weissrot_325_T12_trypsin_DDA_120min_2uL_dup.raw,1,1,497,503,Carbamidomethylation,C2:Carbamidomethylation:1000.00
44,248,Thalassiosira_weissflogii_0203581516,R.ELIIGDR.Q,Y,22.84,814.4548,7,1.2,408.2352,2,56.24,1.34E6,15,15991,20210117_Weissrot_325_T12_trypsin_DDA_120min_2uL_dup.raw,1,1,597,603,,
44,248,Thalassiosira_weissflogii_0203581516,R.EAYPGDVFYLH.S,Y,22.53,1309.5979,11,0.4,655.8065,2,99.20,1.39E5,13,33223,20210112_Weissrot_325_T12_trypsin_DDA_120min_2uL.raw,1,1,718,728,,
43,422,Thalassiosira_weissflogii_0171421366,K.SNEETIAWLR.Q,Y,25.21,1217.6040,10,-2.2,609.8079,2,91.86,4.43E5,13,30089,20210112_Weissrot_325_T12_trypsin_DDA_120min_2uL.raw,3,3,63,72,,
72,194,Thalassiosira_weissflogii_0203294158,K.VNDDGTIQDPVLGTK.F,Y,31.24,1570.7838,15,-0.2,786.3990,2,66.29,2.45E5,13,20035,20210112_Weissrot_325_T12_trypsin_DDA_120min_2uL.raw,2,2,106,120,,
72,188,Thalassiosira_weissflogii_0203229036,K.VNDDGTIQDPVLGTK.F,Y,31.24,1570.7838,15,-0.2,786.3990,2,66.29,2.45E5,13,20035,20210112_Weissrot_325_T12_trypsin_DDA_120min_2uL.raw,2,2,92,106,,
72,195,Thalassiosira_weissflogii_0203540620,N.VNDDGTIQDPVLGTK.F,Y,31.24,1570.7838,15,-0.2,786.3990,2,66.29,2.45E5,13,20035,20210112_Weissrot_325_T12_trypsin_DDA_120min_2uL.raw,2,2,93,107,,
72,190,Thalassiosira_weissflogii_0203261016,N.VNDDGTIQDPVLGTK.F,Y,31.24,1570.7838,15,-0.2,786.3990,2,66.29,2.45E5,13,20035,20210112_Weissrot_325_T12_trypsin_DDA_120min_2uL.raw,2,2,93,107,,
72,191,Thalassiosira_weissflogii_0201834710,N.VNDDGTIQDPVLGTK.F,Y,31.24,1570.7838,15,-0.2,786.3990,2,66.29,2.45E5,13,20035,20210112_Weissrot_325_T12_trypsin_DDA_120min_2uL.raw,2,2,102,116,,
72,192,Thalassiosira_weissflogii_0203289348,K.VNDDGTIQDPVLGTK.F,Y,31.24,1570.7838,15,-0.2,786.3990,2,66.29,2.45E5,13,20035,20210112_Weissrot_325_T12_trypsin_DDA_120min_2uL.raw,2,2,145,159,,
72,187,Thalassiosira_weissflogii_0203382750,K.VNDDGTIQDPVLGTK.F,Y,31.24,1570.7838,15,-0.2,786.3990,2,66.29,2.45E5,13,20035,20210112_Weissrot_325_T12_trypsin_DDA_120min_2uL.raw,2,2,92,106,,
72,189,Thalassiosira_weissflogii_0203604662,N.VNDDGTIQDPVLGTK.F,Y,31.24,1570.7838,15,-0.2,786.3990,2,66.29,2.45E5,13,20035,20210112_Weissrot_325_T12_trypsin_DDA_120min_2uL.raw,2,2,121,135,,
50,59878,Thalassiosira_weissflogii_0203294156,T.GVTFSDIAK.A,Y,22.76,936.4916,9,1.3,469.2537,2,67.05,1.89E5,15,19678,20210117_Weissrot_325_T12_trypsin_DDA_120min_2uL_dup.raw,1,1,141,149,,
55,168,Thalassiosira_weissflogii_0171330038,G.VTPEAELANGR.M,Y,21.14,1155.5884,11,0.5,578.8018,2,49.32,2.28E5,15,13769,20210117_Weissrot_325_T12_trypsin_DDA_120min_2uL_dup.raw,1,1,181,191,,
81,20784,Thalassiosira_weissflogii_0203505222,T.NGGTGNDEVANK.D,Y,28.48,1174.5215,12,1.2,588.2687,2,16.06,3.98E4,15,2958,20210117_Weissrot_325_T12_trypsin_DDA_120min_2uL_dup.raw,1,1,203,214,,
81,20785,Thalassiosira_weissflogii_0203443340,T.NGGTGNDEVANK.D,Y,28.48,1174.5215,12,1.2,588.2687,2,16.06,3.98E4,15,2958,20210117_Weissrot_325_T12_trypsin_DDA_120min_2uL_dup.raw,1,1,222,233,,
114,59880,Thalassiosira_weissflogii_0203385142,R.WFNC(+57.02)NGC(+57.02)GPSK.M,Y,27.14,1325.5281,11,0.7,663.7718,2,57.89,1.26E5,13,17231,20210112_Weissrot_325_T12_trypsin_DDA_120min_2uL.raw,1,1,373,383,Carbamidomethylation,C4:Carbamidomethylation:1000.00;C7:Carbamidomethylation:1000.00
114,59881,Thalassiosira_weissflogii_0171428124,R.WFNC(+57.02)NGC(+57.02)GPSK.M,Y,27.14,1325.5281,11,0.7,663.7718,2,57.89,1.26E5,13,17231,20210112_Weissrot_325_T12_trypsin_DDA_120min_2uL.raw,1,1,483,493,Carbamidomethylation,C4:Carbamidomethylation:1000.00;C7:Carbamidomethylation:1000.00
114,59882,Thalassiosira_weissflogii_0203447044,R.WFNC(+57.02)NGC(+57.02)GPSK.M,Y,27.14,1325.5281,11,0.7,663.7718,2,57.89,1.26E5,13,17231,20210112_Weissrot_325_T12_trypsin_DDA_120min_2uL.raw,1,1,494,504,Carbamidomethylation,C4:Carbamidomethylation:1000.00;C7:Carbamidomethylation:1000.00
49,69,Thalassiosira_weissflogii_0203086342,R.VGGGIYTK.A,Y,27.09,793.4333,8,0.2,397.7240,2,32.85,6.73E5,14,6582,20210114_Weissrot_325_T12_trypsin_EThcD_120min_2uL.raw,2,2,210,217,,
77,95,Thalassiosira_weissflogii_0203420370,R.NINPDTPR.N,Y,25.74,925.4617,8,-0.7,463.7378,2,29.95,1.24E5,13,8459,20210112_Weissrot_325_T12_trypsin_DDA_120min_2uL.raw,1,1,730,737,,
82,250,Thalassiosira_weissflogii_0201773748,K.NNNPDTPR.H,Y,23.99,926.4206,8,0.6,464.2178,2,17.18,3.12E4,13,3099,20210112_Weissrot_325_T12_trypsin_DDA_120min_2uL.raw,2,2,680,687,,
85,388,Thalassiosira_weissflogii_0171354090,R.VSTVYDWIER.S,Y,23.84,1266.6244,10,0.5,634.3198,2,99.11,1.58E5,13,33180,20210112_Weissrot_325_T12_trypsin_DDA_120min_2uL.raw,2,2,528,537,,
85,507,Thalassiosira_weissflogii_0171384438,R.VSTVYDWIER.S,Y,23.84,1266.6244,10,0.5,634.3198,2,99.11,1.58E5,13,33180,20210112_Weissrot_325_T12_trypsin_DDA_120min_2uL.raw,2,2,529,538,,
85,381,Thalassiosira_weissflogii_0171415738,R.VSTVYDWIER.S,Y,23.84,1266.6244,10,0.5,634.3198,2,99.11,1.58E5,13,33180,20210112_Weissrot_325_T12_trypsin_DDA_120min_2uL.raw,2,2,538,547,,
85,502,Thalassiosira_weissflogii_0203167400,R.VSTVYDWIER.S,Y,23.84,1266.6244,10,0.5,634.3198,2,99.11,1.58E5,13,33180,20210112_Weissrot_325_T12_trypsin_DDA_120min_2uL.raw,2,2,599,608,,
85,376,Thalassiosira_weissflogii_0171446960,R.VSTVYDWIER.S,Y,23.84,1266.6244,10,0.5,634.3198,2,99.11,1.58E5,13,33180,20210112_Weissrot_325_T12_trypsin_DDA_120min_2uL.raw,2,2,644,653,,
85,503,Thalassiosira_weissflogii_0203628050,R.VSTVYDWIER.S,Y,23.84,1266.6244,10,0.5,634.3198,2,99.11,1.58E5,13,33180,20210112_Weissrot_325_T12_trypsin_DDA_120min_2uL.raw,2,2,652,661,,
152,344,Thalassiosira_weissflogii_0201806284,R.FGIATATGR.S,Y,22.96,892.4766,9,-0.2,447.2455,2,56.38,1.14E5,13,16751,20210112_Weissrot_325_T12_trypsin_DDA_120min_2uL.raw,1,1,182,190,,
217,258,Thalassiosira_weissflogii_0171360526,K.GIDTVLFER.K,Y,22.64,1048.5553,9,0.0,525.2849,2,92.40,4.35E4,13,30340,20210112_Weissrot_325_T12_trypsin_DDA_120min_2uL.raw,1,1,70,78,,
156,7960,Thalassiosira_weissflogii_0203351526,V.RVLEER.A,Y,21.30,800.4504,6,0.4,401.2327,2,19.27,1.52E5,13,4195,20210112_Weissrot_325_T12_trypsin_DDA_120min_2uL.raw,1,1,533,538,,
156,6326,Thalassiosira_weissflogii_0203105324,V.RVLEER.A,Y,21.30,800.4504,6,0.4,401.2327,2,19.27,1.52E5,13,4195,20210112_Weissrot_325_T12_trypsin_DDA_120min_2uL.raw,1,1,515,520,,
156,6397,Thalassiosira_weissflogii_0203508940,V.RVLEER.A,Y,21.30,800.4504,6,0.4,401.2327,2,19.27,1.52E5,13,4195,20210112_Weissrot_325_T12_trypsin_DDA_120min_2uL.raw,1,1,534,539,,
156,7961,Thalassiosira_weissflogii_0203416500,V.RVLEER.A,Y,21.30,800.4504,6,0.4,401.2327,2,19.27,1.52E5,13,4195,20210112_Weissrot_325_T12_trypsin_DDA_120min_2uL.raw,1,1,534,539,,
156,7962,Thalassiosira_weissflogii_0201801894,V.RVLEER.A,Y,21.30,800.4504,6,0.4,401.2327,2,19.27,1.52E5,13,4195,20210112_Weissrot_325_T12_trypsin_DDA_120min_2uL.raw,1,1,538,543,,
156,7963,Thalassiosira_weissflogii_0201770010,V.RVLEER.A,Y,21.30,800.4504,6,0.4,401.2327,2,19.27,1.52E5,13,4195,20210112_Weissrot_325_T12_trypsin_DDA_120min_2uL.raw,1,1,538,543,,
156,10304,Thalassiosira_weissflogii_0203630180,V.RVLEER.A,Y,21.30,800.4504,6,0.4,401.2327,2,19.27,1.52E5,13,4195,20210112_Weissrot_325_T12_trypsin_DDA_120min_2uL.raw,1,1,457,462,,
156,10309,Thalassiosira_weissflogii_0203169600,V.RVLEER.A,Y,21.30,800.4504,6,0.4,401.2327,2,19.27,1.52E5,13,4195,20210112_Weissrot_325_T12_trypsin_DDA_120min_2uL.raw,1,1,466,471,,
156,171888,Thalassiosira_weissflogii_0203508212,Q.RVIEER.S,Y,21.30,800.4504,6,0.4,401.2327,2,19.27,1.52E5,13,4195,20210112_Weissrot_325_T12_trypsin_DDA_120min_2uL.raw,1,1,77,82,,
156,172710,Thalassiosira_weissflogii_0201773452,Q.RVIEER.S,Y,21.30,800.4504,6,0.4,401.2327,2,19.27,1.52E5,13,4195,20210112_Weissrot_325_T12_trypsin_DDA_120min_2uL.raw,1,1,573,578,,
156,28138,Thalassiosira_weissflogii_0203478708,K.RVLEER.S,Y,21.30,800.4504,6,0.4,401.2327,2,19.27,1.52E5,13,4195,20210112_Weissrot_325_T12_trypsin_DDA_120min_2uL.raw,1,1,361,366,,
53,59891,Thalassiosira_weissflogii_0203107800,K.TVPTGVGK.I,Y,21.23,757.4334,8,-0.4,379.7238,2,46.14,8.41E4,13,13466,20210112_Weissrot_325_T12_trypsin_DDA_120min_2uL.raw,1,1,320,327,,
261,20790,Thalassiosira_weissflogii_0203258570,Q.NVEWTEFIDEK.T,Y,21.16,1408.6510,11,0.0,705.3328,2,105.37,8.7E4,13,36053,20210112_Weissrot_325_T12_trypsin_DDA_120min_2uL.raw,1,1,118,128,,
177,82155,Thalassiosira_weissflogii_0203416460,P.EAVIDLR.Y,Y,21.15,814.4548,7,2.1,408.2356,2,59.72,6.74E4,15,17121,20210117_Weissrot_325_T12_trypsin_DDA_120min_2uL_dup.raw,1,1,948,954,,
177,82156,Thalassiosira_weissflogii_0203323278,P.EAVIDLR.Y,Y,21.15,814.4548,7,2.1,408.2356,2,59.72,6.74E4,15,17121,20210117_Weissrot_325_T12_trypsin_DDA_120min_2uL_dup.raw,1,1,1130,1136,,
177,3025,Thalassiosira_weissflogii_0203352994,P.EAVIDLR.Y,Y,21.15,814.4548,7,2.1,408.2356,2,59.72,6.74E4,15,17121,20210117_Weissrot_325_T12_trypsin_DDA_120min_2uL_dup.raw,1,1,1141,1147,,
177,3026,Thalassiosira_weissflogii_0203140146,P.EAVIDLR.Y,Y,21.15,814.4548,7,2.1,408.2356,2,59.72,6.74E4,15,17121,20210117_Weissrot_325_T12_trypsin_DDA_120min_2uL_dup.raw,1,1,1181,1187,,
177,3036,Thalassiosira_weissflogii_0203445388,P.EAVIDLR.Y,Y,21.15,814.4548,7,2.1,408.2356,2,59.72,6.74E4,15,17121,20210117_Weissrot_325_T12_trypsin_DDA_120min_2uL_dup.raw,1,1,1213,1219,,
177,61303,Thalassiosira_weissflogii_0171338396,P.EAVIDLR.Y,Y,21.15,814.4548,7,2.1,408.2356,2,59.72,6.74E4,15,17121,20210117_Weissrot_325_T12_trypsin_DDA_120min_2uL_dup.raw,1,1,1213,1219,,
177,61306,Thalassiosira_weissflogii_0203507118,P.EAVIDLR.Y,Y,21.15,814.4548,7,2.1,408.2356,2,59.72,6.74E4,15,17121,20210117_Weissrot_325_T12_trypsin_DDA_120min_2uL_dup.raw,1,1,1221,1227,,
233,59888,Thalassiosira_weissflogii_0203239104,R.GLVGDIIAR.F,Y,21.10,912.5392,9,0.4,457.2771,2,85.21,2.56E4,13,27314,20210112_Weissrot_325_T12_trypsin_DDA_120min_2uL.raw,1,1,94,102,,
206,619,Thalassiosira_weissflogii_0201800228,R.NSNGLC(+57.02)TR.S,Y,20.95,920.4134,8,1.6,461.2147,2,20.08,2.67E5,15,4676,20210117_Weissrot_325_T12_trypsin_DDA_120min_2uL_dup.raw,1,1,206,213,Carbamidomethylation,C6:Carbamidomethylation:1000.00
206,620,Thalassiosira_weissflogii_0203350294,R.NSNGLC(+57.02)TR.S,Y,20.95,920.4134,8,1.6,461.2147,2,20.08,2.67E5,15,4676,20210117_Weissrot_325_T12_trypsin_DDA_120min_2uL_dup.raw,1,1,214,221,Carbamidomethylation,C6:Carbamidomethylation:1000.00
206,621,Thalassiosira_weissflogii_0203627548,R.NSNGLC(+57.02)TR.S,Y,20.95,920.4134,8,1.6,461.2147,2,20.08,2.67E5,15,4676,20210117_Weissrot_325_T12_trypsin_DDA_120min_2uL_dup.raw,1,1,241,248,Carbamidomethylation,C6:Carbamidomethylation:1000.00
206,556,Thalassiosira_weissflogii_0203505014,R.NSNGLC(+57.02)TR.S,Y,20.95,920.4134,8,1.6,461.2147,2,20.08,2.67E5,15,4676,20210117_Weissrot_325_T12_trypsin_DDA_120min_2uL_dup.raw,1,1,287,294,Carbamidomethylation,C6:Carbamidomethylation:1000.00
