Peptide,-10lgP,Mass,Length,ppm,m/z,RT,Area 329_T0_nodigest,Fraction,Scan,Source File,#Spec,#Spec 329_T0_nodigest,Accession,PTM,AScore
LPQVEGTGGDVQPSQDLVR,45.97,1994.0068,19,0.4,998.0111,74.70,1.33E8,16,23778,20210114_Weissrot_329_T0_nodigest_DDA_120min_2uL.raw,11,11,gi|54036848,,
VIGQNEAVDAVSNAIR,44.70,1654.8638,16,0.3,828.4394,90.49,1.28E8,16,29705,20210114_Weissrot_329_T0_nodigest_DDA_120min_2uL.raw,17,17,gi|54036848,,
DADGGDGPEAPSEEK(+14.02)N,38.95,1600.6488,16,2.2,801.3334,28.42,1.46E5,16,7864,20210114_Weissrot_329_T0_nodigest_DDA_120min_2uL.raw,1,1,Thalassiosira_weissflogii_0203279580,Methylation(KR),K15:Methylation(KR):1000.00
GGGTIGHPDGIQA,37.88,1178.5680,13,0.9,590.2918,51.36,2.01E7,16,15501,20210114_Weissrot_329_T0_nodigest_DDA_120min_2uL.raw,3,3,tr|A8DP72|A8DP72_THAWE:Thalassiosira_weissflogii_0171383444:tr|A8DP83|A8DP83_THAWE:tr|A0A089VQA3|A0A089VQA3_THAWE,,
GGGTIGHPDGIQ,37.38,1107.5309,12,1.0,554.7733,42.95,2.61E7,16,12694,20210114_Weissrot_329_T0_nodigest_DDA_120min_2uL.raw,4,4,tr|A8DP72|A8DP72_THAWE:Thalassiosira_weissflogii_0171383444:tr|A8DP83|A8DP83_THAWE:tr|A0A089VQA3|A0A089VQA3_THAWE,,
ADGGDGPEAPSEEK(+14.02)N,37.18,1485.6218,15,1.6,743.8194,25.95,1.59E5,16,6990,20210114_Weissrot_329_T0_nodigest_DDA_120min_2uL.raw,1,1,Thalassiosira_weissflogii_0203279580,Methylation(KR),K14:Methylation(KR):1000.00
VNDDGTIQDPVLGTK,35.81,1570.7838,15,2.1,786.4008,67.49,1.05E6,16,21017,20210114_Weissrot_329_T0_nodigest_DDA_120min_2uL.raw,1,1,Thalassiosira_weissflogii_0203382750:Thalassiosira_weissflogii_0203229036:Thalassiosira_weissflogii_0203261016:Thalassiosira_weissflogii_0201834710:Thalassiosira_weissflogii_0203540620:Thalassiosira_weissflogii_0203294158:Thalassiosira_weissflogii_0203604662:Thalassiosira_weissflogii_0203289348,,
FGGGTIGHPDGIQ,35.23,1254.5992,13,1.1,628.3076,62.84,1.53E6,16,19271,20210114_Weissrot_329_T0_nodigest_DDA_120min_2uL.raw,1,1,tr|A8DP72|A8DP72_THAWE:Thalassiosira_weissflogii_0171383444:tr|A8DP83|A8DP83_THAWE:tr|A0A089VQA3|A0A089VQA3_THAWE,,
NDDGTIQDPVLGTK,34.47,1471.7155,14,0.8,736.8656,64.89,9.04E5,16,20012,20210114_Weissrot_329_T0_nodigest_DDA_120min_2uL.raw,1,1,Thalassiosira_weissflogii_0203382750:Thalassiosira_weissflogii_0203229036:Thalassiosira_weissflogii_0203261016:Thalassiosira_weissflogii_0201834710:Thalassiosira_weissflogii_0203540620:Thalassiosira_weissflogii_0203294158:Thalassiosira_weissflogii_0203604662:Thalassiosira_weissflogii_0203289348,,
AAIGPGIGQGNAAGQ,34.45,1280.6472,15,2.1,641.3322,55.61,7.41E5,16,16903,20210114_Weissrot_329_T0_nodigest_DDA_120min_2uL.raw,1,1,tr|A0A089VKF1|A0A089VKF1_THAWE,,
FGGGTIGHPDGIQA,33.87,1325.6364,14,1.5,663.8264,68.49,3.98E6,16,21381,20210114_Weissrot_329_T0_nodigest_DDA_120min_2uL.raw,4,4,tr|A8DP72|A8DP72_THAWE:Thalassiosira_weissflogii_0171383444:tr|A8DP83|A8DP83_THAWE:tr|A0A089VQA3|A0A089VQA3_THAWE,,
VIGQN(+.98)EAVDAVSNAIR,33.54,1655.8478,16,1.6,552.9574,96.47,7.96E5,16,31669,20210114_Weissrot_329_T0_nodigest_DDA_120min_2uL.raw,3,3,gi|54036848,Deamidation(N),N5:Deamidation(N):150.63
NPVLIGEPGVGK,33.09,1178.6659,12,1.4,590.3411,68.68,3.27E6,16,21461,20210114_Weissrot_329_T0_nodigest_DDA_120min_2uL.raw,1,1,gi|54036848,,
VTDAEIAEVLAR,33.05,1285.6877,12,1.7,643.8522,98.07,5.93E7,16,32164,20210114_Weissrot_329_T0_nodigest_DDA_120min_2uL.raw,13,13,gi|54036848,,
FSEEQRPGTPQ,33.01,1274.5891,11,2.2,638.3032,37.61,9.51E4,16,10949,20210114_Weissrot_329_T0_nodigest_DDA_120min_2uL.raw,1,1,Thalassiosira_weissflogii_0201746798,,
RITP(+15.99)QPGVDPVEA,32.76,1393.7201,13,0.9,697.8679,56.25,7.13E6,16,17103,20210114_Weissrot_329_T0_nodigest_DDA_120min_2uL.raw,3,3,tr|A8DP72|A8DP72_THAWE:Thalassiosira_weissflogii_0171383444:tr|A8DP83|A8DP83_THAWE:tr|A0A089VQA3|A0A089VQA3_THAWE,Oxidation(KPRY),P4:Oxidation(KPRY):19.05
AIDLIDEAASSIR,32.11,1372.7197,13,1.2,687.3680,108.78,9.72E7,16,35411,20210114_Weissrot_329_T0_nodigest_DDA_120min_2uL.raw,15,15,gi|54036848,,
RITP(+15.99)QPGVDPVE,31.58,1322.6830,12,1.4,662.3497,50.76,3.73E6,16,15294,20210114_Weissrot_329_T0_nodigest_DDA_120min_2uL.raw,3,3,tr|A8DP72|A8DP72_THAWE:Thalassiosira_weissflogii_0171383444:tr|A8DP83|A8DP83_THAWE:tr|A0A089VQA3|A0A089VQA3_THAWE,Oxidation(KPRY),P4:Oxidation(KPRY):16.66
ATGEVKGSY,30.92,910.4396,9,0.7,456.2274,29.14,3.05E5,17,5588,20210115_Weissrot_329_T0_nodigest_EThcD_120min_2uL.raw,1,1,tr|A8DP72|A8DP72_THAWE:Thalassiosira_weissflogii_0171383444:tr|A8DP83|A8DP83_THAWE:tr|A0A089VQA3|A0A089VQA3_THAWE,,
AIGPGIGQGNAAGQ,30.86,1209.6101,14,1.8,605.8134,53.56,2.99E5,16,16223,20210114_Weissrot_329_T0_nodigest_DDA_120min_2uL.raw,1,1,tr|A0A089VKF1|A0A089VKF1_THAWE,,
Q(-17.03)ELEDLTKGL,30.67,1127.5710,10,1.6,564.7937,114.53,1.28E6,16,36748,20210114_Weissrot_329_T0_nodigest_DDA_120min_2uL.raw,2,2,tr|A0A089X953|A0A089X953_THAWE,Pyro-glu from Q,Q1:Pyro-glu from Q:1000.00
DKFDEETK,30.12,1010.4556,8,1.0,506.2356,24.22,1.11E6,16,6262,20210114_Weissrot_329_T0_nodigest_DDA_120min_2uL.raw,1,1,Thalassiosira_weissflogii_0203172898,,
NGESRPGTLPGWEGP,30.00,1552.7269,15,1.3,777.3718,83.44,7.19E4,16,27183,20210114_Weissrot_329_T0_nodigest_DDA_120min_2uL.raw,1,1,Thalassiosira_weissflogii_0203358160,,
FGGGTIGHPD,30.00,956.4352,10,0.9,479.2253,47.13,2.34E7,16,14085,20210114_Weissrot_329_T0_nodigest_DDA_120min_2uL.raw,3,3,tr|A8DP72|A8DP72_THAWE:Thalassiosira_weissflogii_0171383444:tr|A8DP83|A8DP83_THAWE:tr|A0A089VQA3|A0A089VQA3_THAWE,,
Q(-17.03)GPDNTPHK,29.77,975.4410,9,1.8,488.7286,19.98,1.22E6,16,4247,20210114_Weissrot_329_T0_nodigest_DDA_120min_2uL.raw,2,2,Thalassiosira_weissflogii_0203149732:Thalassiosira_weissflogii_0171415618:Thalassiosira_weissflogii_0201862216,Pyro-glu from Q,Q1:Pyro-glu from Q:1000.00
FDIKDPAT,29.77,905.4494,8,1.2,453.7325,63.89,4.2E7,16,19665,20210114_Weissrot_329_T0_nodigest_DDA_120min_2uL.raw,7,7,tr|A0A089VKD8|A0A089VKD8_THAWE,,
R(+15.99)ITPQPGVDPVEAA,29.47,1464.7572,14,0.2,733.3860,57.72,2.07E6,16,17561,20210114_Weissrot_329_T0_nodigest_DDA_120min_2uL.raw,1,1,tr|A8DP72|A8DP72_THAWE:Thalassiosira_weissflogii_0171383444:tr|A8DP83|A8DP83_THAWE:tr|A0A089VQA3|A0A089VQA3_THAWE,Oxidation(KPRY),R1:Oxidation(KPRY):8.29
RITP(+15.99)QPGVDPVEAA,29.19,1464.7572,14,0.9,733.3865,57.73,2.07E6,16,17564,20210114_Weissrot_329_T0_nodigest_DDA_120min_2uL.raw,2,2,tr|A8DP72|A8DP72_THAWE:Thalassiosira_weissflogii_0171383444:tr|A8DP83|A8DP83_THAWE:tr|A0A089VQA3|A0A089VQA3_THAWE,Oxidation(KPRY),P4:Oxidation(KPRY):0.00
FGGGTIGHPDG,28.67,1013.4566,11,2.0,507.7366,46.64,4.2E7,16,13912,20210114_Weissrot_329_T0_nodigest_DDA_120min_2uL.raw,3,3,tr|A8DP72|A8DP72_THAWE:Thalassiosira_weissflogii_0171383444:tr|A8DP83|A8DP83_THAWE:tr|A0A089VQA3|A0A089VQA3_THAWE,,
NNPVLIGEPGVGK,28.63,1292.7089,13,1.6,647.3627,69.29,1.1E8,16,21692,20210114_Weissrot_329_T0_nodigest_DDA_120min_2uL.raw,3,3,gi|54036848,,
GYDPDLPIIGH,28.25,1195.5873,11,1.3,598.8017,107.35,1.4E8,16,34976,20210114_Weissrot_329_T0_nodigest_DDA_120min_2uL.raw,42,42,Thalassiosira_weissflogii_0203258860:Thalassiosira_weissflogii_0203319814:Thalassiosira_weissflogii_0203628344:Thalassiosira_weissflogii_0201860518:Thalassiosira_weissflogii_0203473996,,
GLPLFDIKDPAT,28.17,1285.6918,12,2.0,643.8544,109.92,3.01E5,16,35676,20210114_Weissrot_329_T0_nodigest_DDA_120min_2uL.raw,1,1,tr|A0A089VKD8|A0A089VKD8_THAWE,,
GVHLPGNIDYAGN,28.03,1325.6364,13,0.8,663.8260,78.67,6.18E5,16,25380,20210114_Weissrot_329_T0_nodigest_DDA_120min_2uL.raw,2,2,Thalassiosira_weissflogii_0201860448,,
SEEQRPGTPQ,27.91,1127.5206,10,1.7,564.7686,21.11,4.15E5,16,4843,20210114_Weissrot_329_T0_nodigest_DDA_120min_2uL.raw,2,2,Thalassiosira_weissflogii_0201746798,,
DFRNGAL,27.84,791.3926,7,1.4,396.7041,62.50,3.88E5,17,12644,20210115_Weissrot_329_T0_nodigest_EThcD_120min_2uL.raw,2,2,Thalassiosira_weissflogii_0201860448:Thalassiosira_weissflogii_0203264230,,
GLMVHEQL,27.53,925.4691,8,-0.2,463.7418,74.37,7.76E5,17,15147,20210115_Weissrot_329_T0_nodigest_EThcD_120min_2uL.raw,2,2,Thalassiosira_weissflogii_0201860448:Thalassiosira_weissflogii_0203264230,,
LAAIGPGIGQGN,27.41,1066.5770,12,1.1,534.2964,70.06,1.15E5,16,21992,20210114_Weissrot_329_T0_nodigest_DDA_120min_2uL.raw,1,1,tr|A0A089VKF1|A0A089VKF1_THAWE,,
EHWEFPDPNQE,27.19,1426.5789,11,2.9,714.2988,85.88,5.68E5,16,28098,20210114_Weissrot_329_T0_nodigest_DDA_120min_2uL.raw,1,1,Thalassiosira_weissflogii_0203296644,,
ELGAQPPLGF,27.08,1027.5338,10,1.4,514.7749,102.77,4.93E5,16,33566,20210114_Weissrot_329_T0_nodigest_DDA_120min_2uL.raw,2,2,Thalassiosira_weissflogii_0201860448:Thalassiosira_weissflogii_0203258860:Thalassiosira_weissflogii_0203319814:Thalassiosira_weissflogii_0203628344:Thalassiosira_weissflogii_0201860518:Thalassiosira_weissflogii_0203473996:Thalassiosira_weissflogii_0203172898,,
VTEEPIEYHPL,27.05,1325.6503,11,0.7,663.8329,81.38,1.27E6,16,26408,20210114_Weissrot_329_T0_nodigest_DDA_120min_2uL.raw,1,1,Thalassiosira_weissflogii_0201845386,,
LGYDPDLPIIGH,26.93,1308.6714,12,1.2,655.3438,103.23,3E6,16,33686,20210114_Weissrot_329_T0_nodigest_DDA_120min_2uL.raw,5,5,Thalassiosira_weissflogii_0203258860:Thalassiosira_weissflogii_0203319814:Thalassiosira_weissflogii_0203628344:Thalassiosira_weissflogii_0201860518:Thalassiosira_weissflogii_0203473996,,
LGGELPIVGQM,26.89,1112.5900,11,1.0,557.3028,113.21,4.3E5,16,36444,20210114_Weissrot_329_T0_nodigest_DDA_120min_2uL.raw,2,2,Thalassiosira_weissflogii_0203264230,,
ITP(+15.99)QPGVDPVEA,26.89,1237.6190,12,0.8,619.8173,60.31,2.8E6,16,18415,20210114_Weissrot_329_T0_nodigest_DDA_120min_2uL.raw,2,2,tr|A8DP72|A8DP72_THAWE:Thalassiosira_weissflogii_0171383444:tr|A8DP83|A8DP83_THAWE:tr|A0A089VQA3|A0A089VQA3_THAWE,Oxidation(KPRY),P3:Oxidation(KPRY):12.19
SGPDAIPGAGL,26.88,953.4818,11,1.4,477.7488,80.06,5.14E5,16,25900,20210114_Weissrot_329_T0_nodigest_DDA_120min_2uL.raw,1,1,,,
FRITP(+15.99)QPGVDPVEAA,26.87,1611.8256,15,2.8,806.9223,78.44,6.64E5,16,25286,20210114_Weissrot_329_T0_nodigest_DDA_120min_2uL.raw,1,1,tr|A8DP72|A8DP72_THAWE:Thalassiosira_weissflogii_0171383444:tr|A8DP83|A8DP83_THAWE:tr|A0A089VQA3|A0A089VQA3_THAWE,Oxidation(KPRY),P5:Oxidation(KPRY):19.05
NGESRPGTLPGWEGPG,26.77,1609.7484,16,1.7,805.8828,80.19,3.07E5,16,25948,20210114_Weissrot_329_T0_nodigest_DDA_120min_2uL.raw,1,1,Thalassiosira_weissflogii_0203358160,,
LGGELPIVGPM,26.76,1081.5841,11,1.2,541.8000,113.65,4.35E5,16,36546,20210114_Weissrot_329_T0_nodigest_DDA_120min_2uL.raw,1,1,Thalassiosira_weissflogii_0203172898,,
LFDIKDPAT,26.58,1018.5334,9,1.4,510.2747,82.93,2.32E6,16,26986,20210114_Weissrot_329_T0_nodigest_DDA_120min_2uL.raw,4,4,tr|A0A089VKD8|A0A089VKD8_THAWE,,
YDPDLPIIGH,26.56,1138.5658,10,1.7,570.2911,92.25,1.73E7,16,30309,20210114_Weissrot_329_T0_nodigest_DDA_120min_2uL.raw,5,5,Thalassiosira_weissflogii_0203258860:Thalassiosira_weissflogii_0203319814:Thalassiosira_weissflogii_0203628344:Thalassiosira_weissflogii_0201860518:Thalassiosira_weissflogii_0203473996,,
HAVETEPNK,26.46,1023.4985,9,1.7,512.7574,15.92,1.34E4,16,2506,20210114_Weissrot_329_T0_nodigest_DDA_120min_2uL.raw,1,1,Thalassiosira_weissflogii_0203399598,,
DEKVNPGDIIY,26.34,1261.6190,11,1.5,631.8177,82.29,8.37E5,16,26746,20210114_Weissrot_329_T0_nodigest_DDA_120min_2uL.raw,1,1,Thalassiosira_weissflogii_0171354626:tr|B5A4Q2|B5A4Q2_THAWE:Thalassiosira_weissflogii_0203566486:Thalassiosira_weissflogii_0203628558,,
GRVGGGIYT,26.20,878.4610,9,0.6,440.2380,46.45,2.33E5,17,9398,20210115_Weissrot_329_T0_nodigest_EThcD_120min_2uL.raw,1,1,Thalassiosira_weissflogii_0203086342,,
TLRPGDVIG,26.12,926.5185,9,0.4,464.2667,64.72,7.6E5,17,13083,20210115_Weissrot_329_T0_nodigest_EThcD_120min_2uL.raw,1,1,Thalassiosira_weissflogii_0171354626:tr|B5A4Q2|B5A4Q2_THAWE:Thalassiosira_weissflogii_0203566486:Thalassiosira_weissflogii_0203628558,,
GLKPSDPEEF,26.03,1117.5291,10,1.0,559.7723,65.52,1.16E7,16,20255,20210114_Weissrot_329_T0_nodigest_DDA_120min_2uL.raw,1,1,Thalassiosira_weissflogii_0201845386,,
AGVHLPGNI,26.01,876.4818,9,1.7,439.2489,81.72,5.29E5,17,16668,20210115_Weissrot_329_T0_nodigest_EThcD_120min_2uL.raw,1,1,Thalassiosira_weissflogii_0201860448,,
ITP(+15.99)QPGVDPVE,25.98,1166.5819,11,1.2,584.2990,54.80,1.17E6,16,16645,20210114_Weissrot_329_T0_nodigest_DDA_120min_2uL.raw,2,2,tr|A8DP72|A8DP72_THAWE:Thalassiosira_weissflogii_0171383444:tr|A8DP83|A8DP83_THAWE:tr|A0A089VQA3|A0A089VQA3_THAWE,Oxidation(KPRY),P3:Oxidation(KPRY):14.04
FGGGTIGHP,25.97,841.4082,9,1.2,421.7119,50.52,5.6E6,17,10250,20210115_Weissrot_329_T0_nodigest_EThcD_120min_2uL.raw,2,2,tr|A8DP72|A8DP72_THAWE:Thalassiosira_weissflogii_0171383444:tr|A8DP83|A8DP83_THAWE:tr|A0A089VQA3|A0A089VQA3_THAWE,,
VGDFRNGAL,25.86,947.4824,9,2.2,474.7495,66.01,5.35E5,17,13350,20210115_Weissrot_329_T0_nodigest_EThcD_120min_2uL.raw,2,2,Thalassiosira_weissflogii_0201860448:Thalassiosira_weissflogii_0203264230,,
GGDGPEAPSEEK(+14.02)N,25.85,1299.5579,13,1.9,650.7874,24.57,4.01E5,16,6408,20210114_Weissrot_329_T0_nodigest_DDA_120min_2uL.raw,1,1,Thalassiosira_weissflogii_0203279580,Methylation(KR),K12:Methylation(KR):1000.00
VIGTPRGPNT,25.79,1010.5509,10,0.7,506.2831,38.89,7.72E5,17,7773,20210115_Weissrot_329_T0_nodigest_EThcD_120min_2uL.raw,2,2,Thalassiosira_weissflogii_0203149732:Thalassiosira_weissflogii_0171415618:Thalassiosira_weissflogii_0201862216,,
VTEEPIEYHP,25.70,1212.5663,10,1.1,607.2911,63.71,6.19E6,16,19594,20210114_Weissrot_329_T0_nodigest_DDA_120min_2uL.raw,2,2,Thalassiosira_weissflogii_0201845386,,
AIGPGIGQGN,25.53,882.4559,10,0.8,442.2356,50.87,1.99E6,16,15328,20210114_Weissrot_329_T0_nodigest_DDA_120min_2uL.raw,1,1,tr|A0A089VKF1|A0A089VKF1_THAWE,,
SNGRPIEA,25.51,842.4246,8,1.5,422.2202,26.70,2.05E6,16,7263,20210114_Weissrot_329_T0_nodigest_DDA_120min_2uL.raw,1,1,Thalassiosira_weissflogii_0203296644,,
AGVHLPGNIDYA,25.48,1225.6091,12,0.4,613.8121,86.83,1.96E6,17,17702,20210115_Weissrot_329_T0_nodigest_EThcD_120min_2uL.raw,3,3,Thalassiosira_weissflogii_0201860448,,
SFLPDLTDQ,25.47,1034.4921,9,0.8,518.2537,102.79,4.76E5,16,33571,20210114_Weissrot_329_T0_nodigest_DDA_120min_2uL.raw,1,1,tr|A0A089VKD8|A0A089VKD8_THAWE,,
AAIGPGIGQGNA,25.45,1024.5302,12,0.6,513.2726,57.95,3.05E5,16,17626,20210114_Weissrot_329_T0_nodigest_DDA_120min_2uL.raw,1,1,tr|A0A089VKF1|A0A089VKF1_THAWE,,
N(+.98)NPVLIGEPGVGK,25.41,1293.6927,13,1.4,647.8546,71.48,5.76E5,16,22493,20210114_Weissrot_329_T0_nodigest_DDA_120min_2uL.raw,3,3,gi|54036848,Deamidation(N),N1:Deamidation(N):8.69
AEQDKERYT,25.39,1138.5254,9,0.9,380.5161,20.53,2.1E5,17,3481,20210115_Weissrot_329_T0_nodigest_EThcD_120min_2uL.raw,1,1,Thalassiosira_weissflogii_0203571564:Thalassiosira_weissflogii_0203324490,,
TGEVKGSY,25.28,839.4025,8,1.0,420.7089,27.30,2.94E6,17,5159,20210115_Weissrot_329_T0_nodigest_EThcD_120min_2uL.raw,2,2,tr|A8DP72|A8DP72_THAWE:Thalassiosira_weissflogii_0171383444:tr|A8DP83|A8DP83_THAWE:tr|A0A089VQA3|A0A089VQA3_THAWE,,
NGESRPGTLP,25.23,1026.5094,10,0.5,514.2622,44.88,4.54E6,17,9071,20210115_Weissrot_329_T0_nodigest_EThcD_120min_2uL.raw,5,5,Thalassiosira_weissflogii_0203358160,,
Q(-17.03)FGGGTIGHPDGIQ,25.22,1365.6313,14,2.5,683.8246,84.76,2.51E4,16,27685,20210114_Weissrot_329_T0_nodigest_DDA_120min_2uL.raw,1,1,tr|A8DP72|A8DP72_THAWE:Thalassiosira_weissflogii_0171383444:tr|A8DP83|A8DP83_THAWE:tr|A0A089VQA3|A0A089VQA3_THAWE,Pyro-glu from Q,Q1:Pyro-glu from Q:1000.00
FNGESRPGTLP,25.17,1173.5778,11,1.5,587.7971,59.25,5.25E6,16,18077,20210114_Weissrot_329_T0_nodigest_DDA_120min_2uL.raw,5,5,Thalassiosira_weissflogii_0203358160,,
LMVHEQL,25.13,868.4477,7,0.4,435.2313,67.28,1.19E6,17,13610,20210115_Weissrot_329_T0_nodigest_EThcD_120min_2uL.raw,2,2,Thalassiosira_weissflogii_0201860448:Thalassiosira_weissflogii_0203264230,,
ITP(+15.99)QPGVDPVEAA,25.04,1308.6561,13,0.4,655.3356,62.67,1.08E6,16,19205,20210114_Weissrot_329_T0_nodigest_DDA_120min_2uL.raw,1,1,tr|A8DP72|A8DP72_THAWE:Thalassiosira_weissflogii_0171383444:tr|A8DP83|A8DP83_THAWE:tr|A0A089VQA3|A0A089VQA3_THAWE,Oxidation(KPRY),P3:Oxidation(KPRY):14.04
SGGSTGERPF,24.96,993.4515,10,1.3,497.7337,43.23,1.41E6,16,12778,20210114_Weissrot_329_T0_nodigest_DDA_120min_2uL.raw,1,1,tr|A0A089X953|A0A089X953_THAWE,,
AAIGPGIGQGNAA,24.96,1095.5673,13,1.6,548.7918,58.43,3.29E6,16,17789,20210114_Weissrot_329_T0_nodigest_DDA_120min_2uL.raw,3,3,tr|A0A089VKF1|A0A089VKF1_THAWE,,
VVAPDPDK,24.73,839.4388,8,1.1,420.7271,28.83,3E6,16,8013,20210114_Weissrot_329_T0_nodigest_DDA_120min_2uL.raw,1,1,Thalassiosira_weissflogii_0171348692:tr|A0A089VIP5|A0A089VIP5_THAWE,,
AIQQQIENPLAQQILSGELVPGK,24.72,2473.3540,23,2.0,1237.6868,123.46,7.52E6,16,38530,20210114_Weissrot_329_T0_nodigest_DDA_120min_2uL.raw,2,2,gi|54036848,,
AQDQPHENF,24.65,1084.4574,9,1.8,543.2369,41.07,1.02E6,17,8253,20210115_Weissrot_329_T0_nodigest_EThcD_120min_2uL.raw,1,1,,,
TDDPHPRNNY,24.63,1227.5269,10,0.9,410.1833,24.48,1.62E6,17,4471,20210115_Weissrot_329_T0_nodigest_EThcD_120min_2uL.raw,1,1,tr|A0A089VKD8|A0A089VKD8_THAWE,,
LGGELPIVGQM(+15.99),24.60,1128.5848,11,1.3,565.3004,89.06,2.15E5,16,29250,20210114_Weissrot_329_T0_nodigest_DDA_120min_2uL.raw,2,2,Thalassiosira_weissflogii_0203264230,Oxidation (M),M11:Oxidation (M):1000.00
FETDPIRDPNN,24.48,1316.5996,11,1.2,659.3079,57.23,6.44E5,16,17403,20210114_Weissrot_329_T0_nodigest_DDA_120min_2uL.raw,1,1,Thalassiosira_weissflogii_0201855056:Thalassiosira_weissflogii_0203217746,,
GVHLPGNIDYA,24.48,1154.5720,11,0.3,578.2935,85.40,6.76E6,17,17407,20210115_Weissrot_329_T0_nodigest_EThcD_120min_2uL.raw,3,3,Thalassiosira_weissflogii_0201860448,,
GYDPDLPIIGHLQ,24.39,1436.7300,13,1.3,719.3732,110.84,1.55E6,16,35893,20210114_Weissrot_329_T0_nodigest_DDA_120min_2uL.raw,3,3,Thalassiosira_weissflogii_0203258860:Thalassiosira_weissflogii_0203319814:Thalassiosira_weissflogii_0203628344:Thalassiosira_weissflogii_0201860518:Thalassiosira_weissflogii_0203473996,,
GGGTIGHPDG,24.36,866.3882,10,1.3,434.2020,24.22,6.55E7,17,4412,20210115_Weissrot_329_T0_nodigest_EThcD_120min_2uL.raw,2,2,tr|A8DP72|A8DP72_THAWE:Thalassiosira_weissflogii_0171383444:tr|A8DP83|A8DP83_THAWE:tr|A0A089VQA3|A0A089VQA3_THAWE,,
GLKPSDPEE,24.33,970.4607,9,1.0,486.2381,33.27,1.67E7,16,9505,20210114_Weissrot_329_T0_nodigest_DDA_120min_2uL.raw,1,1,Thalassiosira_weissflogii_0201845386,,
HWEFPDPNQE,24.32,1297.5364,10,1.3,649.7763,84.96,8.59E5,16,27762,20210114_Weissrot_329_T0_nodigest_DDA_120min_2uL.raw,1,1,Thalassiosira_weissflogii_0203296644,,
SGGSTGERP,24.31,846.3831,9,1.6,424.1995,16.77,6.57E5,16,2858,20210114_Weissrot_329_T0_nodigest_DDA_120min_2uL.raw,1,1,tr|A0A089X953|A0A089X953_THAWE,,
AIGPGIGQGNAA,24.30,1024.5302,12,0.1,513.2724,57.88,1.31E6,17,11717,20210115_Weissrot_329_T0_nodigest_EThcD_120min_2uL.raw,2,2,tr|A0A089VKF1|A0A089VKF1_THAWE,,
GVHLPGNI,24.30,805.4446,8,0.7,403.7299,79.34,4.54E6,17,16187,20210115_Weissrot_329_T0_nodigest_EThcD_120min_2uL.raw,1,1,Thalassiosira_weissflogii_0201860448,,
NSPGAGNVIRVT,24.28,1183.6309,12,0.6,592.8231,56.37,1.95E5,16,17135,20210114_Weissrot_329_T0_nodigest_DDA_120min_2uL.raw,1,1,Thalassiosira_weissflogii_0203296644,,
GGELPIVGPM,24.27,968.5001,10,0.8,485.2577,103.96,4.92E5,16,33883,20210114_Weissrot_329_T0_nodigest_DDA_120min_2uL.raw,1,1,Thalassiosira_weissflogii_0203172898,,
ASEVDVVDGPN,24.27,1100.4985,11,1.1,551.2571,53.87,1.2E5,16,16326,20210114_Weissrot_329_T0_nodigest_DDA_120min_2uL.raw,1,1,Thalassiosira_weissflogii_0171425196:Thalassiosira_weissflogii_0203276752,,
DDADQERFD,24.25,1109.4261,9,1.1,555.7209,39.13,4.27E6,16,11441,20210114_Weissrot_329_T0_nodigest_DDA_120min_2uL.raw,2,2,Thalassiosira_weissflogii_0201860448,,
RDVPGTGN,24.18,814.3933,8,2.8,408.2051,20.44,1.14E6,16,4487,20210114_Weissrot_329_T0_nodigest_DDA_120min_2uL.raw,1,1,Thalassiosira_weissflogii_0203258860:Thalassiosira_weissflogii_0203319814:Thalassiosira_weissflogii_0203628344:Thalassiosira_weissflogii_0201860518:Thalassiosira_weissflogii_0203473996,,
GQNEAVDAVSNAIR,24.15,1442.7113,14,2.2,722.3645,90.70,6.03E4,16,29779,20210114_Weissrot_329_T0_nodigest_DDA_120min_2uL.raw,2,2,gi|54036848,,
AGVHLPGNIDY,24.12,1154.5720,11,1.7,578.2943,86.63,2.9E6,16,28374,20210114_Weissrot_329_T0_nodigest_DDA_120min_2uL.raw,2,2,Thalassiosira_weissflogii_0201860448,,
TIGHPDGIQA,24.11,1007.5036,10,0.7,504.7594,49.99,2.51E5,17,10131,20210115_Weissrot_329_T0_nodigest_EThcD_120min_2uL.raw,1,1,tr|A8DP72|A8DP72_THAWE:Thalassiosira_weissflogii_0171383444:tr|A8DP83|A8DP83_THAWE:tr|A0A089VQA3|A0A089VQA3_THAWE,,
Q(-17.03)NEAVDAVSNAIR,24.03,1368.6633,13,1.2,685.3398,93.28,2.08E5,16,30677,20210114_Weissrot_329_T0_nodigest_DDA_120min_2uL.raw,1,1,gi|54036848,Pyro-glu from Q,Q1:Pyro-glu from Q:1000.00
GLLDDADQERF,24.01,1277.5887,11,0.6,639.8021,89.37,1.89E5,16,29353,20210114_Weissrot_329_T0_nodigest_DDA_120min_2uL.raw,1,1,Thalassiosira_weissflogii_0201860448,,
EDLTKGL,24.00,774.4123,7,1.0,388.2138,61.74,8.42E5,17,12492,20210115_Weissrot_329_T0_nodigest_EThcD_120min_2uL.raw,1,1,tr|A0A089X953|A0A089X953_THAWE,,
LDAGEIIH,23.98,866.4498,8,0.6,434.2324,67.39,5.5E5,17,13632,20210115_Weissrot_329_T0_nodigest_EThcD_120min_2uL.raw,1,1,Thalassiosira_weissflogii_0201819716,,
EAPQNPKAN,23.96,967.4723,9,1.6,484.7442,15.87,5.03E4,16,2486,20210114_Weissrot_329_T0_nodigest_DDA_120min_2uL.raw,1,1,Thalassiosira_weissflogii_0171449500,,
HDSIGVGEDGPT,23.87,1182.5153,12,0.9,592.2654,47.20,1.34E5,16,14107,20210114_Weissrot_329_T0_nodigest_DDA_120min_2uL.raw,1,1,Thalassiosira_weissflogii_0203598492:Thalassiosira_weissflogii_0201769984,,
AGIHLPGNIDTA,23.85,1177.6091,12,1.3,589.8126,84.99,8.85E5,17,17323,20210115_Weissrot_329_T0_nodigest_EThcD_120min_2uL.raw,1,1,Thalassiosira_weissflogii_0203172898,,
FDPSTLPVQF,23.79,1149.5706,10,1.3,575.7933,115.50,2.03E5,16,36966,20210114_Weissrot_329_T0_nodigest_DDA_120min_2uL.raw,1,1,Thalassiosira_weissflogii_0201845386,,
GVHLPGNIDY,23.73,1083.5349,10,0.8,542.7751,86.55,2.14E7,17,17646,20210115_Weissrot_329_T0_nodigest_EThcD_120min_2uL.raw,2,2,Thalassiosira_weissflogii_0201860448,,
ITPQPGVDP(+15.99)VEA,23.64,1237.6190,12,1.3,619.8176,61.83,1.58E6,17,12510,20210115_Weissrot_329_T0_nodigest_EThcD_120min_2uL.raw,1,1,tr|A8DP72|A8DP72_THAWE:Thalassiosira_weissflogii_0171383444:tr|A8DP83|A8DP83_THAWE:tr|A0A089VQA3|A0A089VQA3_THAWE,Oxidation(KPRY),P9:Oxidation(KPRY):0.00
GGELPIVGQM,23.63,999.5059,10,1.3,500.7609,105.06,1.18E6,16,34321,20210114_Weissrot_329_T0_nodigest_DDA_120min_2uL.raw,4,4,Thalassiosira_weissflogii_0203264230,,
AAIGPGIGQGN,23.62,953.4930,11,1.4,477.7545,53.51,2.55E6,16,16210,20210114_Weissrot_329_T0_nodigest_DDA_120min_2uL.raw,1,1,tr|A0A089VKF1|A0A089VKF1_THAWE,,
FGWDDFDEETK,23.54,1387.5568,11,1.2,694.7865,99.33,4.43E5,16,32502,20210114_Weissrot_329_T0_nodigest_DDA_120min_2uL.raw,1,1,Thalassiosira_weissflogii_0203258860:Thalassiosira_weissflogii_0203319814:Thalassiosira_weissflogii_0203628344:Thalassiosira_weissflogii_0201860518:Thalassiosira_weissflogii_0203473996,,
TDAEIAEVLAR,23.50,1186.6194,11,1.7,594.3180,97.42,5.73E4,16,31967,20210114_Weissrot_329_T0_nodigest_DDA_120min_2uL.raw,2,2,gi|54036848,,
GVMKDVTGEA,23.46,1005.4801,10,0.6,503.7476,57.09,1.94E5,17,11559,20210115_Weissrot_329_T0_nodigest_EThcD_120min_2uL.raw,2,2,Thalassiosira_weissflogii_0203264230,,
ADVDEGVVIGY,23.39,1135.5397,11,1.2,568.7778,87.37,2.27E6,16,28645,20210114_Weissrot_329_T0_nodigest_DDA_120min_2uL.raw,2,2,Thalassiosira_weissflogii_0203602526:Thalassiosira_weissflogii_0203565880,,
TEAPQNPKAN,23.27,1068.5200,10,0.9,535.2678,18.39,1.07E6,16,3541,20210114_Weissrot_329_T0_nodigest_DDA_120min_2uL.raw,1,1,Thalassiosira_weissflogii_0171449500,,
KDVTGEAEF,23.22,994.4607,9,1.3,498.2383,54.05,1.32E6,16,16385,20210114_Weissrot_329_T0_nodigest_DDA_120min_2uL.raw,1,1,Thalassiosira_weissflogii_0203264230,,
GTPRPNEY,23.20,932.4352,8,-1.1,467.2244,35.04,7.97E5,17,6918,20210115_Weissrot_329_T0_nodigest_EThcD_120min_2uL.raw,1,1,tr|A0A089X953|A0A089X953_THAWE,,
AGVHLPGNIDYAGDS,23.12,1484.6896,15,0.2,743.3522,83.17,1.47E5,17,16963,20210115_Weissrot_329_T0_nodigest_EThcD_120min_2uL.raw,1,1,,,
GVGAVGGGGM(+15.99),23.12,776.3487,10,-3.5,389.1803,43.30,1.43E5,17,8730,20210115_Weissrot_329_T0_nodigest_EThcD_120min_2uL.raw,1,1,Thalassiosira_weissflogii_0203382698,Oxidation (M),M10:Oxidation (M):1000.00
NGESRPGTLPG,23.12,1083.5309,11,0.1,542.7728,38.80,2.42E5,17,7753,20210115_Weissrot_329_T0_nodigest_EThcD_120min_2uL.raw,1,1,Thalassiosira_weissflogii_0203358160,,
Q(-17.03)FGGGTIGHPDG,23.05,1124.4886,12,2.3,563.2529,72.25,2.62E5,16,22774,20210114_Weissrot_329_T0_nodigest_DDA_120min_2uL.raw,1,1,tr|A8DP72|A8DP72_THAWE:Thalassiosira_weissflogii_0171383444:tr|A8DP83|A8DP83_THAWE:tr|A0A089VQA3|A0A089VQA3_THAWE,Pyro-glu from Q,Q1:Pyro-glu from Q:1000.00
HLPGNID,22.97,764.3817,7,0.4,383.1983,49.29,5.09E5,17,9990,20210115_Weissrot_329_T0_nodigest_EThcD_120min_2uL.raw,1,1,Thalassiosira_weissflogii_0201860448:Thalassiosira_weissflogii_0203172898,,
LGYDPDLPIIGHLQ,22.88,1549.8140,14,2.5,775.9162,117.74,1.15E5,16,37414,20210114_Weissrot_329_T0_nodigest_DDA_120min_2uL.raw,2,2,Thalassiosira_weissflogii_0203258860:Thalassiosira_weissflogii_0203319814:Thalassiosira_weissflogii_0203628344:Thalassiosira_weissflogii_0201860518:Thalassiosira_weissflogii_0203473996,,
GYDFIPGKL,22.86,1008.5280,9,1.1,505.2718,100.20,2.7E5,16,32743,20210114_Weissrot_329_T0_nodigest_DDA_120min_2uL.raw,2,2,Thalassiosira_weissflogii_0203204228,,
GIHLPGNIDT,22.84,1035.5349,10,-0.6,518.7744,82.66,5.84E5,17,16859,20210115_Weissrot_329_T0_nodigest_EThcD_120min_2uL.raw,3,3,Thalassiosira_weissflogii_0203172898,,
AISGPDAIPGAG,22.80,1024.5189,12,2.4,513.2679,67.80,7.58E5,17,13716,20210115_Weissrot_329_T0_nodigest_EThcD_120min_2uL.raw,1,1,,,
GVGGGNDERE,22.73,988.4210,10,1.5,495.2185,17.31,1.82E5,16,3109,20210114_Weissrot_329_T0_nodigest_DDA_120min_2uL.raw,1,1,Thalassiosira_weissflogii_0203323600:Thalassiosira_weissflogii_0203107868:Thalassiosira_weissflogii_0203169094:tr|A0A089VP72|A0A089VP72_THAWE,,
GGTIGHPD,22.71,752.3453,8,1.6,377.1805,23.58,2.53E5,17,4257,20210115_Weissrot_329_T0_nodigest_EThcD_120min_2uL.raw,1,1,tr|A8DP72|A8DP72_THAWE:Thalassiosira_weissflogii_0171383444:tr|A8DP83|A8DP83_THAWE:tr|A0A089VQA3|A0A089VQA3_THAWE,,
KASPDSDLK,22.70,959.4923,9,1.8,480.7543,18.94,1.14E5,16,3756,20210114_Weissrot_329_T0_nodigest_DDA_120min_2uL.raw,1,1,Thalassiosira_weissflogii_0203086342,,
ALDFGWDKF,22.65,1097.5182,9,2.6,549.7678,118.80,2.01E5,16,37625,20210114_Weissrot_329_T0_nodigest_DDA_120min_2uL.raw,1,1,Thalassiosira_weissflogii_0201860448,,
FGGGTIGHPDGIQAGA,22.64,1453.6949,16,1.7,727.8560,65.44,1.09E5,16,20224,20210114_Weissrot_329_T0_nodigest_DDA_120min_2uL.raw,1,1,tr|A8DP72|A8DP72_THAWE:Thalassiosira_weissflogii_0171383444:tr|A8DP83|A8DP83_THAWE:tr|A0A089VQA3|A0A089VQA3_THAWE,,
IDTPGHVD,22.63,852.3977,8,1.8,427.2069,36.47,1.62E6,16,10580,20210114_Weissrot_329_T0_nodigest_DDA_120min_2uL.raw,1,1,Thalassiosira_weissflogii_0203237080,,
LGGELPIVGPM(+15.99),22.61,1097.5791,11,0.5,549.7971,92.34,2.17E5,16,30348,20210114_Weissrot_329_T0_nodigest_DDA_120min_2uL.raw,1,1,Thalassiosira_weissflogii_0203172898,Oxidation (M),M11:Oxidation (M):1000.00
AGVHLPGN,22.61,763.3976,8,1.6,382.7067,49.02,3.83E6,16,14683,20210114_Weissrot_329_T0_nodigest_DDA_120min_2uL.raw,1,1,Thalassiosira_weissflogii_0201860448,,
ISGPDAIPGAGL,22.56,1066.5658,12,0.9,534.2906,90.87,3.02E6,17,18546,20210115_Weissrot_329_T0_nodigest_EThcD_120min_2uL.raw,2,2,,,
FRITP(+15.99)QPGVDPVEA,22.53,1540.7885,14,1.7,771.4028,77.68,7.96E5,16,24986,20210114_Weissrot_329_T0_nodigest_DDA_120min_2uL.raw,1,1,tr|A8DP72|A8DP72_THAWE:Thalassiosira_weissflogii_0171383444:tr|A8DP83|A8DP83_THAWE:tr|A0A089VQA3|A0A089VQA3_THAWE,Oxidation(KPRY),P5:Oxidation(KPRY):22.85
VMKDVTGE,22.50,877.4215,8,3.7,439.7196,31.83,8.84E5,17,6190,20210115_Weissrot_329_T0_nodigest_EThcD_120min_2uL.raw,1,1,Thalassiosira_weissflogii_0201860448:Thalassiosira_weissflogii_0203264230,,
LVTEEPIEYHPL,22.49,1438.7344,12,1.3,720.3754,90.44,2.04E4,16,29693,20210114_Weissrot_329_T0_nodigest_DDA_120min_2uL.raw,1,1,Thalassiosira_weissflogii_0201845386,,
GGGTIGHPDGIQAGA,22.49,1306.6266,15,1.2,654.3214,48.75,4.67E5,16,14579,20210114_Weissrot_329_T0_nodigest_DDA_120min_2uL.raw,1,1,tr|A8DP72|A8DP72_THAWE:Thalassiosira_weissflogii_0171383444:tr|A8DP83|A8DP83_THAWE:tr|A0A089VQA3|A0A089VQA3_THAWE,,
Q(-17.03)DQPHENF,22.49,996.3937,8,0.8,499.2045,53.27,3.74E6,16,16135,20210114_Weissrot_329_T0_nodigest_DDA_120min_2uL.raw,2,2,,Pyro-glu from Q,Q1:Pyro-glu from Q:1000.00
DKVEEY,22.47,781.3494,6,1.9,391.6827,31.92,4.01E5,17,6209,20210115_Weissrot_329_T0_nodigest_EThcD_120min_2uL.raw,1,1,Thalassiosira_weissflogii_0203188584:Thalassiosira_weissflogii_0203627594:Thalassiosira_weissflogii_0203261572,,
VGTPEER,22.46,786.3871,7,1.5,394.2014,20.15,8.16E6,16,4337,20210114_Weissrot_329_T0_nodigest_DDA_120min_2uL.raw,1,1,,,
VTEEPIEY,22.43,978.4546,8,1.3,490.2352,69.52,3.41E5,16,21767,20210114_Weissrot_329_T0_nodigest_DDA_120min_2uL.raw,1,1,Thalassiosira_weissflogii_0201845386,,
GVHLPGNIDYAGDS,22.40,1413.6525,14,1.5,707.8346,79.85,4.2E5,16,25828,20210114_Weissrot_329_T0_nodigest_DDA_120min_2uL.raw,1,1,,,
GGTIGHPDG,22.40,809.3668,9,0.3,405.6908,23.45,8.15E5,17,4224,20210115_Weissrot_329_T0_nodigest_EThcD_120min_2uL.raw,1,1,tr|A8DP72|A8DP72_THAWE:Thalassiosira_weissflogii_0171383444:tr|A8DP83|A8DP83_THAWE:tr|A0A089VQA3|A0A089VQA3_THAWE,,
MRDVPGTGNE,22.39,1074.4764,10,1.5,538.2463,40.67,2.34E6,16,11972,20210114_Weissrot_329_T0_nodigest_DDA_120min_2uL.raw,1,1,Thalassiosira_weissflogii_0203258860:Thalassiosira_weissflogii_0203319814:Thalassiosira_weissflogii_0203628344:Thalassiosira_weissflogii_0201860518:Thalassiosira_weissflogii_0203473996,,
DDADQERF,22.32,994.3992,8,2.0,498.2079,42.44,4.23E7,16,12534,20210114_Weissrot_329_T0_nodigest_DDA_120min_2uL.raw,2,2,Thalassiosira_weissflogii_0201860448,,
DFGWDK,22.27,766.3286,6,0.1,384.1716,72.53,1.46E6,17,14711,20210115_Weissrot_329_T0_nodigest_EThcD_120min_2uL.raw,1,1,Thalassiosira_weissflogii_0201860448:Thalassiosira_weissflogii_0203172898,,
FM(+15.99)RDVPGTGN,22.21,1108.4971,10,1.4,555.2566,38.36,2.01E5,16,11199,20210114_Weissrot_329_T0_nodigest_DDA_120min_2uL.raw,1,1,Thalassiosira_weissflogii_0203258860:Thalassiosira_weissflogii_0203319814:Thalassiosira_weissflogii_0203628344:Thalassiosira_weissflogii_0201860518:Thalassiosira_weissflogii_0203473996,Oxidation (M),M2:Oxidation (M):1000.00
GVHLPGNIDYAG,22.14,1211.5935,12,2.1,606.8053,83.34,3.82E5,17,16997,20210115_Weissrot_329_T0_nodigest_EThcD_120min_2uL.raw,1,1,Thalassiosira_weissflogii_0201860448,,
GTIGHPDG,22.12,752.3453,8,1.1,377.1803,22.87,1.78E5,17,4075,20210115_Weissrot_329_T0_nodigest_EThcD_120min_2uL.raw,1,1,tr|A8DP72|A8DP72_THAWE:Thalassiosira_weissflogii_0171383444:tr|A8DP83|A8DP83_THAWE:tr|A0A089VQA3|A0A089VQA3_THAWE,,
LMVHEE,22.11,756.3476,6,1.3,379.1815,38.22,6.48E5,17,7627,20210115_Weissrot_329_T0_nodigest_EThcD_120min_2uL.raw,1,1,Thalassiosira_weissflogii_0203258860:Thalassiosira_weissflogii_0203319814:Thalassiosira_weissflogii_0203628344:Thalassiosira_weissflogii_0201860518:Thalassiosira_weissflogii_0203473996,,
TPDQDVGH,22.09,867.3723,8,1.2,434.6939,20.16,2.41E5,17,3388,20210115_Weissrot_329_T0_nodigest_EThcD_120min_2uL.raw,2,2,,,
FDRKPGN,22.08,832.4191,7,0.9,417.2172,16.26,2.54E5,16,2647,20210114_Weissrot_329_T0_nodigest_DDA_120min_2uL.raw,1,1,Thalassiosira_weissflogii_0203549518,,
KDVTGEAE,22.06,847.3923,8,1.6,424.7041,18.29,5.45E5,16,3506,20210114_Weissrot_329_T0_nodigest_DDA_120min_2uL.raw,1,1,Thalassiosira_weissflogii_0203264230,,
DDGTIQDPVLGTK,22.04,1357.6725,13,0.9,679.8441,67.17,2.72E5,17,13590,20210115_Weissrot_329_T0_nodigest_EThcD_120min_2uL.raw,1,1,Thalassiosira_weissflogii_0203382750:Thalassiosira_weissflogii_0203229036:Thalassiosira_weissflogii_0203261016:Thalassiosira_weissflogii_0201834710:Thalassiosira_weissflogii_0203540620:Thalassiosira_weissflogii_0203294158:Thalassiosira_weissflogii_0203604662:Thalassiosira_weissflogii_0203289348,,
IQDPVLGTK,22.02,969.5494,9,0.9,485.7824,56.29,1.86E6,16,17114,20210114_Weissrot_329_T0_nodigest_DDA_120min_2uL.raw,1,1,Thalassiosira_weissflogii_0203382750:Thalassiosira_weissflogii_0203229036:Thalassiosira_weissflogii_0203261016:Thalassiosira_weissflogii_0201834710:Thalassiosira_weissflogii_0203540620:Thalassiosira_weissflogii_0203294158:Thalassiosira_weissflogii_0203604662:Thalassiosira_weissflogii_0203289348,,
GVMKDVTGE,21.99,934.4430,9,0.6,468.2290,53.61,4.21E5,17,10870,20210115_Weissrot_329_T0_nodigest_EThcD_120min_2uL.raw,1,1,Thalassiosira_weissflogii_0203264230,,
PVLIGEPGVGK,21.99,1064.6229,11,1.0,533.3193,68.42,2.44E5,16,21353,20210114_Weissrot_329_T0_nodigest_DDA_120min_2uL.raw,1,1,gi|54036848,,
AATGEVKGSY,21.97,981.4767,10,0.8,491.7460,31.61,9.18E5,16,8921,20210114_Weissrot_329_T0_nodigest_DDA_120min_2uL.raw,1,1,tr|A8DP72|A8DP72_THAWE:Thalassiosira_weissflogii_0171383444:tr|A8DP83|A8DP83_THAWE:tr|A0A089VQA3|A0A089VQA3_THAWE,,
LTEAPQNPKAN,21.93,1181.6040,11,0.7,591.8097,27.25,2.38E5,16,7447,20210114_Weissrot_329_T0_nodigest_DDA_120min_2uL.raw,1,1,Thalassiosira_weissflogii_0171449500,,
DFDEETK,21.92,882.3607,7,0.8,442.1880,31.49,3.01E7,17,6114,20210115_Weissrot_329_T0_nodigest_EThcD_120min_2uL.raw,2,2,Thalassiosira_weissflogii_0203258860:Thalassiosira_weissflogii_0203319814:Thalassiosira_weissflogii_0203628344:Thalassiosira_weissflogii_0201860518:Thalassiosira_weissflogii_0203473996,,
EEDPKTDY,21.92,995.4083,8,0.8,498.7119,31.34,5.57E5,16,8830,20210114_Weissrot_329_T0_nodigest_DDA_120min_2uL.raw,1,1,Thalassiosira_weissflogii_0203188584,,
FDTVDWSKF,21.91,1143.5237,9,1.4,572.7699,107.36,2.39E5,16,34978,20210114_Weissrot_329_T0_nodigest_DDA_120min_2uL.raw,1,1,Thalassiosira_weissflogii_0203138818:Thalassiosira_weissflogii_0171329028:Thalassiosira_weissflogii_0203183264:Thalassiosira_weissflogii_0203104222,,
EEPIEYHP,21.89,1012.4501,8,1.5,507.2331,57.36,9.38E6,16,17448,20210114_Weissrot_329_T0_nodigest_DDA_120min_2uL.raw,1,1,Thalassiosira_weissflogii_0201845386,,
VSGPDGIPHPVP,21.87,1170.6033,12,1.3,586.3097,70.77,2.26E5,16,22263,20210114_Weissrot_329_T0_nodigest_DDA_120min_2uL.raw,1,1,Thalassiosira_weissflogii_0171365542,,
TELEVNLPY,21.87,1076.5389,9,1.2,539.2774,102.95,9.07E5,16,33606,20210114_Weissrot_329_T0_nodigest_DDA_120min_2uL.raw,1,1,tr|A8DP72|A8DP72_THAWE:Thalassiosira_weissflogii_0171383444:tr|A8DP83|A8DP83_THAWE:tr|A0A089VQA3|A0A089VQA3_THAWE,,
TVKDTDVL,21.84,889.4756,8,0.8,445.7455,53.23,7.22E5,17,10798,20210115_Weissrot_329_T0_nodigest_EThcD_120min_2uL.raw,1,1,tr|A8DP72|A8DP72_THAWE:Thalassiosira_weissflogii_0171383444:tr|A8DP83|A8DP83_THAWE:tr|A0A089VQA3|A0A089VQA3_THAWE,,
DFRNGY,21.82,770.3347,6,1.9,386.1754,47.17,3.1E6,16,14099,20210114_Weissrot_329_T0_nodigest_DDA_120min_2uL.raw,1,1,Thalassiosira_weissflogii_0203258860:Thalassiosira_weissflogii_0203319814:Thalassiosira_weissflogii_0203628344:Thalassiosira_weissflogii_0201860518:Thalassiosira_weissflogii_0203473996,,
ELEDLTKGL,21.82,1016.5389,9,1.1,509.2773,88.80,1.59E6,16,29164,20210114_Weissrot_329_T0_nodigest_DDA_120min_2uL.raw,1,1,tr|A0A089X953|A0A089X953_THAWE,,
GGSLPIVGEM(+15.99),21.81,974.4742,10,2.7,488.2457,76.69,3.89E5,16,24569,20210114_Weissrot_329_T0_nodigest_DDA_120min_2uL.raw,1,1,Thalassiosira_weissflogii_0201860448,Oxidation (M),M10:Oxidation (M):1000.00
DQERFD,21.80,808.3351,6,0.3,405.1749,31.70,3.15E6,17,6162,20210115_Weissrot_329_T0_nodigest_EThcD_120min_2uL.raw,1,1,Thalassiosira_weissflogii_0201860448,,
ALRLEDM,21.78,846.4269,7,3.2,424.2221,78.06,2.87E5,17,15929,20210115_Weissrot_329_T0_nodigest_EThcD_120min_2uL.raw,1,1,tr|A8DP72|A8DP72_THAWE:Thalassiosira_weissflogii_0171383444:tr|A8DP83|A8DP83_THAWE:tr|A0A089VQA3|A0A089VQA3_THAWE,,
DTVDWSKF,21.74,996.4553,8,0.6,499.2352,93.36,2.09E5,16,30710,20210114_Weissrot_329_T0_nodigest_DDA_120min_2uL.raw,1,1,Thalassiosira_weissflogii_0203138818:Thalassiosira_weissflogii_0171329028:Thalassiosira_weissflogii_0203183264:Thalassiosira_weissflogii_0203104222,,
GAQPPLGF,21.74,785.4072,8,1.1,393.7113,88.50,7.78E5,16,29057,20210114_Weissrot_329_T0_nodigest_DDA_120min_2uL.raw,1,1,Thalassiosira_weissflogii_0201860448:Thalassiosira_weissflogii_0203258860:Thalassiosira_weissflogii_0203319814:Thalassiosira_weissflogii_0203628344:Thalassiosira_weissflogii_0201860518:Thalassiosira_weissflogii_0203473996:Thalassiosira_weissflogii_0203172898,,
GIPEDDPRNP,21.73,1108.5149,10,1.2,555.2654,41.25,2.23E6,16,12152,20210114_Weissrot_329_T0_nodigest_DDA_120min_2uL.raw,1,1,Thalassiosira_weissflogii_0203086342,,
NSPGAGNVIR,21.73,983.5148,10,1.2,492.7653,35.40,1.45E6,16,10242,20210114_Weissrot_329_T0_nodigest_DDA_120min_2uL.raw,1,1,Thalassiosira_weissflogii_0203296644,,
GPDAIPGAGLAQ,21.73,1065.5454,12,1.8,533.7809,71.70,2.5E5,16,22575,20210114_Weissrot_329_T0_nodigest_DDA_120min_2uL.raw,1,1,,,
DPDLPIIGH,21.73,975.5025,9,0.1,488.7586,88.52,4.04E6,17,18051,20210115_Weissrot_329_T0_nodigest_EThcD_120min_2uL.raw,2,2,Thalassiosira_weissflogii_0203258860:Thalassiosira_weissflogii_0203319814:Thalassiosira_weissflogii_0203628344:Thalassiosira_weissflogii_0201860518:Thalassiosira_weissflogii_0203473996,,
RNEGQDY,21.72,880.3675,7,2.0,441.1919,21.03,5.71E5,16,4794,20210114_Weissrot_329_T0_nodigest_DDA_120min_2uL.raw,1,1,tr|A8DP72|A8DP72_THAWE:Thalassiosira_weissflogii_0171383444:tr|A8DP83|A8DP83_THAWE:tr|A0A089VQA3|A0A089VQA3_THAWE,,
SGLKPPLDL,21.71,938.5436,9,1.6,470.2798,95.85,1.09E5,17,19623,20210115_Weissrot_329_T0_nodigest_EThcD_120min_2uL.raw,1,1,Thalassiosira_weissflogii_0201788838,,
AADDKERYQ,21.69,1094.4993,9,1.9,548.2579,17.80,5.84E3,16,3333,20210114_Weissrot_329_T0_nodigest_DDA_120min_2uL.raw,1,1,Thalassiosira_weissflogii_0203571564:Thalassiosira_weissflogii_0203324490,,
GVHLPGNID,21.68,920.4716,9,2.8,461.2443,71.04,2.71E7,17,14403,20210115_Weissrot_329_T0_nodigest_EThcD_120min_2uL.raw,1,1,Thalassiosira_weissflogii_0201860448,,
FEDELGAQPP,21.66,1101.4978,10,-0.5,551.7559,74.56,6.11E5,16,23723,20210114_Weissrot_329_T0_nodigest_DDA_120min_2uL.raw,1,1,Thalassiosira_weissflogii_0203258860:Thalassiosira_weissflogii_0203319814:Thalassiosira_weissflogii_0203628344:Thalassiosira_weissflogii_0201860518:Thalassiosira_weissflogii_0203473996,,
WEFPDPNQ,21.65,1031.4348,8,0.9,516.7252,92.78,3.17E5,16,30492,20210114_Weissrot_329_T0_nodigest_DDA_120min_2uL.raw,1,1,Thalassiosira_weissflogii_0203296644,,
SEEQRPGTP,21.64,999.4621,9,0.9,500.7388,24.49,3.11E5,17,4473,20210115_Weissrot_329_T0_nodigest_EThcD_120min_2uL.raw,1,1,Thalassiosira_weissflogii_0201746798,,
GGELPIVGQM(+15.99),21.64,1015.5008,10,1.5,508.7584,78.02,2.35E5,16,25126,20210114_Weissrot_329_T0_nodigest_DDA_120min_2uL.raw,1,1,Thalassiosira_weissflogii_0203264230,Oxidation (M),M10:Oxidation (M):1000.00
SDEGVTPLLA,21.62,1000.5077,10,0.0,501.2611,62.47,3.1E5,17,12639,20210115_Weissrot_329_T0_nodigest_EThcD_120min_2uL.raw,1,1,Thalassiosira_weissflogii_0203566234:Thalassiosira_weissflogii_0203535598:Thalassiosira_weissflogii_0203596620:Thalassiosira_weissflogii_0203628090:Thalassiosira_weissflogii_0171353904,,
VGGGNDEREQT,21.60,1160.5057,11,1.6,581.2610,17.23,6.61E4,16,3070,20210114_Weissrot_329_T0_nodigest_DDA_120min_2uL.raw,1,1,Thalassiosira_weissflogii_0203323600:Thalassiosira_weissflogii_0203107868:Thalassiosira_weissflogii_0203169094:tr|A0A089VP72|A0A089VP72_THAWE,,
ADEVFNKL,21.59,934.4760,8,1.3,468.2458,75.88,3.16E5,16,24261,20210114_Weissrot_329_T0_nodigest_DDA_120min_2uL.raw,1,1,Thalassiosira_weissflogii_0203627594:Thalassiosira_weissflogii_0203261572,,
SDGISEEK,21.56,863.3872,8,0.0,432.7009,21.81,3.21E6,17,3806,20210115_Weissrot_329_T0_nodigest_EThcD_120min_2uL.raw,1,1,Thalassiosira_weissflogii_0203204228,,
GDLGEVRQ,21.47,872.4352,8,-0.4,437.2247,34.58,4.59E5,17,6817,20210115_Weissrot_329_T0_nodigest_EThcD_120min_2uL.raw,1,1,Thalassiosira_weissflogii_0203418570,,
FDIKDPA,21.45,804.4017,7,5.3,403.2103,66.14,3.83E6,17,13377,20210115_Weissrot_329_T0_nodigest_EThcD_120min_2uL.raw,1,1,tr|A0A089VKD8|A0A089VKD8_THAWE,,
FDEETKL,21.43,880.4178,7,1.4,441.2168,57.01,3.99E7,16,17328,20210114_Weissrot_329_T0_nodigest_DDA_120min_2uL.raw,2,2,Thalassiosira_weissflogii_0203258860:Thalassiosira_weissflogii_0203319814:Thalassiosira_weissflogii_0203628344:Thalassiosira_weissflogii_0201860518:Thalassiosira_weissflogii_0203473996:Thalassiosira_weissflogii_0203172898:Thalassiosira_weissflogii_0203264230,,
GY(+15.99)DPDLPIIGH,21.38,1211.5822,11,2.0,606.7996,87.52,5.72E4,16,28697,20210114_Weissrot_329_T0_nodigest_DDA_120min_2uL.raw,1,1,Thalassiosira_weissflogii_0203258860:Thalassiosira_weissflogii_0203319814:Thalassiosira_weissflogii_0203628344:Thalassiosira_weissflogii_0201860518:Thalassiosira_weissflogii_0203473996,Oxidation(KPRY),Y2:Oxidation(KPRY):20.41
VFPEEVLPR,21.37,1084.5917,9,1.2,543.3038,88.06,1.09E6,16,28903,20210114_Weissrot_329_T0_nodigest_DDA_120min_2uL.raw,2,2,,,
NPEGSRY,21.34,821.3668,7,0.2,411.6907,23.87,5.65E5,17,4329,20210115_Weissrot_329_T0_nodigest_EThcD_120min_2uL.raw,1,1,tr|A0A089VKD8|A0A089VKD8_THAWE,,
FASIPSKGL,21.33,918.5175,9,0.7,460.2663,74.95,1.66E5,17,15271,20210115_Weissrot_329_T0_nodigest_EThcD_120min_2uL.raw,1,1,Thalassiosira_weissflogii_0203399774,,
FITNRPA,21.33,817.4446,7,1.1,409.7300,40.46,1.14E6,17,8121,20210115_Weissrot_329_T0_nodigest_EThcD_120min_2uL.raw,1,1,tr|A0A089VKD8|A0A089VKD8_THAWE,,
DDFDEETK,21.32,997.3876,8,0.8,499.7015,35.37,1.25E7,17,6997,20210115_Weissrot_329_T0_nodigest_EThcD_120min_2uL.raw,1,1,Thalassiosira_weissflogii_0203258860:Thalassiosira_weissflogii_0203319814:Thalassiosira_weissflogii_0203628344:Thalassiosira_weissflogii_0201860518:Thalassiosira_weissflogii_0203473996,,
GIHLPGNIDTA,21.32,1106.5720,11,0.7,554.2937,83.42,1.09E5,17,17012,20210115_Weissrot_329_T0_nodigest_EThcD_120min_2uL.raw,1,1,Thalassiosira_weissflogii_0203172898,,
ETDPIRDPNN,21.30,1169.5312,10,1.0,585.7735,36.02,1.31E6,16,10443,20210114_Weissrot_329_T0_nodigest_DDA_120min_2uL.raw,1,1,Thalassiosira_weissflogii_0201855056:Thalassiosira_weissflogii_0203217746,,
GESDREAGDF,21.23,1081.4312,10,1.1,541.7234,40.63,1.39E6,16,11961,20210114_Weissrot_329_T0_nodigest_DDA_120min_2uL.raw,1,1,Thalassiosira_weissflogii_0203356870,,
DDFDEETKL,21.20,1110.4717,9,2.0,556.2442,70.14,2.2E6,16,22023,20210114_Weissrot_329_T0_nodigest_DDA_120min_2uL.raw,1,1,Thalassiosira_weissflogii_0203258860:Thalassiosira_weissflogii_0203319814:Thalassiosira_weissflogii_0203628344:Thalassiosira_weissflogii_0201860518:Thalassiosira_weissflogii_0203473996,,
DLWKDIS,21.20,875.4388,7,-0.6,438.7264,91.84,8.17E5,17,18744,20210115_Weissrot_329_T0_nodigest_EThcD_120min_2uL.raw,1,1,tr|A8DP72|A8DP72_THAWE:Thalassiosira_weissflogii_0171383444:tr|A8DP83|A8DP83_THAWE:tr|A0A089VQA3|A0A089VQA3_THAWE,,
IVGPIAGKT,21.16,854.5225,9,1.3,428.2691,47.85,3.57E5,16,14290,20210114_Weissrot_329_T0_nodigest_DDA_120min_2uL.raw,1,1,Thalassiosira_weissflogii_0171348692:tr|A0A089VIP5|A0A089VIP5_THAWE,,
EWTDDPHPR,21.15,1151.4995,9,0.8,384.8408,38.76,5.97E5,17,7744,20210115_Weissrot_329_T0_nodigest_EThcD_120min_2uL.raw,1,1,tr|A0A089VKD8|A0A089VKD8_THAWE,,
YDFIPGK,21.13,838.4225,7,2.2,420.2194,72.86,7.52E5,16,23011,20210114_Weissrot_329_T0_nodigest_DDA_120min_2uL.raw,1,1,Thalassiosira_weissflogii_0203204228:Thalassiosira_weissflogii_0201773708,,
NIDPNVGGF,21.13,931.4399,9,4.1,466.7292,86.46,6.48E4,17,17625,20210115_Weissrot_329_T0_nodigest_EThcD_120min_2uL.raw,1,1,Thalassiosira_weissflogii_0171348692:tr|A0A089VIP5|A0A089VIP5_THAWE,,
GGTIGHPDGIQ,21.12,1050.5094,11,0.0,526.2620,43.17,1.21E6,17,8702,20210115_Weissrot_329_T0_nodigest_EThcD_120min_2uL.raw,2,2,tr|A8DP72|A8DP72_THAWE:Thalassiosira_weissflogii_0171383444:tr|A8DP83|A8DP83_THAWE:tr|A0A089VQA3|A0A089VQA3_THAWE,,
GGGTIGHPD,21.10,809.3668,9,0.5,405.6909,23.98,2.49E7,17,4356,20210115_Weissrot_329_T0_nodigest_EThcD_120min_2uL.raw,2,2,tr|A8DP72|A8DP72_THAWE:Thalassiosira_weissflogii_0171383444:tr|A8DP83|A8DP83_THAWE:tr|A0A089VQA3|A0A089VQA3_THAWE,,
IGPGIGQGNAA,21.08,953.4930,11,0.2,477.7539,54.45,1.59E6,17,11035,20210115_Weissrot_329_T0_nodigest_EThcD_120min_2uL.raw,1,1,tr|A0A089VKF1|A0A089VKF1_THAWE,,
Q(-17.03)ELEDLTK,21.07,957.4655,8,2.2,479.7411,78.16,2.5E5,16,25183,20210114_Weissrot_329_T0_nodigest_DDA_120min_2uL.raw,1,1,tr|A0A089X953|A0A089X953_THAWE,Pyro-glu from Q,Q1:Pyro-glu from Q:1000.00
MR(+15.99)DVPGTGN,21.06,961.4287,9,2.3,481.7227,25.51,1.07E6,16,6814,20210114_Weissrot_329_T0_nodigest_DDA_120min_2uL.raw,1,1,Thalassiosira_weissflogii_0203258860:Thalassiosira_weissflogii_0203319814:Thalassiosira_weissflogii_0203628344:Thalassiosira_weissflogii_0201860518:Thalassiosira_weissflogii_0203473996,Oxidation(KPRY),R2:Oxidation(KPRY):28.96
GGSLPIVGEM,21.05,958.4794,10,0.7,480.2473,105.25,2.87E5,16,34374,20210114_Weissrot_329_T0_nodigest_DDA_120min_2uL.raw,1,1,Thalassiosira_weissflogii_0201860448,,
IGHPDGIQA,21.03,906.4559,9,1.3,454.2358,44.54,4.08E6,17,8997,20210115_Weissrot_329_T0_nodigest_EThcD_120min_2uL.raw,1,1,tr|A8DP72|A8DP72_THAWE:Thalassiosira_weissflogii_0171383444:tr|A8DP83|A8DP83_THAWE:tr|A0A089VQA3|A0A089VQA3_THAWE,,
VGLPPVDPDLYKD,21.01,1426.7344,13,1.4,714.3755,92.79,4.89E5,16,30495,20210114_Weissrot_329_T0_nodigest_DDA_120min_2uL.raw,1,1,,,
HLFPETM,20.98,873.4055,7,2.6,437.7111,83.37,1.89E4,17,17003,20210115_Weissrot_329_T0_nodigest_EThcD_120min_2uL.raw,1,1,Thalassiosira_weissflogii_0171392854,,
YRVDPVPN,20.97,958.4872,8,1.1,480.2514,51.74,4.89E6,16,15622,20210114_Weissrot_329_T0_nodigest_DDA_120min_2uL.raw,1,1,tr|A8DP72|A8DP72_THAWE:Thalassiosira_weissflogii_0171383444:tr|A8DP83|A8DP83_THAWE:tr|A0A089VQA3|A0A089VQA3_THAWE,,
TEAPQNPK,20.93,883.4399,8,2.4,442.7283,16.88,8.32E5,16,2904,20210114_Weissrot_329_T0_nodigest_DDA_120min_2uL.raw,1,1,Thalassiosira_weissflogii_0171449500,,
WTDDPHPRNN,20.88,1250.5428,10,1.7,626.2798,29.24,1.04E6,16,8158,20210114_Weissrot_329_T0_nodigest_DDA_120min_2uL.raw,1,1,tr|A0A089VKD8|A0A089VKD8_THAWE,,
VLEDDFVK,20.88,963.4913,8,1.6,482.7537,69.05,4.43E5,16,21595,20210114_Weissrot_329_T0_nodigest_DDA_120min_2uL.raw,1,1,Thalassiosira_weissflogii_0171415660:Thalassiosira_weissflogii_0203232500:Thalassiosira_weissflogii_0203350350:Thalassiosira_weissflogii_0201829370:Thalassiosira_weissflogii_0203261152:Thalassiosira_weissflogii_0203475706,,
GDFEFGK,20.85,798.3548,7,1.1,400.1851,64.89,2.25E5,17,13121,20210115_Weissrot_329_T0_nodigest_EThcD_120min_2uL.raw,1,1,Thalassiosira_weissflogii_0201773708,,
AAHIPDDG,20.84,794.3558,8,0.9,398.1855,32.08,2.21E5,17,6246,20210115_Weissrot_329_T0_nodigest_EThcD_120min_2uL.raw,1,1,Thalassiosira_weissflogii_0171415660:Thalassiosira_weissflogii_0203232500:Thalassiosira_weissflogii_0203350350:Thalassiosira_weissflogii_0201829370:Thalassiosira_weissflogii_0203261152:Thalassiosira_weissflogii_0203475706,,
SDLNNPPPRPDLP,20.77,1430.7153,13,1.3,716.3659,70.52,5.29E5,16,22172,20210114_Weissrot_329_T0_nodigest_DDA_120min_2uL.raw,1,1,Thalassiosira_weissflogii_0201855056:Thalassiosira_weissflogii_0203217746,,
WEFPDPNQE,20.76,1160.4774,9,1.1,581.2466,94.49,7.05E5,16,31051,20210114_Weissrot_329_T0_nodigest_DDA_120min_2uL.raw,1,1,Thalassiosira_weissflogii_0203296644,,
TPQP(+15.99)GVDPVEA,20.74,1124.5349,11,-0.2,563.2746,56.93,4.87E5,17,11525,20210115_Weissrot_329_T0_nodigest_EThcD_120min_2uL.raw,1,1,tr|A8DP72|A8DP72_THAWE:Thalassiosira_weissflogii_0171383444:tr|A8DP83|A8DP83_THAWE:tr|A0A089VQA3|A0A089VQA3_THAWE,Oxidation(KPRY),P4:Oxidation(KPRY):0.00
KPSDPEEF,20.74,947.4236,8,1.4,474.7197,46.80,1.77E6,16,13969,20210114_Weissrot_329_T0_nodigest_DDA_120min_2uL.raw,1,1,Thalassiosira_weissflogii_0201845386,,
MKDVTGE,20.70,778.3531,7,0.9,390.1842,25.14,5.12E5,17,4636,20210115_Weissrot_329_T0_nodigest_EThcD_120min_2uL.raw,1,1,Thalassiosira_weissflogii_0201860448:Thalassiosira_weissflogii_0203264230,,
NGRPIEA,20.70,755.3926,7,0.3,378.7037,26.69,6.51E5,17,5011,20210115_Weissrot_329_T0_nodigest_EThcD_120min_2uL.raw,1,1,Thalassiosira_weissflogii_0203296644,,
PDLPIIGH,20.67,860.4756,8,1.2,431.2456,84.82,1.6E6,17,17288,20210115_Weissrot_329_T0_nodigest_EThcD_120min_2uL.raw,2,2,Thalassiosira_weissflogii_0203258860:Thalassiosira_weissflogii_0203319814:Thalassiosira_weissflogii_0203628344:Thalassiosira_weissflogii_0201860518:Thalassiosira_weissflogii_0203473996,,
KDVTGEGEF,20.65,980.4451,9,1.2,491.2304,49.46,1.52E6,16,14831,20210114_Weissrot_329_T0_nodigest_DDA_120min_2uL.raw,1,1,Thalassiosira_weissflogii_0201860448,,
EVEIKVPYDVN,20.63,1303.6659,11,2.3,652.8417,84.62,1.18E5,16,27633,20210114_Weissrot_329_T0_nodigest_DDA_120min_2uL.raw,1,1,Thalassiosira_weissflogii_0171348692:tr|A0A089VIP5|A0A089VIP5_THAWE,,
DLIDEAASSIR,20.63,1188.5986,11,1.0,595.3072,108.01,2.96E5,16,35206,20210114_Weissrot_329_T0_nodigest_DDA_120min_2uL.raw,1,1,gi|54036848,,
LTDQQIEKQ,20.60,1101.5665,9,1.6,551.7914,33.43,3.64E5,16,9560,20210114_Weissrot_329_T0_nodigest_DDA_120min_2uL.raw,1,1,tr|A0A089VKD8|A0A089VKD8_THAWE,,
NNPVLIGEPG,20.58,1008.5240,10,1.0,505.2698,73.67,1.45E6,16,23355,20210114_Weissrot_329_T0_nodigest_DDA_120min_2uL.raw,1,1,gi|54036848,,
TDQQIEKQ,20.56,988.4825,8,1.5,495.2493,18.56,9.85E5,16,3612,20210114_Weissrot_329_T0_nodigest_DDA_120min_2uL.raw,1,1,tr|A0A089VKD8|A0A089VKD8_THAWE,,
LVGGEGPEPMP,20.54,1081.5114,11,1.2,541.7636,71.55,4.35E6,16,22523,20210114_Weissrot_329_T0_nodigest_DDA_120min_2uL.raw,1,1,Thalassiosira_weissflogii_0203549518,,
MPEEDPKTDY,20.53,1223.5016,10,0.7,612.7585,49.62,2.51E5,17,10056,20210115_Weissrot_329_T0_nodigest_EThcD_120min_2uL.raw,1,1,Thalassiosira_weissflogii_0203188584,,
VGDPFKDTS,20.50,964.4501,9,1.0,483.2328,54.46,3.84E5,16,16521,20210114_Weissrot_329_T0_nodigest_DDA_120min_2uL.raw,2,2,Thalassiosira_weissflogii_0203086342,,
LDRTEGAGR,20.39,973.4941,9,1.4,487.7550,16.45,4.75E4,16,2731,20210114_Weissrot_329_T0_nodigest_DDA_120min_2uL.raw,1,1,tr|A0A089VKD8|A0A089VKD8_THAWE,,
LGGSLPIVGEM,20.38,1071.5634,11,0.7,536.7893,114.08,1.5E5,16,36651,20210114_Weissrot_329_T0_nodigest_DDA_120min_2uL.raw,1,1,Thalassiosira_weissflogii_0201860448,,
MRDVPGTGNEF,20.37,1221.5448,11,-0.1,611.7796,69.25,2.35E5,16,21676,20210114_Weissrot_329_T0_nodigest_DDA_120min_2uL.raw,1,1,Thalassiosira_weissflogii_0203258860:Thalassiosira_weissflogii_0203319814:Thalassiosira_weissflogii_0203628344:Thalassiosira_weissflogii_0201860518:Thalassiosira_weissflogii_0203473996,,
DQPHENF,20.36,885.3617,7,1.3,443.6887,38.97,4.36E7,16,11395,20210114_Weissrot_329_T0_nodigest_DDA_120min_2uL.raw,1,1,,,
TGPAGKVM(+15.99),20.34,775.3898,8,1.9,388.7029,18.88,2.46E5,16,3735,20210114_Weissrot_329_T0_nodigest_DDA_120min_2uL.raw,1,1,Thalassiosira_weissflogii_0203188584:Thalassiosira_weissflogii_0203627594:Thalassiosira_weissflogii_0203261572,Oxidation (M),M8:Oxidation (M):1000.00
AAIGPGIGQ,20.34,782.4286,9,0.8,392.2219,56.16,1.49E6,16,17072,20210114_Weissrot_329_T0_nodigest_DDA_120min_2uL.raw,1,1,tr|A0A089VKF1|A0A089VKF1_THAWE,,
LDDADQERFD,20.30,1222.5101,10,0.4,612.2626,49.66,5.18E5,16,14898,20210114_Weissrot_329_T0_nodigest_DDA_120min_2uL.raw,1,1,Thalassiosira_weissflogii_0201860448,,
VDAPGHKD,20.29,837.3981,8,1.4,419.7069,15.79,3.69E4,16,2453,20210114_Weissrot_329_T0_nodigest_DDA_120min_2uL.raw,1,1,Thalassiosira_weissflogii_0171354626:tr|B5A4Q2|B5A4Q2_THAWE:Thalassiosira_weissflogii_0203566486:Thalassiosira_weissflogii_0203628558,,
DFGKPDLGDKEE,20.25,1348.6146,12,0.9,450.5459,52.60,1.59E6,16,15903,20210114_Weissrot_329_T0_nodigest_DDA_120min_2uL.raw,1,1,Thalassiosira_weissflogii_0203417438:Thalassiosira_weissflogii_0203391506:Thalassiosira_weissflogii_0203580532,,
DNDPSAPPH,20.22,948.3937,9,1.6,475.2049,22.61,1.03E6,16,5555,20210114_Weissrot_329_T0_nodigest_DDA_120min_2uL.raw,1,1,Thalassiosira_weissflogii_0203211260,,
AMIK(+15.99)P(+15.99)EALVVP(+15.99),20.21,1214.6580,11,-9.6,608.3304,96.20,0,17,19697,20210115_Weissrot_329_T0_nodigest_EThcD_120min_2uL.raw,1,1,Thalassiosira_weissflogii_0171419736:Thalassiosira_weissflogii_0203477910,Oxidation(KPRY),K4:Oxidation(KPRY):1000.00;P5:Oxidation(KPRY):1000.00;P11:Oxidation(KPRY):1000.00
TIGHPDGIQ,20.20,936.4665,9,1.5,469.2412,40.12,5.78E5,16,11770,20210114_Weissrot_329_T0_nodigest_DDA_120min_2uL.raw,1,1,tr|A8DP72|A8DP72_THAWE:Thalassiosira_weissflogii_0171383444:tr|A8DP83|A8DP83_THAWE:tr|A0A089VQA3|A0A089VQA3_THAWE,,
