peptide,lca,superkingdom,kingdom,subkingdom,superphylum,phylum,subphylum,superclass,class,subclass,infraclass,superorder,order,suborder,infraorder,parvorder,superfamily,family,subfamily,tribe,subtribe,genus,subgenus,species group,species subgroup,species,subspecies,varietas,forma
AAFVK,root,,,,,,,,,,,,,,,,,,,,,,,,,,,,
AQDYR,root,,,,,,,,,,,,,,,,,,,,,,,,,,,,
ATDHR,root,,,,,,,,,,,,,,,,,,,,,,,,,,,,
AWCAEK,root,,,,,,,,,,,,,,,,,,,,,,,,,,,,
CQPELTR,Blastopirellula marina,Bacteria,,,,Planctomycetes,,,Planctomycetia,,,,Planctomycetales,,,,,Planctomycetaceae,,,,Blastopirellula,,,,Blastopirellula marina,,,
EALLVDPK,Thermanaerothrix daxensis,Bacteria,,,,Chloroflexi,,,Anaerolineae,,,,Anaerolineales,,,,,Anaerolineaceae,,,,Thermanaerothrix,,,,Thermanaerothrix daxensis,,,
EDLEDENK,Eukaryota,Eukaryota,,,,,,,,,,,,,,,,,,,,,,,,,,,
EDTLR,root,,,,,,,,,,,,,,,,,,,,,,,,,,,,
EKPELTR,Haemonchus contortus,Eukaryota,Metazoa,,,Nematoda,,,Chromadorea,,,,Rhabditida,Strongylida,,,Trichostrongyloidea,Haemonchidae,Haemonchinae,,,Haemonchus,,,,Haemonchus contortus,,,
EVAVPEYK,Butyrivibrio hungatei,Bacteria,,,,Firmicutes,,,Clostridia,,,,Clostridiales,,,,,Lachnospiraceae,,,,Butyrivibrio,,,,Butyrivibrio hungatei,,,
EYDVVR,root,,,,,,,,,,,,,,,,,,,,,,,,,,,,
FEDDR,root,,,,,,,,,,,,,,,,,,,,,,,,,,,,
FWEER,root,,,,,,,,,,,,,,,,,,,,,,,,,,,,
FWEYK,root,,,,,,,,,,,,,,,,,,,,,,,,,,,,
GPYHK,root,,,,,,,,,,,,,,,,,,,,,,,,,,,,
LLGATHK,root,,,,,,,,,,,,,,,,,,,,,,,,,,,,
LTMFAK,root,,,,,,,,,,,,,,,,,,,,,,,,,,,,
LTWAGNK,Arthrobacter,Bacteria,,,,Actinobacteria,,,Actinobacteria,,,,Micrococcales,,,,,Micrococcaceae,,,,Arthrobacter,,,,,,,
MGTSR,root,,,,,,,,,,,,,,,,,,,,,,,,,,,,
MLACLPR,root,,,,,,,,,,,,,,,,,,,,,,,,,,,,
NVEVER,root,,,,,,,,,,,,,,,,,,,,,,,,,,,,
QAMHELLK,Eubacterium,Bacteria,,,,Firmicutes,,,Clostridia,,,,Clostridiales,,,,,Eubacteriaceae,,,,Eubacterium,,,,,,,
TPLLMENK,Brettanomyces bruxellensis,Eukaryota,Fungi,Dikarya,,Ascomycota,Saccharomycotina,,Saccharomycetes,,,,Saccharomycetales,,,,,Pichiaceae,,,,Brettanomyces,,,,Brettanomyces bruxellensis,,,
TYFWHK,root,,,,,,,,,,,,,,,,,,,,,,,,,,,,
VQVVDYK,Xenorhabdus bovienii,Bacteria,,,,Proteobacteria,,,Gammaproteobacteria,,,,Enterobacterales,,,,,Morganellaceae,,,,Xenorhabdus,,,,Xenorhabdus bovienii,,,
YLLEDENK,Andreesenia angusta,Bacteria,,,,Firmicutes,,,Tissierellia,,,,Tissierellales,,,,,Gottschalkiaceae,,,,Andreesenia,,,,Andreesenia angusta,,,
AMPGQAR,Candidatus Thorarchaeota,Archaea,,,,Candidatus Thorarchaeota,,,,,,,,,,,,,,,,,,,,,,,
ANETR,root,,,,,,,,,,,,,,,,,,,,,,,,,,,,
DGLVLER,root,,,,,,,,,,,,,,,,,,,,,,,,,,,,
DLLMR,root,,,,,,,,,,,,,,,,,,,,,,,,,,,,
DVMPK,root,,,,,,,,,,,,,,,,,,,,,,,,,,,,
EELPK,root,,,,,,,,,,,,,,,,,,,,,,,,,,,,
EESDLLPK,root,,,,,,,,,,,,,,,,,,,,,,,,,,,,
EGMMDK,root,,,,,,,,,,,,,,,,,,,,,,,,,,,,
EHAER,root,,,,,,,,,,,,,,,,,,,,,,,,,,,,
EMCTK,root,,,,,,,,,,,,,,,,,,,,,,,,,,,,
GEPELNK,root,,,,,,,,,,,,,,,,,,,,,,,,,,,,
GTPGR,root,,,,,,,,,,,,,,,,,,,,,,,,,,,,
HTEQEEK,Desulfotomaculum ferrireducens,Bacteria,,,,Firmicutes,,,Clostridia,,,,Clostridiales,,,,,Peptococcaceae,,,,Desulfotomaculum,,,,Desulfotomaculum ferrireducens,,,
LASNCEPK,Exidia glandulosa,Eukaryota,Fungi,Dikarya,,Basidiomycota,Agaricomycotina,,Agaricomycetes,,,,Auriculariales,,,,,Exidiaceae,,,,Exidia,,,,Exidia glandulosa,,,
LETLTHK,root,,,,,,,,,,,,,,,,,,,,,,,,,,,,
LMDYR,root,,,,,,,,,,,,,,,,,,,,,,,,,,,,
LPDNK,root,,,,,,,,,,,,,,,,,,,,,,,,,,,,
LVWSNK,root,,,,,,,,,,,,,,,,,,,,,,,,,,,,
MALPK,root,,,,,,,,,,,,,,,,,,,,,,,,,,,,
MEMHMK,Bacillus,Bacteria,,,,Firmicutes,,,Bacilli,,,,Bacillales,,,,,Bacillaceae,,,,Bacillus,,,,,,,
MEPELTR,root,,,,,,,,,,,,,,,,,,,,,,,,,,,,
MVGVTPR,root,,,,,,,,,,,,,,,,,,,,,,,,,,,,
NEPMVR,root,,,,,,,,,,,,,,,,,,,,,,,,,,,,
NFAMR,root,,,,,,,,,,,,,,,,,,,,,,,,,,,,
QQLGNGPR,Rothia,Bacteria,,,,Actinobacteria,,,Actinobacteria,,,,Micrococcales,,,,,Micrococcaceae,,,,Rothia,,,,,,,
SHESEEK,Clostridiales,Bacteria,,,,Firmicutes,,,Clostridia,,,,Clostridiales,,,,,,,,,,,,,,,,
SSMLPR,root,,,,,,,,,,,,,,,,,,,,,,,,,,,,
VAAHK,root,,,,,,,,,,,,,,,,,,,,,,,,,,,,
VAVPNAR,root,,,,,,,,,,,,,,,,,,,,,,,,,,,,
VDAAEK,root,,,,,,,,,,,,,,,,,,,,,,,,,,,,
WAGPR,root,,,,,,,,,,,,,,,,,,,,,,,,,,,,
WCPFK,root,,,,,,,,,,,,,,,,,,,,,,,,,,,,
WMGHR,root,,,,,,,,,,,,,,,,,,,,,,,,,,,,
WTGHR,root,,,,,,,,,,,,,,,,,,,,,,,,,,,,
YMLLENK,Bacteria,Bacteria,,,,,,,,,,,,,,,,,,,,,,,,,,,
ATELVR,root,,,,,,,,,,,,,,,,,,,,,,,,,,,,
AYHLK,root,,,,,,,,,,,,,,,,,,,,,,,,,,,,
CLLNHR,root,,,,,,,,,,,,,,,,,,,,,,,,,,,,
CLLPK,root,,,,,,,,,,,,,,,,,,,,,,,,,,,,
CNDVVR,root,,,,,,,,,,,,,,,,,,,,,,,,,,,,
DDLAVVLR,Bacteria,Bacteria,,,,,,,,,,,,,,,,,,,,,,,,,,,
DDLPTR,root,,,,,,,,,,,,,,,,,,,,,,,,,,,,
DMHMK,root,,,,,,,,,,,,,,,,,,,,,,,,,,,,
DPLVDPR,Bacteria,Bacteria,,,,,,,,,,,,,,,,,,,,,,,,,,,
EADNR,root,,,,,,,,,,,,,,,,,,,,,,,,,,,,
ESPPK,root,,,,,,,,,,,,,,,,,,,,,,,,,,,,
FFFGHR,root,,,,,,,,,,,,,,,,,,,,,,,,,,,,
FSQANLK,root,,,,,,,,,,,,,,,,,,,,,,,,,,,,
HFVTDHK,Helobdella robusta,Eukaryota,Metazoa,,,Annelida,,,Clitellata,Hirudinea,,,Rhynchobdellida,,,,,Glossiphoniidae,,,,Helobdella,,,,Helobdella robusta,,,
HLWSNK,Eukaryota,Eukaryota,,,,,,,,,,,,,,,,,,,,,,,,,,,
LAYNK,root,,,,,,,,,,,,,,,,,,,,,,,,,,,,
LLFFPR,root,,,,,,,,,,,,,,,,,,,,,,,,,,,,
LLYENK,root,,,,,,,,,,,,,,,,,,,,,,,,,,,,
LSDGNK,root,,,,,,,,,,,,,,,,,,,,,,,,,,,,
LVDTHK,root,,,,,,,,,,,,,,,,,,,,,,,,,,,,
MAEVER,root,,,,,,,,,,,,,,,,,,,,,,,,,,,,
MDWMNK,root,,,,,,,,,,,,,,,,,,,,,,,,,,,,
MHEVVR,root,,,,,,,,,,,,,,,,,,,,,,,,,,,,
MMDLGTNK,Clostridium,Bacteria,,,,Firmicutes,,,Clostridia,,,,Clostridiales,,,,,Clostridiaceae,,,,Clostridium,,,,,,,
MMEVLPK,root,,,,,,,,,,,,,,,,,,,,,,,,,,,,
MTFEK,root,,,,,,,,,,,,,,,,,,,,,,,,,,,,
MVLPR,root,,,,,,,,,,,,,,,,,,,,,,,,,,,,
NDPLLQER,Symbiodinium microadriaticum,Eukaryota,,,,,,,Dinophyceae,,,,Suessiales,,,,,Symbiodiniaceae,,,,Symbiodinium,,,,Symbiodinium microadriaticum,,,
NELTLPR,root,,,,,,,,,,,,,,,,,,,,,,,,,,,,
NFFGHR,root,,,,,,,,,,,,,,,,,,,,,,,,,,,,
NHEVVLK,root,,,,,,,,,,,,,,,,,,,,,,,,,,,,
NLLCAHK,Epulopiscium,Bacteria,,,,Firmicutes,,,Clostridia,,,,Clostridiales,,,,,,,,,Epulopiscium,,,,,,,
NSSPLK,root,,,,,,,,,,,,,,,,,,,,,,,,,,,,
VLLVDHK,root,,,,,,,,,,,,,,,,,,,,,,,,,,,,
WHMMTR,Rhodobacteraceae,Bacteria,,,,Proteobacteria,,,Alphaproteobacteria,,,,Rhodobacterales,,,,,Rhodobacteraceae,,,,,,,,,,,
WLVGHK,root,,,,,,,,,,,,,,,,,,,,,,,,,,,,
YGFSLVK,root,,,,,,,,,,,,,,,,,,,,,,,,,,,,
YVMVHK,root,,,,,,,,,,,,,,,,,,,,,,,,,,,,
AMVYR,root,,,,,,,,,,,,,,,,,,,,,,,,,,,,
AVELDKPK,Bacteria,Bacteria,,,,,,,,,,,,,,,,,,,,,,,,,,,
DYELK,root,,,,,,,,,,,,,,,,,,,,,,,,,,,,
EETTTR,root,,,,,,,,,,,,,,,,,,,,,,,,,,,,
EMPALLR,root,,,,,,,,,,,,,,,,,,,,,,,,,,,,
EVNMHK,root,,,,,,,,,,,,,,,,,,,,,,,,,,,,
EYEPVK,root,,,,,,,,,,,,,,,,,,,,,,,,,,,,
FNVNK,root,,,,,,,,,,,,,,,,,,,,,,,,,,,,
HDMLPK,root,,,,,,,,,,,,,,,,,,,,,,,,,,,,
HMMTR,root,,,,,,,,,,,,,,,,,,,,,,,,,,,,
HSAAEPR,Saccharomonospora cyanea,Bacteria,,,,Actinobacteria,,,Actinobacteria,,,,Pseudonocardiales,,,,,Pseudonocardiaceae,,,,Saccharomonospora,,,,Saccharomonospora cyanea,,,
LEDENK,root,,,,,,,,,,,,,,,,,,,,,,,,,,,,
LVDMPK,root,,,,,,,,,,,,,,,,,,,,,,,,,,,,
MSGQLVTR,Marivita,Bacteria,,,,Proteobacteria,,,Alphaproteobacteria,,,,Rhodobacterales,,,,,Rhodobacteraceae,,,,Marivita,,,,,,,
MVANYLR,root,,,,,,,,,,,,,,,,,,,,,,,,,,,,
NNHHK,root,,,,,,,,,,,,,,,,,,,,,,,,,,,,
QSGLTLPR,Metarhizium majus,Eukaryota,Fungi,Dikarya,,Ascomycota,Pezizomycotina,,Sordariomycetes,Hypocreomycetidae,,,Hypocreales,,,,,Clavicipitaceae,,,,Metarhizium,,,,Metarhizium majus,,,
SFDKPK,root,,,,,,,,,,,,,,,,,,,,,,,,,,,,
SSLCDK,root,,,,,,,,,,,,,,,,,,,,,,,,,,,,
STGHR,root,,,,,,,,,,,,,,,,,,,,,,,,,,,,
SVTVHR,root,,,,,,,,,,,,,,,,,,,,,,,,,,,,
TEVELVK,root,,,,,,,,,,,,,,,,,,,,,,,,,,,,
VTDDLDR,root,,,,,,,,,,,,,,,,,,,,,,,,,,,,
WGPLK,root,,,,,,,,,,,,,,,,,,,,,,,,,,,,
ADMYLR,root,,,,,,,,,,,,,,,,,,,,,,,,,,,,
ASWLPK,root,,,,,,,,,,,,,,,,,,,,,,,,,,,,
CPVFLR,root,,,,,,,,,,,,,,,,,,,,,,,,,,,,
DPGSK,root,,,,,,,,,,,,,,,,,,,,,,,,,,,,
EEWHLK,root,,,,,,,,,,,,,,,,,,,,,,,,,,,,
EWHDLMR,Acidomyces richmondensis,Eukaryota,Fungi,Dikarya,,Ascomycota,Pezizomycotina,,Dothideomycetes,,,,,,,,,,,,,Acidomyces,,,,Acidomyces richmondensis,,,
FAGENLK,Bacteria,Bacteria,,,,,,,,,,,,,,,,,,,,,,,,,,,
HPGLCNK,Formicidae,Eukaryota,Metazoa,,,Arthropoda,,Hexapoda,Insecta,Pterygota,Neoptera,,Hymenoptera,Apocrita,Aculeata,,Vespoidea,Formicidae,,,,,,,,,,,
KPEER,root,,,,,,,,,,,,,,,,,,,,,,,,,,,,
LLDCLEK,root,,,,,,,,,,,,,,,,,,,,,,,,,,,,
MLPLK,root,,,,,,,,,,,,,,,,,,,,,,,,,,,,
MMTPR,root,,,,,,,,,,,,,,,,,,,,,,,,,,,,
MSATTMTPR,Orrella dioscoreae,Bacteria,,,,Proteobacteria,,,Betaproteobacteria,,,,Burkholderiales,,,,,Alcaligenaceae,,,,Orrella,,,,Orrella dioscoreae,,,
NFENESK,Eukaryota,Eukaryota,,,,,,,,,,,,,,,,,,,,,,,,,,,
NNDWVK,root,,,,,,,,,,,,,,,,,,,,,,,,,,,,
QFLSPR,root,,,,,,,,,,,,,,,,,,,,,,,,,,,,
QPTVMLK,Pseudoalteromonas byunsanensis,Bacteria,,,,Proteobacteria,,,Gammaproteobacteria,,,,Alteromonadales,,,,,Pseudoalteromonadaceae,,,,Pseudoalteromonas,,,,Pseudoalteromonas byunsanensis,,,
SGADK,root,,,,,,,,,,,,,,,,,,,,,,,,,,,,
SLMMR,root,,,,,,,,,,,,,,,,,,,,,,,,,,,,
TPDSLELK,Rhizobium,Bacteria,,,,Proteobacteria,,,Alphaproteobacteria,,,,Rhizobiales,,,,,Rhizobiaceae,,,,Rhizobium,,,,,,,
VEVER,root,,,,,,,,,,,,,,,,,,,,,,,,,,,,
VLEHSNK,Campylobacter hominis,Bacteria,,,,Proteobacteria,delta/epsilon subdivisions,,Epsilonproteobacteria,,,,Campylobacterales,,,,,Campylobacteraceae,,,,Campylobacter,,,,Campylobacter hominis,,,
YEDAK,root,,,,,,,,,,,,,,,,,,,,,,,,,,,,
YVLSHGR,Bacteria,Bacteria,,,,,,,,,,,,,,,,,,,,,,,,,,,
AEDEDK,root,,,,,,,,,,,,,,,,,,,,,,,,,,,,
CEVVR,root,,,,,,,,,,,,,,,,,,,,,,,,,,,,
DNASHR,root,,,,,,,,,,,,,,,,,,,,,,,,,,,,
EEAFVK,root,,,,,,,,,,,,,,,,,,,,,,,,,,,,
ELMPR,root,,,,,,,,,,,,,,,,,,,,,,,,,,,,
ETPQALR,root,,,,,,,,,,,,,,,,,,,,,,,,,,,,
FDYGFFK,[Clostridium] cellulolyticum,Bacteria,,,,Firmicutes,,,Clostridia,,,,Clostridiales,,,,,Ruminococcaceae,,,,Ruminiclostridium,,,,[Clostridium] cellulolyticum,,,
GFDDPK,root,,,,,,,,,,,,,,,,,,,,,,,,,,,,
GNFEPLVR,Elusimicrobia,Bacteria,,,,Elusimicrobia,,,,,,,,,,,,,,,,,,,,,,,
KPHMHR,Tritrichomonas foetus,Eukaryota,,,,,,,,,,,Tritrichomonadida,,,,,Tritrichomonadidae,,,,Tritrichomonas,,,,Tritrichomonas foetus,,,
LEAGQMK,Bacteria,Bacteria,,,,,,,,,,,,,,,,,,,,,,,,,,,
LELAFK,root,,,,,,,,,,,,,,,,,,,,,,,,,,,,
LMGFK,root,,,,,,,,,,,,,,,,,,,,,,,,,,,,
LVPLLPK,root,,,,,,,,,,,,,,,,,,,,,,,,,,,,
QQNLDNK,root,,,,,,,,,,,,,,,,,,,,,,,,,,,,
SHVSK,root,,,,,,,,,,,,,,,,,,,,,,,,,,,,
TEVLLR,root,,,,,,,,,,,,,,,,,,,,,,,,,,,,
TLLGGLR,root,,,,,,,,,,,,,,,,,,,,,,,,,,,,
TTEPR,root,,,,,,,,,,,,,,,,,,,,,,,,,,,,
VLGPSK,root,,,,,,,,,,,,,,,,,,,,,,,,,,,,
VPAWWR,root,,,,,,,,,,,,,,,,,,,,,,,,,,,,
YGNLTPEER,Clavispora,Eukaryota,Fungi,Dikarya,,Ascomycota,Saccharomycotina,,Saccharomycetes,,,,Saccharomycetales,,,,,Metschnikowiaceae,,,,Clavispora,,,,,,,
YSMTHK,Eukaryota,Eukaryota,,,,,,,,,,,,,,,,,,,,,,,,,,,
ADHTR,root,,,,,,,,,,,,,,,,,,,,,,,,,,,,
ASTYK,root,,,,,,,,,,,,,,,,,,,,,,,,,,,,
CNTVK,root,,,,,,,,,,,,,,,,,,,,,,,,,,,,
DNPFTEK,Mesorhizobium,Bacteria,,,,Proteobacteria,,,Alphaproteobacteria,,,,Rhizobiales,,,,,Phyllobacteriaceae,,,,Mesorhizobium,,,,,,,
DYPLVVPR,Gloeomargarita lithophora,Bacteria,,,,Cyanobacteria,,,,,,,Gloeoemargaritales,,,,,Gloeomargaritaceae,,,,Gloeomargarita,,,,Gloeomargarita lithophora,,,
EEAASHR,root,,,,,,,,,,,,,,,,,,,,,,,,,,,,
ELAGMTR,root,,,,,,,,,,,,,,,,,,,,,,,,,,,,
ENMDLPR,Triticum,Eukaryota,Viridiplantae,,,Streptophyta,Streptophytina,,Liliopsida,Petrosaviidae,,,Poales,,,,,Poaceae,Pooideae,Triticeae,Triticinae,Triticum,,,,,,,
FTSENLNK,Stylonychia lemnae,Eukaryota,,,,,Intramacronucleata,,Spirotrichea,Stichotrichia,,,Sporadotrichida,,,,,Oxytrichidae,Stylonychinae,,,Stylonychia,,,,Stylonychia lemnae,,,
FWSNK,root,,,,,,,,,,,,,,,,,,,,,,,,,,,,
GGDHK,root,,,,,,,,,,,,,,,,,,,,,,,,,,,,
GQSEK,root,,,,,,,,,,,,,,,,,,,,,,,,,,,,
LAMTR,root,,,,,,,,,,,,,,,,,,,,,,,,,,,,
LLSDR,root,,,,,,,,,,,,,,,,,,,,,,,,,,,,
LLSHHMK,Proteobacteria,Bacteria,,,,Proteobacteria,,,,,,,,,,,,,,,,,,,,,,,
MATHK,root,,,,,,,,,,,,,,,,,,,,,,,,,,,,
MDMPK,root,,,,,,,,,,,,,,,,,,,,,,,,,,,,
MMDPAAR,Methanoregulaceae,Archaea,,,,Euryarchaeota,,,Methanomicrobia,,,,Methanomicrobiales,,,,,Methanoregulaceae,,,,,,,,,,,
MQMLLR,root,,,,,,,,,,,,,,,,,,,,,,,,,,,,
MSSHK,root,,,,,,,,,,,,,,,,,,,,,,,,,,,,
MTVTWR,root,,,,,,,,,,,,,,,,,,,,,,,,,,,,
NFHMK,root,,,,,,,,,,,,,,,,,,,,,,,,,,,,
SADMR,root,,,,,,,,,,,,,,,,,,,,,,,,,,,,
TADPGSK,root,,,,,,,,,,,,,,,,,,,,,,,,,,,,
TGCELAR,root,,,,,,,,,,,,,,,,,,,,,,,,,,,,
VEELR,root,,,,,,,,,,,,,,,,,,,,,,,,,,,,
VGMEMVR,Bacteria,Bacteria,,,,,,,,,,,,,,,,,,,,,,,,,,,
VHMYK,root,,,,,,,,,,,,,,,,,,,,,,,,,,,,
VHVHNR,root,,,,,,,,,,,,,,,,,,,,,,,,,,,,
VPVDPR,root,,,,,,,,,,,,,,,,,,,,,,,,,,,,
VVCEHR,root,,,,,,,,,,,,,,,,,,,,,,,,,,,,
WLPLR,root,,,,,,,,,,,,,,,,,,,,,,,,,,,,
AAMTK,root,,,,,,,,,,,,,,,,,,,,,,,,,,,,
AEWDR,root,,,,,,,,,,,,,,,,,,,,,,,,,,,,
AHNSDK,Eukaryota,Eukaryota,,,,,,,,,,,,,,,,,,,,,,,,,,,
CMLHK,root,,,,,,,,,,,,,,,,,,,,,,,,,,,,
DCQGR,root,,,,,,,,,,,,,,,,,,,,,,,,,,,,
DMWHHR,Onchocerca flexuosa,Eukaryota,Metazoa,,,Nematoda,,,Chromadorea,,,,Spirurida,,,,Filarioidea,Onchocercidae,,,,Onchocerca,,,,Onchocerca flexuosa,,,
EEVMR,root,,,,,,,,,,,,,,,,,,,,,,,,,,,,
FECPPR,Ralstonia solanacearum,Bacteria,,,,Proteobacteria,,,Betaproteobacteria,,,,Burkholderiales,,,,,Burkholderiaceae,,,,Ralstonia,,,,Ralstonia solanacearum,,,
FNLNPK,root,,,,,,,,,,,,,,,,,,,,,,,,,,,,
GFHMVNK,Scleroderma citrinum,Eukaryota,Fungi,Dikarya,,Basidiomycota,Agaricomycotina,,Agaricomycetes,Agaricomycetidae,,,Boletales,Sclerodermatineae,,,,Sclerodermataceae,,,,Scleroderma,,,,Scleroderma citrinum,,,
LCMASHR,Hammondia hammondi,Eukaryota,,,,Apicomplexa,,,Coccidia,,,,Eucoccidiorida,Eimeriorina,,,,Sarcocystidae,,,,Hammondia,,,,Hammondia hammondi,,,
MNVNK,root,,,,,,,,,,,,,,,,,,,,,,,,,,,,
NLMGHK,root,,,,,,,,,,,,,,,,,,,,,,,,,,,,
QFANAK,root,,,,,,,,,,,,,,,,,,,,,,,,,,,,
RPDMPK,root,,,,,,,,,,,,,,,,,,,,,,,,,,,,
SDVVLLR,root,,,,,,,,,,,,,,,,,,,,,,,,,,,,
SSAMR,root,,,,,,,,,,,,,,,,,,,,,,,,,,,,
SSGQR,root,,,,,,,,,,,,,,,,,,,,,,,,,,,,
SYYQPK,root,,,,,,,,,,,,,,,,,,,,,,,,,,,,
TSSHGQR,Eukaryota,Eukaryota,,,,,,,,,,,,,,,,,,,,,,,,,,,
VGEEER,root,,,,,,,,,,,,,,,,,,,,,,,,,,,,
WLMTGPK,Silvanigrella aquatica,Bacteria,,,,Proteobacteria,,,Oligoflexia,,,,Silvanigrellales,,,,,Silvanigrellaceae,,,,Silvanigrella,,,,Silvanigrella aquatica,,,
YDMTYK,root,,,,,,,,,,,,,,,,,,,,,,,,,,,,
DLLEK,root,,,,,,,,,,,,,,,,,,,,,,,,,,,,
DTYEVDR,Bacteria,Bacteria,,,,,,,,,,,,,,,,,,,,,,,,,,,
DYEVK,root,,,,,,,,,,,,,,,,,,,,,,,,,,,,
EAEVPLNK,Sporocytophaga myxococcoides,Bacteria,,,,Bacteroidetes,,,Cytophagia,,,,Cytophagales,,,,,Cytophagaceae,,,,Sporocytophaga,,,,Sporocytophaga myxococcoides,,,
EELPR,root,,,,,,,,,,,,,,,,,,,,,,,,,,,,
EVDEK,root,,,,,,,,,,,,,,,,,,,,,,,,,,,,
FFAEPLK,root,,,,,,,,,,,,,,,,,,,,,,,,,,,,
FGNSMVR,Eukaryota,Eukaryota,,,,,,,,,,,,,,,,,,,,,,,,,,,
FTFPK,root,,,,,,,,,,,,,,,,,,,,,,,,,,,,
HALFHK,root,,,,,,,,,,,,,,,,,,,,,,,,,,,,
HAPACQR,Streptomonospora alba,Bacteria,,,,Actinobacteria,,,Actinobacteria,,,,Streptosporangiales,,,,,Nocardiopsaceae,,,,Streptomonospora,,,,Streptomonospora alba,,,
LNQMPK,root,,,,,,,,,,,,,,,,,,,,,,,,,,,,
LWWLLNR,Oscillatoriales,Bacteria,,,,Cyanobacteria,,,,Oscillatoriophycideae,,,Oscillatoriales,,,,,,,,,,,,,,,,
MAPLK,root,,,,,,,,,,,,,,,,,,,,,,,,,,,,
MELLPK,root,,,,,,,,,,,,,,,,,,,,,,,,,,,,
MGASHK,root,,,,,,,,,,,,,,,,,,,,,,,,,,,,
MVVEPR,root,,,,,,,,,,,,,,,,,,,,,,,,,,,,
NHMTK,root,,,,,,,,,,,,,,,,,,,,,,,,,,,,
NLMLPPK,Betaproteobacteria,Bacteria,,,,Proteobacteria,,,Betaproteobacteria,,,,,,,,,,,,,,,,,,,,
NTTMGK,root,,,,,,,,,,,,,,,,,,,,,,,,,,,,
QCLTSHR,Thelazia callipaeda,Eukaryota,Metazoa,,,Nematoda,,,Chromadorea,,,,Spirurida,,,,Thelazioidea,Thelaziidae,,,,Thelazia,,,,Thelazia callipaeda,,,
TEVPVR,root,,,,,,,,,,,,,,,,,,,,,,,,,,,,
TVLAWEK,Bacteria,Bacteria,,,,,,,,,,,,,,,,,,,,,,,,,,,
TYLDDPK,Bacteria,Bacteria,,,,,,,,,,,,,,,,,,,,,,,,,,,
WENQLK,root,,,,,,,,,,,,,,,,,,,,,,,,,,,,
YSSLLPK,root,,,,,,,,,,,,,,,,,,,,,,,,,,,,
ALAPFR,root,,,,,,,,,,,,,,,,,,,,,,,,,,,,
APLTANR,root,,,,,,,,,,,,,,,,,,,,,,,,,,,,
ASALASR,root,,,,,,,,,,,,,,,,,,,,,,,,,,,,
CMLNK,root,,,,,,,,,,,,,,,,,,,,,,,,,,,,
DALMVR,root,,,,,,,,,,,,,,,,,,,,,,,,,,,,
DHLPAR,root,,,,,,,,,,,,,,,,,,,,,,,,,,,,
DLAMLHK,Diaphorina citri,Eukaryota,Metazoa,,,Arthropoda,,Hexapoda,Insecta,Pterygota,Neoptera,,Hemiptera,Sternorrhyncha,,,Psylloidea,Liviidae,,,,Diaphorina,,,,Diaphorina citri,,,
DSEVER,root,,,,,,,,,,,,,,,,,,,,,,,,,,,,
ETMLTPK,root,,,,,,,,,,,,,,,,,,,,,,,,,,,,
FFTDDPK,Eukaryota,Eukaryota,,,,,,,,,,,,,,,,,,,,,,,,,,,
FMPMVR,root,,,,,,,,,,,,,,,,,,,,,,,,,,,,
FMSAK,root,,,,,,,,,,,,,,,,,,,,,,,,,,,,
GMTLEQAR,Bacteria,Bacteria,,,,,,,,,,,,,,,,,,,,,,,,,,,
GNAELLVR,Bacteria,Bacteria,,,,,,,,,,,,,,,,,,,,,,,,,,,
GPDFNK,root,,,,,,,,,,,,,,,,,,,,,,,,,,,,
LDNGYSK,Aphanomyces astaci,Eukaryota,,,,,,,Oomycetes,,,,Saprolegniales,,,,,Saprolegniaceae,,,,Aphanomyces,,,,Aphanomyces astaci,,,
LKPNK,root,,,,,,,,,,,,,,,,,,,,,,,,,,,,
QNVDNPK,Candidatus Daviesbacteria,Bacteria,,,,Candidatus Daviesbacteria,,,,,,,,,,,,,,,,,,,,,,,
SDLLPK,root,,,,,,,,,,,,,,,,,,,,,,,,,,,,
SPVVNYK,Candidatus Azobacteroides pseudotrichonymphae,Bacteria,,,,Bacteroidetes,,,Bacteroidia,,,,Bacteroidales,,,,,,,,,Candidatus Azobacteroides,,,,Candidatus Azobacteroides pseudotrichonymphae,,,
SSLLLPEK,root,,,,,,,,,,,,,,,,,,,,,,,,,,,,
TLFPCFK,Danaus plexippus plexippus,Eukaryota,Metazoa,,,Arthropoda,,Hexapoda,Insecta,Pterygota,Neoptera,,Lepidoptera,Glossata,Neolepidoptera,Heteroneura,Papilionoidea,Nymphalidae,Danainae,Danaini,Danaina,Danaus,Danaus,,,Danaus plexippus,Danaus plexippus plexippus,,
TNWFGAK,Graphocephala atropunctata,Eukaryota,Metazoa,,,Arthropoda,,Hexapoda,Insecta,Pterygota,Neoptera,,Hemiptera,Auchenorrhyncha,Cicadomorpha,,Membracoidea,Cicadellidae,Cicadellinae,Cicadellini,,Graphocephala,,,,Graphocephala atropunctata,,,
TTVLDPK,root,,,,,,,,,,,,,,,,,,,,,,,,,,,,
VADPR,root,,,,,,,,,,,,,,,,,,,,,,,,,,,,
VWEER,root,,,,,,,,,,,,,,,,,,,,,,,,,,,,
WLPYSR,root,,,,,,,,,,,,,,,,,,,,,,,,,,,,
WNALMPK,Phaeoacremonium minimum,Eukaryota,Fungi,Dikarya,,Ascomycota,Pezizomycotina,,Sordariomycetes,Sordariomycetidae,,,Togniniales,,,,,Togniniaceae,,,,Phaeoacremonium,,,,Phaeoacremonium minimum,,,
AQEKPSK,root,,,,,,,,,,,,,,,,,,,,,,,,,,,,
EYLALHK,root,,,,,,,,,,,,,,,,,,,,,,,,,,,,
EYPCTK,root,,,,,,,,,,,,,,,,,,,,,,,,,,,,
FLVDDPK,root,,,,,,,,,,,,,,,,,,,,,,,,,,,,
FVGHK,root,,,,,,,,,,,,,,,,,,,,,,,,,,,,
KPFLHK,root,,,,,,,,,,,,,,,,,,,,,,,,,,,,
LATYAHK,Bacteria,Bacteria,,,,,,,,,,,,,,,,,,,,,,,,,,,
NEVLLDLK,Winogradskyella jejuensis,Bacteria,,,,Bacteroidetes,,,Flavobacteriia,,,,Flavobacteriales,,,,,Flavobacteriaceae,,,,Winogradskyella,,,,Winogradskyella jejuensis,,,
NNMLLEPK,Dictyostelium lacteum,Eukaryota,,,,,,,,,,,Dictyosteliida,,,,,,,,,Dictyostelium,,,,Dictyostelium lacteum,,,
NTFPK,root,,,,,,,,,,,,,,,,,,,,,,,,,,,,
QNASHLK,Bacteria,Bacteria,,,,,,,,,,,,,,,,,,,,,,,,,,,
SLLPK,root,,,,,,,,,,,,,,,,,,,,,,,,,,,,
SMSHR,root,,,,,,,,,,,,,,,,,,,,,,,,,,,,
TLDPCTK,Brassica oleracea var. oleracea,Eukaryota,Viridiplantae,,,Streptophyta,Streptophytina,,,rosids,,,Brassicales,,,,,Brassicaceae,,Brassiceae,,Brassica,,,,Brassica oleracea,,Brassica oleracea var. oleracea,
TPVYLPR,root,,,,,,,,,,,,,,,,,,,,,,,,,,,,
TTNVNK,root,,,,,,,,,,,,,,,,,,,,,,,,,,,,
VTFCGK,root,,,,,,,,,,,,,,,,,,,,,,,,,,,,
WVAPAR,root,,,,,,,,,,,,,,,,,,,,,,,,,,,,
ANECHR,root,,,,,,,,,,,,,,,,,,,,,,,,,,,,
CDDFK,root,,,,,,,,,,,,,,,,,,,,,,,,,,,,
DEEAMTK,Eukaryota,Eukaryota,,,,,,,,,,,,,,,,,,,,,,,,,,,
DLNMMK,root,,,,,,,,,,,,,,,,,,,,,,,,,,,,
DMFYVLK,root,,,,,,,,,,,,,,,,,,,,,,,,,,,,
DSVNPPK,root,,,,,,,,,,,,,,,,,,,,,,,,,,,,
EYALPLK,root,,,,,,,,,,,,,,,,,,,,,,,,,,,,
EYGEESR,Bacteria,Bacteria,,,,,,,,,,,,,,,,,,,,,,,,,,,
FSTHK,root,,,,,,,,,,,,,,,,,,,,,,,,,,,,
HSAPPVK,Orientia tsutsugamushi,Bacteria,,,,Proteobacteria,,,Alphaproteobacteria,,,,Rickettsiales,,,,,Rickettsiaceae,,Rickettsieae,,Orientia,,,,Orientia tsutsugamushi,,,
LDFDK,root,,,,,,,,,,,,,,,,,,,,,,,,,,,,
LLWPDK,root,,,,,,,,,,,,,,,,,,,,,,,,,,,,
LYENPK,root,,,,,,,,,,,,,,,,,,,,,,,,,,,,
MPEPR,root,,,,,,,,,,,,,,,,,,,,,,,,,,,,
MQHAHK,root,,,,,,,,,,,,,,,,,,,,,,,,,,,,
MVAQK,root,,,,,,,,,,,,,,,,,,,,,,,,,,,,
NHMAR,root,,,,,,,,,,,,,,,,,,,,,,,,,,,,
NNDEQAR,Eukaryota,Eukaryota,,,,,,,,,,,,,,,,,,,,,,,,,,,
QATER,root,,,,,,,,,,,,,,,,,,,,,,,,,,,,
QAVFLK,root,,,,,,,,,,,,,,,,,,,,,,,,,,,,
SLLMPK,root,,,,,,,,,,,,,,,,,,,,,,,,,,,,
TFGHR,root,,,,,,,,,,,,,,,,,,,,,,,,,,,,
TLMPR,root,,,,,,,,,,,,,,,,,,,,,,,,,,,,
TQTCR,root,,,,,,,,,,,,,,,,,,,,,,,,,,,,
VPLLWWK,Epicoccum nigrum,Eukaryota,Fungi,Dikarya,,Ascomycota,Pezizomycotina,,Dothideomycetes,Pleosporomycetidae,,,Pleosporales,Pleosporineae,,,,Didymellaceae,,,,Epicoccum,,,,Epicoccum nigrum,,,
WDDMR,root,,,,,,,,,,,,,,,,,,,,,,,,,,,,
ADSELLK,root,,,,,,,,,,,,,,,,,,,,,,,,,,,,
ALEYGHR,Bacteria,Bacteria,,,,,,,,,,,,,,,,,,,,,,,,,,,
APELK,root,,,,,,,,,,,,,,,,,,,,,,,,,,,,
GAVGPK,root,,,,,,,,,,,,,,,,,,,,,,,,,,,,
GDFDDPK,Anaerolineaceae,Bacteria,,,,Chloroflexi,,,Anaerolineae,,,,Anaerolineales,,,,,Anaerolineaceae,,,,,,,,,,,
LGPLAKPR,Actinobacteria,Bacteria,,,,Actinobacteria,,,Actinobacteria,,,,,,,,,,,,,,,,,,,,
MYDSLK,root,,,,,,,,,,,,,,,,,,,,,,,,,,,,
QANCGK,Schistosoma margrebowiei,Eukaryota,Metazoa,,,Platyhelminthes,,,Trematoda,Digenea,,,Strigeidida,,,,Schistosomatoidea,Schistosomatidae,,,,Schistosoma,,,,Schistosoma margrebowiei,,,
TLLAR,root,,,,,,,,,,,,,,,,,,,,,,,,,,,,
TMMLVPK,Methylobacillus flagellatus,Bacteria,,,,Proteobacteria,,,Betaproteobacteria,,,,Nitrosomonadales,,,,,Methylophilaceae,,,,Methylobacillus,,,,Methylobacillus flagellatus,,,
VHGEER,root,,,,,,,,,,,,,,,,,,,,,,,,,,,,
WDVVLR,root,,,,,,,,,,,,,,,,,,,,,,,,,,,,
YEDFDPK,Chitinispirillum alkaliphilum,Bacteria,,,,Fibrobacteres,,,Chitinispirillia,,,,Chitinispirillales,,,,,Chitinispirillaceae,,,,Chitinispirillum,,,,Chitinispirillum alkaliphilum,,,
YGEAPELLK,Pseudomonas putida group,Bacteria,,,,Proteobacteria,,,Gammaproteobacteria,,,,Pseudomonadales,,,,,Pseudomonadaceae,,,,Pseudomonas,,Pseudomonas putida group,,,,,
YLTFFMSK,Rhizobium,Bacteria,,,,Proteobacteria,,,Alphaproteobacteria,,,,Rhizobiales,,,,,Rhizobiaceae,,,,Rhizobium,,,,,,,
ADHEK,root,,,,,,,,,,,,,,,,,,,,,,,,,,,,
CCTHR,root,,,,,,,,,,,,,,,,,,,,,,,,,,,,
CGLVAAK,Bacteria,Bacteria,,,,,,,,,,,,,,,,,,,,,,,,,,,
CMLALR,root,,,,,,,,,,,,,,,,,,,,,,,,,,,,
EALALWQR,Bacteria,Bacteria,,,,,,,,,,,,,,,,,,,,,,,,,,,
ELNLR,root,,,,,,,,,,,,,,,,,,,,,,,,,,,,
FPPDHK,root,,,,,,,,,,,,,,,,,,,,,,,,,,,,
FSADDNK,Lachnobacterium bovis,Bacteria,,,,Firmicutes,,,Clostridia,,,,Clostridiales,,,,,Lachnospiraceae,,,,Lachnobacterium,,,,Lachnobacterium bovis,,,
GQLTPK,root,,,,,,,,,,,,,,,,,,,,,,,,,,,,
HPEYK,root,,,,,,,,,,,,,,,,,,,,,,,,,,,,
HSCFK,root,,,,,,,,,,,,,,,,,,,,,,,,,,,,
HVLAMHK,Trichuris muris,Eukaryota,Metazoa,,,Nematoda,,,Enoplea,Dorylaimia,,,Trichinellida,,,,,Trichuridae,,,,Trichuris,,,,Trichuris muris,,,
LNNHHK,root,,,,,,,,,,,,,,,,,,,,,,,,,,,,
MLLHK,root,,,,,,,,,,,,,,,,,,,,,,,,,,,,
MWHAR,root,,,,,,,,,,,,,,,,,,,,,,,,,,,,
NGVLK,root,,,,,,,,,,,,,,,,,,,,,,,,,,,,
QLCFTHR,Marssonina brunnea,Eukaryota,Fungi,Dikarya,,Ascomycota,Pezizomycotina,,Leotiomycetes,,,,Helotiales,,,,,Dermateaceae,,,,Marssonina,,,,Marssonina brunnea,,,
QQEMLPK,Haliscomenobacter hydrossis,Bacteria,,,,Bacteroidetes,,,Saprospiria,,,,Saprospirales,,,,,Haliscomenobacteraceae,,,,Haliscomenobacter,,,,Haliscomenobacter hydrossis,,,
SSRPSSPR,Eukaryota,Eukaryota,,,,,,,,,,,,,,,,,,,,,,,,,,,
TDPPR,root,,,,,,,,,,,,,,,,,,,,,,,,,,,,
TLADYK,root,,,,,,,,,,,,,,,,,,,,,,,,,,,,
TMEPK,root,,,,,,,,,,,,,,,,,,,,,,,,,,,,
WLLPK,root,,,,,,,,,,,,,,,,,,,,,,,,,,,,
YMADLPK,root,,,,,,,,,,,,,,,,,,,,,,,,,,,,
ALFSGYK,root,,,,,,,,,,,,,,,,,,,,,,,,,,,,
ANQANLK,root,,,,,,,,,,,,,,,,,,,,,,,,,,,,
ATLPEDK,root,,,,,,,,,,,,,,,,,,,,,,,,,,,,
CVPMTR,Fibularhizoctonia,Eukaryota,Fungi,Dikarya,,Basidiomycota,Agaricomycotina,,Agaricomycetes,Agaricomycetidae,,,Atheliales,,,,,Atheliaceae,,,,Fibularhizoctonia,,,,,,,
DDGWPLK,Campylobacter fetus subsp. fetus,Bacteria,,,,Proteobacteria,delta/epsilon subdivisions,,Epsilonproteobacteria,,,,Campylobacterales,,,,,Campylobacteraceae,,,,Campylobacter,,,,Campylobacter fetus,Campylobacter fetus subsp. fetus,,
DDLLAPK,root,,,,,,,,,,,,,,,,,,,,,,,,,,,,
LEWSVK,root,,,,,,,,,,,,,,,,,,,,,,,,,,,,
LFNGR,root,,,,,,,,,,,,,,,,,,,,,,,,,,,,
LLEDGHR,root,,,,,,,,,,,,,,,,,,,,,,,,,,,,
MFYAHAK,Brachyspira,Bacteria,,,,Spirochaetes,,,Spirochaetia,,,,Brachyspirales,,,,,Brachyspiraceae,,,,Brachyspira,,,,,,,
MLGLANR,root,,,,,,,,,,,,,,,,,,,,,,,,,,,,
MNCPK,root,,,,,,,,,,,,,,,,,,,,,,,,,,,,
MPDVHK,root,,,,,,,,,,,,,,,,,,,,,,,,,,,,
QAPPSR,root,,,,,,,,,,,,,,,,,,,,,,,,,,,,
QLLVQNK,root,,,,,,,,,,,,,,,,,,,,,,,,,,,,
QTELK,root,,,,,,,,,,,,,,,,,,,,,,,,,,,,
SHEEHK,root,,,,,,,,,,,,,,,,,,,,,,,,,,,,
SMTLLAHK,Staphylococcus epidermidis,Bacteria,,,,Firmicutes,,,Bacilli,,,,Bacillales,,,,,Staphylococcaceae,,,,Staphylococcus,,,,Staphylococcus epidermidis,,,
STMTPPR,Clostridium,Bacteria,,,,Firmicutes,,,Clostridia,,,,Clostridiales,,,,,Clostridiaceae,,,,Clostridium,,,,,,,
SVWDK,root,,,,,,,,,,,,,,,,,,,,,,,,,,,,
TLTTEPR,Bacteria,Bacteria,,,,,,,,,,,,,,,,,,,,,,,,,,,
VAEEMYR,Stigmatella aurantiaca,Bacteria,,,,Proteobacteria,delta/epsilon subdivisions,,Deltaproteobacteria,,,,Myxococcales,Cystobacterineae,,,,Archangiaceae,,,,Stigmatella,,,,Stigmatella aurantiaca,,,
VMGLNK,root,,,,,,,,,,,,,,,,,,,,,,,,,,,,
WVLNK,root,,,,,,,,,,,,,,,,,,,,,,,,,,,,
AEFLPPK,Bacteria,Bacteria,,,,,,,,,,,,,,,,,,,,,,,,,,,
AVYVK,root,,,,,,,,,,,,,,,,,,,,,,,,,,,,
CTLLK,root,,,,,,,,,,,,,,,,,,,,,,,,,,,,
CVAATLK,Phanerochaete carnosa,Eukaryota,Fungi,Dikarya,,Basidiomycota,Agaricomycotina,,Agaricomycetes,,,,Polyporales,,,,,Phanerochaetaceae,,,,Phanerochaete,,,,Phanerochaete carnosa,,,
DLNPEHK,Nitrosomonas eutropha,Bacteria,,,,Proteobacteria,,,Betaproteobacteria,,,,Nitrosomonadales,,,,,Nitrosomonadaceae,,,,Nitrosomonas,,,,Nitrosomonas eutropha,,,
DYFLPPK,Proteobacteria,Bacteria,,,,Proteobacteria,,,,,,,,,,,,,,,,,,,,,,,
EVSPTLNK,Rhizopus microsporus,Eukaryota,Fungi,,,Mucoromycota,Mucoromycotina,,,,,,Mucorales,Mucorineae,,,,Rhizopodaceae,,,,Rhizopus,,,,Rhizopus microsporus,,,
GNAPSR,root,,,,,,,,,,,,,,,,,,,,,,,,,,,,
GSDFDPK,Tilletia,Eukaryota,Fungi,Dikarya,,Basidiomycota,Ustilaginomycotina,,Exobasidiomycetes,,,,Tilletiales,,,,,Tilletiaceae,,,,Tilletia,,,,,,,
HMFDDPK,Desulfofustis glycolicus,Bacteria,,,,Proteobacteria,delta/epsilon subdivisions,,Deltaproteobacteria,,,,Desulfobacterales,,,,,Desulfobulbaceae,,,,Desulfofustis,,,,Desulfofustis glycolicus,,,
LMYMWK,Eukaryota,Eukaryota,,,,,,,,,,,,,,,,,,,,,,,,,,,
MFYNVR,root,,,,,,,,,,,,,,,,,,,,,,,,,,,,
MGVPPR,root,,,,,,,,,,,,,,,,,,,,,,,,,,,,
MTEDRPK,root,,,,,,,,,,,,,,,,,,,,,,,,,,,,
NGFGCR,root,,,,,,,,,,,,,,,,,,,,,,,,,,,,
NPELFR,root,,,,,,,,,,,,,,,,,,,,,,,,,,,,
NPEVLTLK,Synechococcus,Bacteria,,,,Cyanobacteria,,,,,,,Synechococcales,,,,,Synechococcaceae,,,,Synechococcus,,,,,,,
SLPDGNK,root,,,,,,,,,,,,,,,,,,,,,,,,,,,,
STPNK,root,,,,,,,,,,,,,,,,,,,,,,,,,,,,
TEATMR,root,,,,,,,,,,,,,,,,,,,,,,,,,,,,
TLWASYK,Bipolaris maydis,Eukaryota,Fungi,Dikarya,,Ascomycota,Pezizomycotina,,Dothideomycetes,Pleosporomycetidae,,,Pleosporales,Pleosporineae,,,,Pleosporaceae,,,,Bipolaris,,,,Bipolaris maydis,,,
TPLETR,root,,,,,,,,,,,,,,,,,,,,,,,,,,,,
TSQVLPR,root,,,,,,,,,,,,,,,,,,,,,,,,,,,,
VNANEER,Halopiger xanaduensis,Archaea,,,,Euryarchaeota,,,Halobacteria,,,,Natrialbales,,,,,Natrialbaceae,,,,Halopiger,,,,Halopiger xanaduensis,,,
WFLAFK,root,,,,,,,,,,,,,,,,,,,,,,,,,,,,
WLLAPK,root,,,,,,,,,,,,,,,,,,,,,,,,,,,,
ASDLDMPSR,Brachypodium distachyon,Eukaryota,Viridiplantae,,,Streptophyta,Streptophytina,,Liliopsida,Petrosaviidae,,,Poales,,,,,Poaceae,Pooideae,Brachypodieae,,Brachypodium,,,,Brachypodium distachyon,,,
ASMDK,root,,,,,,,,,,,,,,,,,,,,,,,,,,,,
DPPEAYK,Azoarcus,Bacteria,,,,Proteobacteria,,,Betaproteobacteria,,,,Rhodocyclales,,,,,Zoogloeaceae,,,,Azoarcus,,,,,,,
EPTDHK,root,,,,,,,,,,,,,,,,,,,,,,,,,,,,
ESMAHR,root,,,,,,,,,,,,,,,,,,,,,,,,,,,,
ETTMGK,root,,,,,,,,,,,,,,,,,,,,,,,,,,,,
FATSK,root,,,,,,,,,,,,,,,,,,,,,,,,,,,,
GCRPNK,root,,,,,,,,,,,,,,,,,,,,,,,,,,,,
HMTPR,root,,,,,,,,,,,,,,,,,,,,,,,,,,,,
MAPPK,root,,,,,,,,,,,,,,,,,,,,,,,,,,,,
MMLLR,root,,,,,,,,,,,,,,,,,,,,,,,,,,,,
NAQAR,root,,,,,,,,,,,,,,,,,,,,,,,,,,,,
NGPHAR,root,,,,,,,,,,,,,,,,,,,,,,,,,,,,
NVSDAVPK,Sarcocystidae,Eukaryota,,,,Apicomplexa,,,Coccidia,,,,Eucoccidiorida,Eimeriorina,,,,Sarcocystidae,,,,,,,,,,,
QELLR,root,,,,,,,,,,,,,,,,,,,,,,,,,,,,
QNLTMLR,Bacteroidetes,Bacteria,,,,Bacteroidetes,,,,,,,,,,,,,,,,,,,,,,,
QPEER,root,,,,,,,,,,,,,,,,,,,,,,,,,,,,
SEEWVLR,root,,,,,,,,,,,,,,,,,,,,,,,,,,,,
SGPSPR,root,,,,,,,,,,,,,,,,,,,,,,,,,,,,
SNAAKPK,root,,,,,,,,,,,,,,,,,,,,,,,,,,,,
SSSYK,root,,,,,,,,,,,,,,,,,,,,,,,,,,,,
TFGVR,root,,,,,,,,,,,,,,,,,,,,,,,,,,,,
TGPENFR,Tetrasphaera elongata,Bacteria,,,,Actinobacteria,,,Actinobacteria,,,,Micrococcales,,,,,Intrasporangiaceae,,,,Tetrasphaera,,,,Tetrasphaera elongata,,,
YSSLLK,root,,,,,,,,,,,,,,,,,,,,,,,,,,,,
AELVELK,root,,,,,,,,,,,,,,,,,,,,,,,,,,,,
ALAHK,root,,,,,,,,,,,,,,,,,,,,,,,,,,,,
AMVPR,root,,,,,,,,,,,,,,,,,,,,,,,,,,,,
APNAR,root,,,,,,,,,,,,,,,,,,,,,,,,,,,,
ATHTVHR,Umbilicaria pustulata,Eukaryota,Fungi,Dikarya,,Ascomycota,Pezizomycotina,,Lecanoromycetes,Umbilicariomycetidae,,,Umbilicariales,,,,,Umbilicariaceae,,,,Umbilicaria,,,,Umbilicaria pustulata,,,
CAAVFK,root,,,,,,,,,,,,,,,,,,,,,,,,,,,,
DDFPK,root,,,,,,,,,,,,,,,,,,,,,,,,,,,,
DECQLR,root,,,,,,,,,,,,,,,,,,,,,,,,,,,,
DLALHK,root,,,,,,,,,,,,,,,,,,,,,,,,,,,,
EGHMK,root,,,,,,,,,,,,,,,,,,,,,,,,,,,,
ESVAALK,root,,,,,,,,,,,,,,,,,,,,,,,,,,,,
EVGPR,root,,,,,,,,,,,,,,,,,,,,,,,,,,,,
GHMNK,root,,,,,,,,,,,,,,,,,,,,,,,,,,,,
GMLLAPR,root,,,,,,,,,,,,,,,,,,,,,,,,,,,,
HDNFFK,root,,,,,,,,,,,,,,,,,,,,,,,,,,,,
HLTMVK,root,,,,,,,,,,,,,,,,,,,,,,,,,,,,
LLEDK,root,,,,,,,,,,,,,,,,,,,,,,,,,,,,
LLGWAR,root,,,,,,,,,,,,,,,,,,,,,,,,,,,,
LMGNMK,root,,,,,,,,,,,,,,,,,,,,,,,,,,,,
LTDSPR,root,,,,,,,,,,,,,,,,,,,,,,,,,,,,
MTAAPNK,Bacteria,Bacteria,,,,,,,,,,,,,,,,,,,,,,,,,,,
QDLTVLR,root,,,,,,,,,,,,,,,,,,,,,,,,,,,,
QFNQFPK,Calyptogena okutanii thioautotrophic gill symbiont,Bacteria,,,,Proteobacteria,,,Gammaproteobacteria,,,,,,,,,,,,,,,,,Calyptogena okutanii thioautotrophic gill symbiont,,,
SFMMR,root,,,,,,,,,,,,,,,,,,,,,,,,,,,,
TASHR,root,,,,,,,,,,,,,,,,,,,,,,,,,,,,
TGGSK,root,,,,,,,,,,,,,,,,,,,,,,,,,,,,
VEPVR,root,,,,,,,,,,,,,,,,,,,,,,,,,,,,
VWFPPK,root,,,,,,,,,,,,,,,,,,,,,,,,,,,,
WEPTAR,root,,,,,,,,,,,,,,,,,,,,,,,,,,,,
WMDMVK,Bacteria,Bacteria,,,,,,,,,,,,,,,,,,,,,,,,,,,
YDDPK,root,,,,,,,,,,,,,,,,,,,,,,,,,,,,
ADLAGFTR,Paracoccus contaminans,Bacteria,,,,Proteobacteria,,,Alphaproteobacteria,,,,Rhodobacterales,,,,,Rhodobacteraceae,,,,Paracoccus,,,,Paracoccus contaminans,,,
AEAPK,root,,,,,,,,,,,,,,,,,,,,,,,,,,,,
AVLLAVDR,Bacteria,Bacteria,,,,,,,,,,,,,,,,,,,,,,,,,,,
CASNK,root,,,,,,,,,,,,,,,,,,,,,,,,,,,,
DPHNR,root,,,,,,,,,,,,,,,,,,,,,,,,,,,,
DPLVK,root,,,,,,,,,,,,,,,,,,,,,,,,,,,,
FNFDDPK,root,,,,,,,,,,,,,,,,,,,,,,,,,,,,
GFDPK,root,,,,,,,,,,,,,,,,,,,,,,,,,,,,
GMTYK,root,,,,,,,,,,,,,,,,,,,,,,,,,,,,
GSDAVLLR,Lactobacillus,Bacteria,,,,Firmicutes,,,Bacilli,,,,Lactobacillales,,,,,Lactobacillaceae,,,,Lactobacillus,,,,,,,
GSFPR,root,,,,,,,,,,,,,,,,,,,,,,,,,,,,
GWYLHK,root,,,,,,,,,,,,,,,,,,,,,,,,,,,,
LAEDR,root,,,,,,,,,,,,,,,,,,,,,,,,,,,,
LLQELMPR,Proteobacteria,Bacteria,,,,Proteobacteria,,,,,,,,,,,,,,,,,,,,,,,
LNPSHPK,Tetrasphaera australiensis,Bacteria,,,,Actinobacteria,,,Actinobacteria,,,,Micrococcales,,,,,Intrasporangiaceae,,,,Tetrasphaera,,,,Tetrasphaera australiensis,,,
MGLALK,root,,,,,,,,,,,,,,,,,,,,,,,,,,,,
MHVPR,root,,,,,,,,,,,,,,,,,,,,,,,,,,,,
MWPPR,root,,,,,,,,,,,,,,,,,,,,,,,,,,,,
NGQYVSR,root,,,,,,,,,,,,,,,,,,,,,,,,,,,,
QANLR,root,,,,,,,,,,,,,,,,,,,,,,,,,,,,
SFSSNLPR,Orchesella cincta,Eukaryota,Metazoa,,,Arthropoda,,Hexapoda,Collembola,,,,,Entomobryomorpha,,,Entomobryoidea,Entomobryidae,Orchesellinae,,,Orchesella,,,,Orchesella cincta,,,
SGDHEK,root,,,,,,,,,,,,,,,,,,,,,,,,,,,,
SGNVHVHR,Rhizobium,Bacteria,,,,Proteobacteria,,,Alphaproteobacteria,,,,Rhizobiales,,,,,Rhizobiaceae,,,,Rhizobium,,,,,,,
TWTETLK,root,,,,,,,,,,,,,,,,,,,,,,,,,,,,
VFGQMVR,Xanthomonas,Bacteria,,,,Proteobacteria,,,Gammaproteobacteria,,,,Xanthomonadales,,,,,Xanthomonadaceae,,,,Xanthomonas,,,,,,,
VMSGHK,root,,,,,,,,,,,,,,,,,,,,,,,,,,,,
VVQNK,root,,,,,,,,,,,,,,,,,,,,,,,,,,,,
VYGCR,root,,,,,,,,,,,,,,,,,,,,,,,,,,,,
WMGVK,root,,,,,,,,,,,,,,,,,,,,,,,,,,,,
YEDGVHR,Arabidopsis thaliana,Eukaryota,Viridiplantae,,,Streptophyta,Streptophytina,,,rosids,,,Brassicales,,,,,Brassicaceae,,Camelineae,,Arabidopsis,,,,Arabidopsis thaliana,,,
YNDTR,root,,,,,,,,,,,,,,,,,,,,,,,,,,,,
DELPLTR,root,,,,,,,,,,,,,,,,,,,,,,,,,,,,
EFADLVK,root,,,,,,,,,,,,,,,,,,,,,,,,,,,,
FFMMK,root,,,,,,,,,,,,,,,,,,,,,,,,,,,,
FVWSHR,root,,,,,,,,,,,,,,,,,,,,,,,,,,,,
GEPLVR,root,,,,,,,,,,,,,,,,,,,,,,,,,,,,
GMGNFLR,root,,,,,,,,,,,,,,,,,,,,,,,,,,,,
GPEDK,root,,,,,,,,,,,,,,,,,,,,,,,,,,,,
HSMFK,root,,,,,,,,,,,,,,,,,,,,,,,,,,,,
LQWNK,root,,,,,,,,,,,,,,,,,,,,,,,,,,,,
MPTQR,root,,,,,,,,,,,,,,,,,,,,,,,,,,,,
MYAEK,root,,,,,,,,,,,,,,,,,,,,,,,,,,,,
MYYVSR,root,,,,,,,,,,,,,,,,,,,,,,,,,,,,
NFSPLR,root,,,,,,,,,,,,,,,,,,,,,,,,,,,,
NLCDFK,root,,,,,,,,,,,,,,,,,,,,,,,,,,,,
NPPLMK,root,,,,,,,,,,,,,,,,,,,,,,,,,,,,
QVYNDK,root,,,,,,,,,,,,,,,,,,,,,,,,,,,,
SHASTHK,Cajanus cajan,Eukaryota,Viridiplantae,,,Streptophyta,Streptophytina,,,rosids,,,Fabales,,,,,Fabaceae,Papilionoideae,Phaseoleae,,Cajanus,,,,Cajanus cajan,,,
STVGDDLDR,Blastomyces percursus,Eukaryota,Fungi,Dikarya,,Ascomycota,Pezizomycotina,,Eurotiomycetes,Eurotiomycetidae,,,Onygenales,,,,,Ajellomycetaceae,,,,Blastomyces,,,,Blastomyces percursus,,,
TGAHTPK,Polaromonas naphthalenivorans,Bacteria,,,,Proteobacteria,,,Betaproteobacteria,,,,Burkholderiales,,,,,Comamonadaceae,,,,Polaromonas,,,,Polaromonas naphthalenivorans,,,
TLAQDLPK,Oryza punctata,Eukaryota,Viridiplantae,,,Streptophyta,Streptophytina,,Liliopsida,Petrosaviidae,,,Poales,,,,,Poaceae,Oryzoideae,Oryzeae,Oryzinae,Oryza,,,,Oryza punctata,,,
TVGNYTR,Penicillium italicum,Eukaryota,Fungi,Dikarya,,Ascomycota,Pezizomycotina,,Eurotiomycetes,Eurotiomycetidae,,,Eurotiales,,,,,Aspergillaceae,,,,Penicillium,,,,Penicillium italicum,,,
TYDLVLEK,Clostridium,Bacteria,,,,Firmicutes,,,Clostridia,,,,Clostridiales,,,,,Clostridiaceae,,,,Clostridium,,,,,,,
VEVMR,root,,,,,,,,,,,,,,,,,,,,,,,,,,,,
YLMQK,root,,,,,,,,,,,,,,,,,,,,,,,,,,,,
YTDLPAR,root,,,,,,,,,,,,,,,,,,,,,,,,,,,,
AADVVR,root,,,,,,,,,,,,,,,,,,,,,,,,,,,,
AETPLK,root,,,,,,,,,,,,,,,,,,,,,,,,,,,,
APLNGVR,Pestalotiopsis fici,Eukaryota,Fungi,Dikarya,,Ascomycota,Pezizomycotina,,Sordariomycetes,Xylariomycetidae,,,Xylariales,,,,,Sporocadaceae,,,,Pestalotiopsis,,,,Pestalotiopsis fici,,,
DSVSLPK,root,,,,,,,,,,,,,,,,,,,,,,,,,,,,
EFELGK,root,,,,,,,,,,,,,,,,,,,,,,,,,,,,
EPAALNHR,Drosophila persimilis,Eukaryota,Metazoa,,,Arthropoda,,Hexapoda,Insecta,Pterygota,Neoptera,,Diptera,Brachycera,Muscomorpha,,Ephydroidea,Drosophilidae,Drosophilinae,Drosophilini,,Drosophila,Sophophora,obscura group,pseudoobscura subgroup,Drosophila persimilis,,,
EPFTEK,root,,,,,,,,,,,,,,,,,,,,,,,,,,,,
HASER,root,,,,,,,,,,,,,,,,,,,,,,,,,,,,
HLMHCK,root,,,,,,,,,,,,,,,,,,,,,,,,,,,,
HVNQEDR,Chrysochromulina,Eukaryota,,,,,,,,,,,Prymnesiales,,,,,Chrysochromulinaceae,,,,Chrysochromulina,,,,,,,
LDEPK,root,,,,,,,,,,,,,,,,,,,,,,,,,,,,
MLDPK,root,,,,,,,,,,,,,,,,,,,,,,,,,,,,
MNTFVNYR,Microcystis aeruginosa,Bacteria,,,,Cyanobacteria,,,,Oscillatoriophycideae,,,Chroococcales,,,,,Microcystaceae,,,,Microcystis,,,,Microcystis aeruginosa,,,
MWSNK,root,,,,,,,,,,,,,,,,,,,,,,,,,,,,
NHLFLPLK,Candidatus Methanohalarchaeum thermophilum,Archaea,,,,Euryarchaeota,,,Methanonatronarchaeia,,,,,,,,,,,,,Candidatus Methanohalarchaeum,,,,Candidatus Methanohalarchaeum thermophilum,,,
NNNLPK,root,,,,,,,,,,,,,,,,,,,,,,,,,,,,
NVVVPDK,root,,,,,,,,,,,,,,,,,,,,,,,,,,,,
QDADK,root,,,,,,,,,,,,,,,,,,,,,,,,,,,,
SEVTVPK,root,,,,,,,,,,,,,,,,,,,,,,,,,,,,
TNAPLNR,root,,,,,,,,,,,,,,,,,,,,,,,,,,,,
VHFPK,root,,,,,,,,,,,,,,,,,,,,,,,,,,,,
VPHNEHK,Sphaeroforma arctica,Eukaryota,,,,,,,Ichthyosporea,,,,Ichthyophonida,,,,,,,,,Sphaeroforma,,,,Sphaeroforma arctica,,,
VTPDLK,root,,,,,,,,,,,,,,,,,,,,,,,,,,,,
WEALR,root,,,,,,,,,,,,,,,,,,,,,,,,,,,,
WSAHAK,root,,,,,,,,,,,,,,,,,,,,,,,,,,,,
AEEVLLPK,root,,,,,,,,,,,,,,,,,,,,,,,,,,,,
AMAHDK,root,,,,,,,,,,,,,,,,,,,,,,,,,,,,
CAFPR,root,,,,,,,,,,,,,,,,,,,,,,,,,,,,
CFLSK,root,,,,,,,,,,,,,,,,,,,,,,,,,,,,
DGSSFLVK,Paenibacillus swuensis,Bacteria,,,,Firmicutes,,,Bacilli,,,,Bacillales,,,,,Paenibacillaceae,,,,Paenibacillus,,,,Paenibacillus swuensis,,,
EASMK,root,,,,,,,,,,,,,,,,,,,,,,,,,,,,
GSMLPPK,Cylindromyrmex meinerti,Eukaryota,Metazoa,,,Arthropoda,,Hexapoda,Insecta,Pterygota,Neoptera,,Hymenoptera,Apocrita,Aculeata,,Vespoidea,Formicidae,Dorylinae,,,Cylindromyrmex,,,,Cylindromyrmex meinerti,,,
GSVHK,root,,,,,,,,,,,,,,,,,,,,,,,,,,,,
HPTMALR,root,,,,,,,,,,,,,,,,,,,,,,,,,,,,
MHALLPK,root,,,,,,,,,,,,,,,,,,,,,,,,,,,,
MPLDSPVK,Cellvibrio,Bacteria,,,,Proteobacteria,,,Gammaproteobacteria,,,,Cellvibrionales,,,,,Cellvibrionaceae,,,,Cellvibrio,,,,,,,
MQLEK,root,,,,,,,,,,,,,,,,,,,,,,,,,,,,
MTVMPPK,Candida parapsilosis,Eukaryota,Fungi,Dikarya,,Ascomycota,Saccharomycotina,,Saccharomycetes,,,,Saccharomycetales,,,,,Debaryomycetaceae,,,,Candida,,,,Candida parapsilosis,,,
QMGFPLAK,Penicillium brasilianum,Eukaryota,Fungi,Dikarya,,Ascomycota,Pezizomycotina,,Eurotiomycetes,Eurotiomycetidae,,,Eurotiales,,,,,Aspergillaceae,,,,Penicillium,,,,Penicillium brasilianum,,,
QTYVPR,root,,,,,,,,,,,,,,,,,,,,,,,,,,,,
STASHK,root,,,,,,,,,,,,,,,,,,,,,,,,,,,,
SYLPEQNK,Eukaryota,Eukaryota,,,,,,,,,,,,,,,,,,,,,,,,,,,
SYLVGHR,root,,,,,,,,,,,,,,,,,,,,,,,,,,,,
SYPEVDR,Bacteria,Bacteria,,,,,,,,,,,,,,,,,,,,,,,,,,,
TAEQASK,root,,,,,,,,,,,,,,,,,,,,,,,,,,,,
TGLENDK,root,,,,,,,,,,,,,,,,,,,,,,,,,,,,
TWPAPR,root,,,,,,,,,,,,,,,,,,,,,,,,,,,,
VENSR,root,,,,,,,,,,,,,,,,,,,,,,,,,,,,
VYAHK,root,,,,,,,,,,,,,,,,,,,,,,,,,,,,
AATEDTK,Arabis alpina,Eukaryota,Viridiplantae,,,Streptophyta,Streptophytina,,,rosids,,,Brassicales,,,,,Brassicaceae,,Arabideae,,Arabis,,,,Arabis alpina,,,
ALLHFR,root,,,,,,,,,,,,,,,,,,,,,,,,,,,,
ALTMR,root,,,,,,,,,,,,,,,,,,,,,,,,,,,,
ANPMR,root,,,,,,,,,,,,,,,,,,,,,,,,,,,,
CMEEHK,root,,,,,,,,,,,,,,,,,,,,,,,,,,,,
DGSVLPK,root,,,,,,,,,,,,,,,,,,,,,,,,,,,,
DLYVENDK,Acinetobacter,Bacteria,,,,Proteobacteria,,,Gammaproteobacteria,,,,Pseudomonadales,,,,,Moraxellaceae,,,,Acinetobacter,,,,,,,
DNNWCGK,Candidatus Altiarchaeales,Archaea,,,,Euryarchaeota,,,,,,,Candidatus Altiarchaeales,,,,,,,,,,,,,,,,
ELGLLR,root,,,,,,,,,,,,,,,,,,,,,,,,,,,,
EMLLDPR,root,,,,,,,,,,,,,,,,,,,,,,,,,,,,
FDDPK,root,,,,,,,,,,,,,,,,,,,,,,,,,,,,
FLLSGK,root,,,,,,,,,,,,,,,,,,,,,,,,,,,,
GFYDK,root,,,,,,,,,,,,,,,,,,,,,,,,,,,,
GHAVR,root,,,,,,,,,,,,,,,,,,,,,,,,,,,,
GSVPQDK,Paenibacillus jilunlii,Bacteria,,,,Firmicutes,,,Bacilli,,,,Bacillales,,,,,Paenibacillaceae,,,,Paenibacillus,,,,Paenibacillus jilunlii,,,
HHTPK,root,,,,,,,,,,,,,,,,,,,,,,,,,,,,
HNNNR,root,,,,,,,,,,,,,,,,,,,,,,,,,,,,
LEMTPR,root,,,,,,,,,,,,,,,,,,,,,,,,,,,,
LVSAK,root,,,,,,,,,,,,,,,,,,,,,,,,,,,,
MDHAK,root,,,,,,,,,,,,,,,,,,,,,,,,,,,,
MQFPK,root,,,,,,,,,,,,,,,,,,,,,,,,,,,,
NDHLPR,root,,,,,,,,,,,,,,,,,,,,,,,,,,,,
RPLAK,root,,,,,,,,,,,,,,,,,,,,,,,,,,,,
SLHVFK,root,,,,,,,,,,,,,,,,,,,,,,,,,,,,
TEMPVPR,Anopheles stephensi,Eukaryota,Metazoa,,,Arthropoda,,Hexapoda,Insecta,Pterygota,Neoptera,,Diptera,Nematocera,Culicomorpha,,Culicoidea,Culicidae,Anophelinae,,,Anopheles,Cellia,,,Anopheles stephensi,,,
TNDDFYR,Symbiodinium microadriaticum,Eukaryota,,,,,,,Dinophyceae,,,,Suessiales,,,,,Symbiodiniaceae,,,,Symbiodinium,,,,Symbiodinium microadriaticum,,,
VDTLEGR,root,,,,,,,,,,,,,,,,,,,,,,,,,,,,
VFCHK,root,,,,,,,,,,,,,,,,,,,,,,,,,,,,
VTSGLGK,root,,,,,,,,,,,,,,,,,,,,,,,,,,,,
AMWWFR,Elusimicrobia,Bacteria,,,,Elusimicrobia,,,,,,,,,,,,,,,,,,,,,,,
ASNTYK,root,,,,,,,,,,,,,,,,,,,,,,,,,,,,
DDYVVLK,root,,,,,,,,,,,,,,,,,,,,,,,,,,,,
DFDVLPR,Eukaryota,Eukaryota,,,,,,,,,,,,,,,,,,,,,,,,,,,
ECPPR,root,,,,,,,,,,,,,,,,,,,,,,,,,,,,
EGLPEYK,root,,,,,,,,,,,,,,,,,,,,,,,,,,,,
GNDGAGK,Methylobrevis pamukkalensis,Bacteria,,,,Proteobacteria,,,Alphaproteobacteria,,,,Rhizobiales,,,,,,,,,Methylobrevis,,,,Methylobrevis pamukkalensis,,,
GSLPMK,root,,,,,,,,,,,,,,,,,,,,,,,,,,,,
LAMAK,root,,,,,,,,,,,,,,,,,,,,,,,,,,,,
LHAFAK,root,,,,,,,,,,,,,,,,,,,,,,,,,,,,
LQDSNR,root,,,,,,,,,,,,,,,,,,,,,,,,,,,,
MSQPLDTR,Fusarium oxysporum,Eukaryota,Fungi,Dikarya,,Ascomycota,Pezizomycotina,,Sordariomycetes,Hypocreomycetidae,,,Hypocreales,,,,,Nectriaceae,,,,Fusarium,,,,Fusarium oxysporum,,,
QCDSLK,root,,,,,,,,,,,,,,,,,,,,,,,,,,,,
SYVAK,root,,,,,,,,,,,,,,,,,,,,,,,,,,,,
TCVNK,root,,,,,,,,,,,,,,,,,,,,,,,,,,,,
VETAR,root,,,,,,,,,,,,,,,,,,,,,,,,,,,,
WHEGQLR,Streptomyces,Bacteria,,,,Actinobacteria,,,Actinobacteria,,,,Streptomycetales,,,,,Streptomycetaceae,,,,Streptomyces,,,,,,,
YTGNER,root,,,,,,,,,,,,,,,,,,,,,,,,,,,,
ACPASR,root,,,,,,,,,,,,,,,,,,,,,,,,,,,,
AMSDK,root,,,,,,,,,,,,,,,,,,,,,,,,,,,,
DNLLPK,root,,,,,,,,,,,,,,,,,,,,,,,,,,,,
DPLNK,root,,,,,,,,,,,,,,,,,,,,,,,,,,,,
DTGPNK,root,,,,,,,,,,,,,,,,,,,,,,,,,,,,
FLFGATK,root,,,,,,,,,,,,,,,,,,,,,,,,,,,,
GNQAK,root,,,,,,,,,,,,,,,,,,,,,,,,,,,,
HTHALK,root,,,,,,,,,,,,,,,,,,,,,,,,,,,,
HVDGHK,root,,,,,,,,,,,,,,,,,,,,,,,,,,,,
LCVALPK,Helicobacter winghamensis,Bacteria,,,,Proteobacteria,delta/epsilon subdivisions,,Epsilonproteobacteria,,,,Campylobacterales,,,,,Helicobacteraceae,,,,Helicobacter,,,,Helicobacter winghamensis,,,
LDPDDNNK,Ascoidea rubescens,Eukaryota,Fungi,Dikarya,,Ascomycota,Saccharomycotina,,Saccharomycetes,,,,Saccharomycetales,,,,,Ascoideaceae,,,,Ascoidea,,,,Ascoidea rubescens,,,
LEPVLK,root,,,,,,,,,,,,,,,,,,,,,,,,,,,,
LQHSR,root,,,,,,,,,,,,,,,,,,,,,,,,,,,,
LYMHR,root,,,,,,,,,,,,,,,,,,,,,,,,,,,,
MAFLTDK,root,,,,,,,,,,,,,,,,,,,,,,,,,,,,
MFMTK,root,,,,,,,,,,,,,,,,,,,,,,,,,,,,
MLDPYR,root,,,,,,,,,,,,,,,,,,,,,,,,,,,,
MYSGNATR,Coccidioides immitis,Eukaryota,Fungi,Dikarya,,Ascomycota,Pezizomycotina,,Eurotiomycetes,Eurotiomycetidae,,,Onygenales,,,,,,,,,Coccidioides,,,,Coccidioides immitis,,,
NFSNEK,root,,,,,,,,,,,,,,,,,,,,,,,,,,,,
NGVHK,root,,,,,,,,,,,,,,,,,,,,,,,,,,,,
SGEAVPR,root,,,,,,,,,,,,,,,,,,,,,,,,,,,,
SMVPMK,root,,,,,,,,,,,,,,,,,,,,,,,,,,,,
STAGNR,root,,,,,,,,,,,,,,,,,,,,,,,,,,,,
TEDPK,root,,,,,,,,,,,,,,,,,,,,,,,,,,,,
TTGNK,root,,,,,,,,,,,,,,,,,,,,,,,,,,,,
VAVYMK,root,,,,,,,,,,,,,,,,,,,,,,,,,,,,
VNPNK,root,,,,,,,,,,,,,,,,,,,,,,,,,,,,
WLSRPR,root,,,,,,,,,,,,,,,,,,,,,,,,,,,,
YGGHR,root,,,,,,,,,,,,,,,,,,,,,,,,,,,,
AAPACR,root,,,,,,,,,,,,,,,,,,,,,,,,,,,,
DVENSR,root,,,,,,,,,,,,,,,,,,,,,,,,,,,,
EDMLR,root,,,,,,,,,,,,,,,,,,,,,,,,,,,,
EGLYR,root,,,,,,,,,,,,,,,,,,,,,,,,,,,,
FGAWPVK,Pelomonas,Bacteria,,,,Proteobacteria,,,Betaproteobacteria,,,,Burkholderiales,,,,,Comamonadaceae,,,,Pelomonas,,,,,,,
GHMSHR,root,,,,,,,,,,,,,,,,,,,,,,,,,,,,
GQAVPK,root,,,,,,,,,,,,,,,,,,,,,,,,,,,,
HLMGHR,root,,,,,,,,,,,,,,,,,,,,,,,,,,,,
HMNSK,root,,,,,,,,,,,,,,,,,,,,,,,,,,,,
LGMCR,root,,,,,,,,,,,,,,,,,,,,,,,,,,,,
LYPEEK,root,,,,,,,,,,,,,,,,,,,,,,,,,,,,
MPAAQNK,root,,,,,,,,,,,,,,,,,,,,,,,,,,,,
MTHEYK,root,,,,,,,,,,,,,,,,,,,,,,,,,,,,
NVSGVK,root,,,,,,,,,,,,,,,,,,,,,,,,,,,,
QGYGFK,root,,,,,,,,,,,,,,,,,,,,,,,,,,,,
SGTPVVK,root,,,,,,,,,,,,,,,,,,,,,,,,,,,,
SSMGLGR,root,,,,,,,,,,,,,,,,,,,,,,,,,,,,
SSWAYSK,Roseovarius,Bacteria,,,,Proteobacteria,,,Alphaproteobacteria,,,,Rhodobacterales,,,,,Rhodobacteraceae,,,,Roseovarius,,,,,,,
TFNSPK,root,,,,,,,,,,,,,,,,,,,,,,,,,,,,
TSPVK,root,,,,,,,,,,,,,,,,,,,,,,,,,,,,
VEAPR,root,,,,,,,,,,,,,,,,,,,,,,,,,,,,
ANTTPK,root,,,,,,,,,,,,,,,,,,,,,,,,,,,,
ATPPMVR,Candidatus Lindowbacteria,Bacteria,,,,Candidatus Lindowbacteria,,,,,,,,,,,,,,,,,,,,,,,
CLLRPR,root,,,,,,,,,,,,,,,,,,,,,,,,,,,,
CWGSK,root,,,,,,,,,,,,,,,,,,,,,,,,,,,,
DDGPK,root,,,,,,,,,,,,,,,,,,,,,,,,,,,,
DPVEVER,Bacteria,Bacteria,,,,,,,,,,,,,,,,,,,,,,,,,,,
EGYHVVR,Strongylocentrotus purpuratus,Eukaryota,Metazoa,,,Echinodermata,,Echinozoa,Echinoidea,Euechinoidea,,Echinacea,Echinoida,,,,,Strongylocentrotidae,,,,Strongylocentrotus,,,,Strongylocentrotus purpuratus,,,
EHDNK,root,,,,,,,,,,,,,,,,,,,,,,,,,,,,
FALPK,root,,,,,,,,,,,,,,,,,,,,,,,,,,,,
FAMMAK,root,,,,,,,,,,,,,,,,,,,,,,,,,,,,
FETVHR,root,,,,,,,,,,,,,,,,,,,,,,,,,,,,
FLNTVK,root,,,,,,,,,,,,,,,,,,,,,,,,,,,,
FPGQPQK,Schistocephalus solidus,Eukaryota,Metazoa,,,Platyhelminthes,,,Cestoda,Eucestoda,,,Diphyllobothriidea,,,,,Diphyllobothriidae,,,,Schistocephalus,,,,Schistocephalus solidus,,,
GLDFLPR,Eukaryota,Eukaryota,,,,,,,,,,,,,,,,,,,,,,,,,,,
KPEGVVK,Graphocephala atropunctata,Eukaryota,Metazoa,,,Arthropoda,,Hexapoda,Insecta,Pterygota,Neoptera,,Hemiptera,Auchenorrhyncha,Cicadomorpha,,Membracoidea,Cicadellidae,Cicadellinae,Cicadellini,,Graphocephala,,,,Graphocephala atropunctata,,,
LHLPMSR,root,,,,,,,,,,,,,,,,,,,,,,,,,,,,
LLAMFER,root,,,,,,,,,,,,,,,,,,,,,,,,,,,,
LLPSNAAK,Roseivivax sediminis,Bacteria,,,,Proteobacteria,,,Alphaproteobacteria,,,,Rhodobacterales,,,,,Rhodobacteraceae,,,,Roseivivax,,,,Roseivivax sediminis,,,
LMTAHLK,Lentisphaerae,Bacteria,,,,Lentisphaerae,,,,,,,,,,,,,,,,,,,,,,,
LTLHNK,root,,,,,,,,,,,,,,,,,,,,,,,,,,,,
MDSMDK,root,,,,,,,,,,,,,,,,,,,,,,,,,,,,
MEAALNK,root,,,,,,,,,,,,,,,,,,,,,,,,,,,,
MTPPR,root,,,,,,,,,,,,,,,,,,,,,,,,,,,,
NGMSNK,root,,,,,,,,,,,,,,,,,,,,,,,,,,,,
NHVDLK,root,,,,,,,,,,,,,,,,,,,,,,,,,,,,
QFNPPR,root,,,,,,,,,,,,,,,,,,,,,,,,,,,,
QLAPVER,root,,,,,,,,,,,,,,,,,,,,,,,,,,,,
TDDLPK,root,,,,,,,,,,,,,,,,,,,,,,,,,,,,
TSTTGNK,root,,,,,,,,,,,,,,,,,,,,,,,,,,,,
TTVLPGK,root,,,,,,,,,,,,,,,,,,,,,,,,,,,,
VAVYFK,root,,,,,,,,,,,,,,,,,,,,,,,,,,,,
WSAPLK,root,,,,,,,,,,,,,,,,,,,,,,,,,,,,
YSLAHAK,root,,,,,,,,,,,,,,,,,,,,,,,,,,,,
YYMLTPK,Firmicutes,Bacteria,,,,Firmicutes,,,,,,,,,,,,,,,,,,,,,,,
ALVSSAK,root,,,,,,,,,,,,,,,,,,,,,,,,,,,,
CDDWK,root,,,,,,,,,,,,,,,,,,,,,,,,,,,,
CLMLK,root,,,,,,,,,,,,,,,,,,,,,,,,,,,,
DLGHER,root,,,,,,,,,,,,,,,,,,,,,,,,,,,,
EDEVER,root,,,,,,,,,,,,,,,,,,,,,,,,,,,,
ELGFGK,root,,,,,,,,,,,,,,,,,,,,,,,,,,,,
FMLSGHK,Termitomyces,Eukaryota,Fungi,Dikarya,,Basidiomycota,Agaricomycotina,,Agaricomycetes,Agaricomycetidae,,,Agaricales,,,,,Lyophyllaceae,,,,Termitomyces,,,,,,,
GHDMK,root,,,,,,,,,,,,,,,,,,,,,,,,,,,,
GLEEHR,root,,,,,,,,,,,,,,,,,,,,,,,,,,,,
HTTSVER,Achromatium,Bacteria,,,,Proteobacteria,,,Gammaproteobacteria,,,,Thiotrichales,,,,,Thiotrichaceae,,,,Achromatium,,,,,,,
LAMVPR,root,,,,,,,,,,,,,,,,,,,,,,,,,,,,
LVHTSR,root,,,,,,,,,,,,,,,,,,,,,,,,,,,,
MGCLHTK,Cucumis,Eukaryota,Viridiplantae,,,Streptophyta,Streptophytina,,,rosids,,,Cucurbitales,,,,,Cucurbitaceae,,Benincaseae,,Cucumis,,,,,,,
MGPHR,root,,,,,,,,,,,,,,,,,,,,,,,,,,,,
QQLCPR,root,,,,,,,,,,,,,,,,,,,,,,,,,,,,
SFTDKPK,root,,,,,,,,,,,,,,,,,,,,,,,,,,,,
SMLPPR,root,,,,,,,,,,,,,,,,,,,,,,,,,,,,
SMVLPER,Methylophaga thiooxydans,Bacteria,,,,Proteobacteria,,,Gammaproteobacteria,,,,Thiotrichales,,,,,Piscirickettsiaceae,,,,Methylophaga,,,,Methylophaga thiooxydans,,,
SSLSPPR,root,,,,,,,,,,,,,,,,,,,,,,,,,,,,
STAHTR,root,,,,,,,,,,,,,,,,,,,,,,,,,,,,
TPPMLK,root,,,,,,,,,,,,,,,,,,,,,,,,,,,,
TSDYSHR,Aphyosemion striatum,Eukaryota,Metazoa,,,Chordata,Craniata,Actinopterygii,Actinopteri,Neopterygii,Teleostei,Atherinomorphae,Cyprinodontiformes,Aplocheiloidei,,,,Nothobranchiidae,,,,Aphyosemion,,,,Aphyosemion striatum,,,
TVAPK,root,,,,,,,,,,,,,,,,,,,,,,,,,,,,
VQVSPLR,root,,,,,,,,,,,,,,,,,,,,,,,,,,,,
VSYEPVK,root,,,,,,,,,,,,,,,,,,,,,,,,,,,,
VVGLDPK,root,,,,,,,,,,,,,,,,,,,,,,,,,,,,
AAAHK,root,,,,,,,,,,,,,,,,,,,,,,,,,,,,
AEWWK,root,,,,,,,,,,,,,,,,,,,,,,,,,,,,
AHLMK,root,,,,,,,,,,,,,,,,,,,,,,,,,,,,
DAPLSGK,root,,,,,,,,,,,,,,,,,,,,,,,,,,,,
DLVVHER,root,,,,,,,,,,,,,,,,,,,,,,,,,,,,
GAPAR,root,,,,,,,,,,,,,,,,,,,,,,,,,,,,
GHGHK,root,,,,,,,,,,,,,,,,,,,,,,,,,,,,
GLPGR,root,,,,,,,,,,,,,,,,,,,,,,,,,,,,
GVMLR,root,,,,,,,,,,,,,,,,,,,,,,,,,,,,
GYTGAVTYK,Marivita geojedonensis,Bacteria,,,,Proteobacteria,,,Alphaproteobacteria,,,,Rhodobacterales,,,,,Rhodobacteraceae,,,,Marivita,,,,Marivita geojedonensis,,,
HDQPPR,root,,,,,,,,,,,,,,,,,,,,,,,,,,,,
HFKPGR,root,,,,,,,,,,,,,,,,,,,,,,,,,,,,
HNSPR,root,,,,,,,,,,,,,,,,,,,,,,,,,,,,
HVHTR,root,,,,,,,,,,,,,,,,,,,,,,,,,,,,
HVSGK,root,,,,,,,,,,,,,,,,,,,,,,,,,,,,
LVAPQK,root,,,,,,,,,,,,,,,,,,,,,,,,,,,,
MGTMK,root,,,,,,,,,,,,,,,,,,,,,,,,,,,,
MGTYK,root,,,,,,,,,,,,,,,,,,,,,,,,,,,,
MNDDNK,root,,,,,,,,,,,,,,,,,,,,,,,,,,,,
NQLDTELR,Exidia glandulosa,Eukaryota,Fungi,Dikarya,,Basidiomycota,Agaricomycotina,,Agaricomycetes,,,,Auriculariales,,,,,Exidiaceae,,,,Exidia,,,,Exidia glandulosa,,,
QAMTSR,root,,,,,,,,,,,,,,,,,,,,,,,,,,,,
QPEPDQNK,Pyronema omphalodes,Eukaryota,Fungi,Dikarya,,Ascomycota,Pezizomycotina,,Pezizomycetes,,,,Pezizales,,,,,Pyronemataceae,,,,Pyronema,,,,Pyronema omphalodes,,,
TLPEEHK,[Clostridium] bolteae,Bacteria,,,,Firmicutes,,,Clostridia,,,,Clostridiales,,,,,Lachnospiraceae,,,,Lachnoclostridium,,,,[Clostridium] bolteae,,,
TNSPFAK,root,,,,,,,,,,,,,,,,,,,,,,,,,,,,
VFHDR,root,,,,,,,,,,,,,,,,,,,,,,,,,,,,
VFTGLETK,Gemmatimonas,Bacteria,,,,Gemmatimonadetes,,,Gemmatimonadetes,,,,Gemmatimonadales,,,,,Gemmatimonadaceae,,,,Gemmatimonas,,,,,,,
VYCSEVPR,Duganella,Bacteria,,,,Proteobacteria,,,Betaproteobacteria,,,,Burkholderiales,,,,,Oxalobacteraceae,,,,Duganella,,,,,,,
WGLALK,root,,,,,,,,,,,,,,,,,,,,,,,,,,,,
YGANK,root,,,,,,,,,,,,,,,,,,,,,,,,,,,,
YLLPK,root,,,,,,,,,,,,,,,,,,,,,,,,,,,,
YPFLLR,root,,,,,,,,,,,,,,,,,,,,,,,,,,,,
AWPDPPR,Gonapodya prolifera,Eukaryota,Fungi,,,Chytridiomycota,,,Monoblepharidomycetes,,,,Monoblepharidales,,,,,Gonapodyaceae,,,,Gonapodya,,,,Gonapodya prolifera,,,
CDSSK,root,,,,,,,,,,,,,,,,,,,,,,,,,,,,
DGLNR,root,,,,,,,,,,,,,,,,,,,,,,,,,,,,
DVLFDENK,Listeria monocytogenes,Bacteria,,,,Firmicutes,,,Bacilli,,,,Bacillales,,,,,Listeriaceae,,,,Listeria,,,,Listeria monocytogenes,,,
ETLSSHNK,Strongyloides,Eukaryota,Metazoa,,,Nematoda,,,Chromadorea,,,,Rhabditida,,,,Panagrolaimoidea,Strongyloididae,,,,Strongyloides,,,,,,,
FYALHK,root,,,,,,,,,,,,,,,,,,,,,,,,,,,,
FYVTR,root,,,,,,,,,,,,,,,,,,,,,,,,,,,,
GEFDQR,root,,,,,,,,,,,,,,,,,,,,,,,,,,,,
GHLNMMR,Jaapia argillacea,Eukaryota,Fungi,Dikarya,,Basidiomycota,Agaricomycotina,,Agaricomycetes,Agaricomycetidae,,,Jaapiales,,,,,Jaapiaceae,,,,Jaapia,,,,Jaapia argillacea,,,
GSLTLMR,root,,,,,,,,,,,,,,,,,,,,,,,,,,,,
HDPLEK,root,,,,,,,,,,,,,,,,,,,,,,,,,,,,
HFVGHDK,Candidatus Edwardsbacteria,Bacteria,,,,Candidatus Edwardsbacteria,,,,,,,,,,,,,,,,,,,,,,,
LDESTR,root,,,,,,,,,,,,,,,,,,,,,,,,,,,,
LEVTK,root,,,,,,,,,,,,,,,,,,,,,,,,,,,,
LPLPNYR,Streptophytina,Eukaryota,Viridiplantae,,,Streptophyta,Streptophytina,,,,,,,,,,,,,,,,,,,,,,
LQVGNK,root,,,,,,,,,,,,,,,,,,,,,,,,,,,,
MEPELLK,root,,,,,,,,,,,,,,,,,,,,,,,,,,,,
MLTHK,root,,,,,,,,,,,,,,,,,,,,,,,,,,,,
MVPPGTK,Eukaryota,Eukaryota,,,,,,,,,,,,,,,,,,,,,,,,,,,
NGPMEK,root,,,,,,,,,,,,,,,,,,,,,,,,,,,,
NTLPEPK,root,,,,,,,,,,,,,,,,,,,,,,,,,,,,
SGPFSLPR,Alistipes,Bacteria,,,,Bacteroidetes,,,Bacteroidia,,,,Bacteroidales,,,,,Rikenellaceae,,,,Alistipes,,,,,,,
SMSMK,root,,,,,,,,,,,,,,,,,,,,,,,,,,,,
SVDPPK,root,,,,,,,,,,,,,,,,,,,,,,,,,,,,
TGTDYPK,Bacteria,Bacteria,,,,,,,,,,,,,,,,,,,,,,,,,,,
TLLPR,root,,,,,,,,,,,,,,,,,,,,,,,,,,,,
TMPAK,root,,,,,,,,,,,,,,,,,,,,,,,,,,,,
VPEGTHR,Bacteria,Bacteria,,,,,,,,,,,,,,,,,,,,,,,,,,,
VSENPK,root,,,,,,,,,,,,,,,,,,,,,,,,,,,,
YPELTK,root,,,,,,,,,,,,,,,,,,,,,,,,,,,,
AAMEFMK,Bacteria,Bacteria,,,,,,,,,,,,,,,,,,,,,,,,,,,
CSATLAK,root,,,,,,,,,,,,,,,,,,,,,,,,,,,,
CSLPR,root,,,,,,,,,,,,,,,,,,,,,,,,,,,,
DLPNK,root,,,,,,,,,,,,,,,,,,,,,,,,,,,,
DYDYGAR,Nitrospirae,Bacteria,,,,Nitrospirae,,,,,,,,,,,,,,,,,,,,,,,
EGHVR,root,,,,,,,,,,,,,,,,,,,,,,,,,,,,
LEEAHR,root,,,,,,,,,,,,,,,,,,,,,,,,,,,,
LPNPK,root,,,,,,,,,,,,,,,,,,,,,,,,,,,,
MAADSHK,Karlodinium veneficum,Eukaryota,,,,,,,Dinophyceae,,,,Gymnodiniales,,,,,Kareniaceae,,,,Karlodinium,,,,Karlodinium veneficum,,,
MMDENLK,Auricularia subglabra,Eukaryota,Fungi,Dikarya,,Basidiomycota,Agaricomycotina,,Agaricomycetes,,,,Auriculariales,,,,,Auriculariaceae,,,,Auricularia,,,,Auricularia subglabra,,,
MTNLPVK,Bacteria,Bacteria,,,,,,,,,,,,,,,,,,,,,,,,,,,
NMNHR,root,,,,,,,,,,,,,,,,,,,,,,,,,,,,
NNSNAAK,root,,,,,,,,,,,,,,,,,,,,,,,,,,,,
SMAHR,root,,,,,,,,,,,,,,,,,,,,,,,,,,,,
SMGPMK,Eukaryota,Eukaryota,,,,,,,,,,,,,,,,,,,,,,,,,,,
TLLPK,root,,,,,,,,,,,,,,,,,,,,,,,,,,,,
TLVHEK,root,,,,,,,,,,,,,,,,,,,,,,,,,,,,
VCMVR,root,,,,,,,,,,,,,,,,,,,,,,,,,,,,
VLDDSCYK,Oikopleura dioica,Eukaryota,Metazoa,,,Chordata,Tunicata,,Appendicularia,,,,,,,,,Oikopleuridae,,,,Oikopleura,,,,Oikopleura dioica,,,
YMDGYR,root,,,,,,,,,,,,,,,,,,,,,,,,,,,,
AHNTGK,root,,,,,,,,,,,,,,,,,,,,,,,,,,,,
AMGWDK,root,,,,,,,,,,,,,,,,,,,,,,,,,,,,
EYVWAK,root,,,,,,,,,,,,,,,,,,,,,,,,,,,,
FLDVMAR,root,,,,,,,,,,,,,,,,,,,,,,,,,,,,
GDYEDK,root,,,,,,,,,,,,,,,,,,,,,,,,,,,,
HDLDR,root,,,,,,,,,,,,,,,,,,,,,,,,,,,,
MFLNPK,root,,,,,,,,,,,,,,,,,,,,,,,,,,,,
MHVAR,root,,,,,,,,,,,,,,,,,,,,,,,,,,,,
MMTEQVK,Chryseobacterium,Bacteria,,,,Bacteroidetes,,,Flavobacteriia,,,,Flavobacteriales,,,,,Flavobacteriaceae,,,,Chryseobacterium,,,,,,,
MQQAVR,root,,,,,,,,,,,,,,,,,,,,,,,,,,,,
NMMALLR,root,,,,,,,,,,,,,,,,,,,,,,,,,,,,
SAHHLPR,Polypterus senegalus,Eukaryota,Metazoa,,,Chordata,Craniata,Actinopterygii,Cladistia,,,,Polypteriformes,,,,,Polypteridae,,,,Polypterus,,,,Polypterus senegalus,,,
SAHVR,root,,,,,,,,,,,,,,,,,,,,,,,,,,,,
SFAHR,root,,,,,,,,,,,,,,,,,,,,,,,,,,,,
SMFEVPK,Candidatus Magnetobacterium bavaricum,Bacteria,,,,Nitrospirae,,,Nitrospira,,,,Nitrospirales,,,,,Nitrospiraceae,,,,Candidatus Magnetobacterium,,,,Candidatus Magnetobacterium bavaricum,,,
TMPVPPK,Fungi,Eukaryota,Fungi,,,,,,,,,,,,,,,,,,,,,,,,,,
TNFDLLPK,Lentisphaerae,Bacteria,,,,Lentisphaerae,,,,,,,,,,,,,,,,,,,,,,,
TPLAMMK,root,,,,,,,,,,,,,,,,,,,,,,,,,,,,
TVQNR,root,,,,,,,,,,,,,,,,,,,,,,,,,,,,
VAEMSHK,Sulfitobacter mediterraneus,Bacteria,,,,Proteobacteria,,,Alphaproteobacteria,,,,Rhodobacterales,,,,,Rhodobacteraceae,,,,Sulfitobacter,,,,Sulfitobacter mediterraneus,,,
VLTDNPR,Bacteria,Bacteria,,,,,,,,,,,,,,,,,,,,,,,,,,,
VMGHK,root,,,,,,,,,,,,,,,,,,,,,,,,,,,,
VMGSR,root,,,,,,,,,,,,,,,,,,,,,,,,,,,,
VVVHK,root,,,,,,,,,,,,,,,,,,,,,,,,,,,,
WGCLVK,root,,,,,,,,,,,,,,,,,,,,,,,,,,,,
ADDHK,root,,,,,,,,,,,,,,,,,,,,,,,,,,,,
APTLDPK,root,,,,,,,,,,,,,,,,,,,,,,,,,,,,
AWPPR,root,,,,,,,,,,,,,,,,,,,,,,,,,,,,
CGLLFEK,Desulfocapsa sulfexigens,Bacteria,,,,Proteobacteria,delta/epsilon subdivisions,,Deltaproteobacteria,,,,Desulfobacterales,,,,,Desulfobulbaceae,,,,Desulfocapsa,,,,Desulfocapsa sulfexigens,,,
CGMNK,root,,,,,,,,,,,,,,,,,,,,,,,,,,,,
EEAEK,root,,,,,,,,,,,,,,,,,,,,,,,,,,,,
EELQPK,root,,,,,,,,,,,,,,,,,,,,,,,,,,,,
EHDFLVK,Metazoa,Eukaryota,Metazoa,,,,,,,,,,,,,,,,,,,,,,,,,,
ENGLVELK,root,,,,,,,,,,,,,,,,,,,,,,,,,,,,
GASAAALK,Bacteria,Bacteria,,,,,,,,,,,,,,,,,,,,,,,,,,,
GMGNWR,root,,,,,,,,,,,,,,,,,,,,,,,,,,,,
GPLGPR,root,,,,,,,,,,,,,,,,,,,,,,,,,,,,
HVTTLLR,root,,,,,,,,,,,,,,,,,,,,,,,,,,,,
LLVDFFK,root,,,,,,,,,,,,,,,,,,,,,,,,,,,,
LVDDPK,root,,,,,,,,,,,,,,,,,,,,,,,,,,,,
LYADDNK,Bacteria,Bacteria,,,,,,,,,,,,,,,,,,,,,,,,,,,
LYFNPK,root,,,,,,,,,,,,,,,,,,,,,,,,,,,,
MACELK,root,,,,,,,,,,,,,,,,,,,,,,,,,,,,
MAGGPAR,root,,,,,,,,,,,,,,,,,,,,,,,,,,,,
MGLANR,root,,,,,,,,,,,,,,,,,,,,,,,,,,,,
MTTEYYR,Bacteria,Bacteria,,,,,,,,,,,,,,,,,,,,,,,,,,,
NPPLTPR,root,,,,,,,,,,,,,,,,,,,,,,,,,,,,
QNSFPK,root,,,,,,,,,,,,,,,,,,,,,,,,,,,,
QQSAVLR,root,,,,,,,,,,,,,,,,,,,,,,,,,,,,
QSLPK,root,,,,,,,,,,,,,,,,,,,,,,,,,,,,
QYEHGK,root,,,,,,,,,,,,,,,,,,,,,,,,,,,,
SGFNNLK,root,,,,,,,,,,,,,,,,,,,,,,,,,,,,
TFENK,root,,,,,,,,,,,,,,,,,,,,,,,,,,,,
VADCK,root,,,,,,,,,,,,,,,,,,,,,,,,,,,,
VFMPPK,root,,,,,,,,,,,,,,,,,,,,,,,,,,,,
VFNNK,root,,,,,,,,,,,,,,,,,,,,,,,,,,,,
VTCAK,root,,,,,,,,,,,,,,,,,,,,,,,,,,,,
WKPAK,root,,,,,,,,,,,,,,,,,,,,,,,,,,,,
YPFDPK,root,,,,,,,,,,,,,,,,,,,,,,,,,,,,
DPGPHR,root,,,,,,,,,,,,,,,,,,,,,,,,,,,,
DPLELMNK,Bacillus cereus,Bacteria,,,,Firmicutes,,,Bacilli,,,,Bacillales,,,,,Bacillaceae,,,,Bacillus,,Bacillus cereus group,,Bacillus cereus,,,
ELPSPR,root,,,,,,,,,,,,,,,,,,,,,,,,,,,,
GDLELVR,root,,,,,,,,,,,,,,,,,,,,,,,,,,,,
HACPLLK,Methanomassiliicoccales,Archaea,,,,Euryarchaeota,,,Thermoplasmata,,,,Methanomassiliicoccales,,,,,,,,,,,,,,,,
HLESEK,root,,,,,,,,,,,,,,,,,,,,,,,,,,,,
LQNLNLK,root,,,,,,,,,,,,,,,,,,,,,,,,,,,,
LTSHK,root,,,,,,,,,,,,,,,,,,,,,,,,,,,,
MDLLELMNK,Bacteria,Bacteria,,,,,,,,,,,,,,,,,,,,,,,,,,,
MEAGK,root,,,,,,,,,,,,,,,,,,,,,,,,,,,,
MEALHK,root,,,,,,,,,,,,,,,,,,,,,,,,,,,,
MPDSK,root,,,,,,,,,,,,,,,,,,,,,,,,,,,,
QVRPR,root,,,,,,,,,,,,,,,,,,,,,,,,,,,,
RPLAHR,root,,,,,,,,,,,,,,,,,,,,,,,,,,,,
SLPVR,root,,,,,,,,,,,,,,,,,,,,,,,,,,,,
TFWSHLK,Albugo candida,Eukaryota,,,,,,,Oomycetes,,,,Albuginales,,,,,Albuginaceae,,,,Albugo,,,,Albugo candida,,,
THELEK,root,,,,,,,,,,,,,,,,,,,,,,,,,,,,
TNDPK,root,,,,,,,,,,,,,,,,,,,,,,,,,,,,
TTVSPR,root,,,,,,,,,,,,,,,,,,,,,,,,,,,,
WAYWK,root,,,,,,,,,,,,,,,,,,,,,,,,,,,,
WVQGK,root,,,,,,,,,,,,,,,,,,,,,,,,,,,,
YVGNPNK,Reichenbachiella faecimaris,Bacteria,,,,Bacteroidetes,,,Cytophagia,,,,Cytophagales,,,,,Flammeovirgaceae,,,,Reichenbachiella,,,,Reichenbachiella faecimaris,,,
AHCMLK,Verruconis gallopava,Eukaryota,Fungi,Dikarya,,Ascomycota,Pezizomycotina,,Dothideomycetes,,,,Venturiales,,,,,Sympoventuriaceae,,,,Verruconis,,,,Verruconis gallopava,,,
APCRPDK,Citrobacter koseri,Bacteria,,,,Proteobacteria,,,Gammaproteobacteria,,,,Enterobacterales,,,,,Enterobacteriaceae,,,,Citrobacter,,,,Citrobacter koseri,,,
DHVHAR,root,,,,,,,,,,,,,,,,,,,,,,,,,,,,
EEHGK,root,,,,,,,,,,,,,,,,,,,,,,,,,,,,
GELVK,root,,,,,,,,,,,,,,,,,,,,,,,,,,,,
HEADPVR,Bacteria,Bacteria,,,,,,,,,,,,,,,,,,,,,,,,,,,
LALHK,root,,,,,,,,,,,,,,,,,,,,,,,,,,,,
LFLNPPR,root,,,,,,,,,,,,,,,,,,,,,,,,,,,,
LNEENK,root,,,,,,,,,,,,,,,,,,,,,,,,,,,,
LPAVENK,Verticillium,Eukaryota,Fungi,Dikarya,,Ascomycota,Pezizomycotina,,Sordariomycetes,Hypocreomycetidae,,,Glomerellales,,,,,Plectosphaerellaceae,,,,Verticillium,,,,,,,
LSASMVK,root,,,,,,,,,,,,,,,,,,,,,,,,,,,,
LTETGNK,root,,,,,,,,,,,,,,,,,,,,,,,,,,,,
MAPEELK,root,,,,,,,,,,,,,,,,,,,,,,,,,,,,
MTELALVR,Vibrio,Bacteria,,,,Proteobacteria,,,Gammaproteobacteria,,,,Vibrionales,,,,,Vibrionaceae,,,,Vibrio,,,,,,,
MTLDTK,root,,,,,,,,,,,,,,,,,,,,,,,,,,,,
MVMMK,root,,,,,,,,,,,,,,,,,,,,,,,,,,,,
MVPPR,root,,,,,,,,,,,,,,,,,,,,,,,,,,,,
NLLDFDPK,Clostridium aceticum,Bacteria,,,,Firmicutes,,,Clostridia,,,,Clostridiales,,,,,Clostridiaceae,,,,Clostridium,,,,Clostridium aceticum,,,
NSNTHK,root,,,,,,,,,,,,,,,,,,,,,,,,,,,,
QGLFK,root,,,,,,,,,,,,,,,,,,,,,,,,,,,,
QLLMDGHK,root,,,,,,,,,,,,,,,,,,,,,,,,,,,,
QMEALR,root,,,,,,,,,,,,,,,,,,,,,,,,,,,,
QPSPHK,Eukaryota,Eukaryota,,,,,,,,,,,,,,,,,,,,,,,,,,,
SCGSLPK,Nippostrongylus brasiliensis,Eukaryota,Metazoa,,,Nematoda,,,Chromadorea,,,,Rhabditida,Strongylida,,,Trichostrongyloidea,Heligmonellidae,Nippostrongylinae,,,Nippostrongylus,,,,Nippostrongylus brasiliensis,,,
TPLEQK,root,,,,,,,,,,,,,,,,,,,,,,,,,,,,
VVVPDK,root,,,,,,,,,,,,,,,,,,,,,,,,,,,,
WALALK,root,,,,,,,,,,,,,,,,,,,,,,,,,,,,
WGGLR,root,,,,,,,,,,,,,,,,,,,,,,,,,,,,
YEFLPPK,Megasphaera,Bacteria,,,,Firmicutes,,,Negativicutes,,,,Veillonellales,,,,,Veillonellaceae,,,,Megasphaera,,,,,,,
YMENLNK,root,,,,,,,,,,,,,,,,,,,,,,,,,,,,
AAFDPPR,root,,,,,,,,,,,,,,,,,,,,,,,,,,,,
AAMTR,root,,,,,,,,,,,,,,,,,,,,,,,,,,,,
AASPNAVR,Mycobacterium,Bacteria,,,,Actinobacteria,,,Actinobacteria,,,,Corynebacteriales,,,,,Mycobacteriaceae,,,,Mycobacterium,,,,,,,
ADVQK,root,,,,,,,,,,,,,,,,,,,,,,,,,,,,
AHEDPLK,root,,,,,,,,,,,,,,,,,,,,,,,,,,,,
ALHHPK,root,,,,,,,,,,,,,,,,,,,,,,,,,,,,
CFDVR,root,,,,,,,,,,,,,,,,,,,,,,,,,,,,
DEPDLPK,root,,,,,,,,,,,,,,,,,,,,,,,,,,,,
ESADYR,root,,,,,,,,,,,,,,,,,,,,,,,,,,,,
EYMMER,root,,,,,,,,,,,,,,,,,,,,,,,,,,,,
FMMVLPR,Gammaproteobacteria,Bacteria,,,,Proteobacteria,,,Gammaproteobacteria,,,,,,,,,,,,,,,,,,,,
GFMNALK,Bacteria,Bacteria,,,,,,,,,,,,,,,,,,,,,,,,,,,
GMPNK,root,,,,,,,,,,,,,,,,,,,,,,,,,,,,
GPLLMVK,Paenibacillus macerans,Bacteria,,,,Firmicutes,,,Bacilli,,,,Bacillales,,,,,Paenibacillaceae,,,,Paenibacillus,,,,Paenibacillus macerans,,,
HGDAGSK,root,,,,,,,,,,,,,,,,,,,,,,,,,,,,
LADLDNDK,Clostridiales,Bacteria,,,,Firmicutes,,,Clostridia,,,,Clostridiales,,,,,,,,,,,,,,,,
LANPLCR,Capsicum annuum,Eukaryota,Viridiplantae,,,Streptophyta,Streptophytina,,,asterids,,,Solanales,,,,,Solanaceae,Solanoideae,Capsiceae,,Capsicum,,,,Capsicum annuum,,,
LAQLK,root,,,,,,,,,,,,,,,,,,,,,,,,,,,,
LHAHR,root,,,,,,,,,,,,,,,,,,,,,,,,,,,,
LSSLAEDR,Thiohalocapsa,Bacteria,,,,Proteobacteria,,,Gammaproteobacteria,,,,Chromatiales,,,,,Chromatiaceae,,,,Thiohalocapsa,,,,,,,
MMTFCR,root,,,,,,,,,,,,,,,,,,,,,,,,,,,,
MSMQPLR,root,,,,,,,,,,,,,,,,,,,,,,,,,,,,
MTQLVNK,root,,,,,,,,,,,,,,,,,,,,,,,,,,,,
NSAYWK,root,,,,,,,,,,,,,,,,,,,,,,,,,,,,
NTMLK,root,,,,,,,,,,,,,,,,,,,,,,,,,,,,
NVLCMAR,Erwinia,Bacteria,,,,Proteobacteria,,,Gammaproteobacteria,,,,Enterobacterales,,,,,Erwiniaceae,,,,Erwinia,,,,,,,
SSDVR,root,,,,,,,,,,,,,,,,,,,,,,,,,,,,
TGPNK,root,,,,,,,,,,,,,,,,,,,,,,,,,,,,
TLAAAR,root,,,,,,,,,,,,,,,,,,,,,,,,,,,,
VMPPK,root,,,,,,,,,,,,,,,,,,,,,,,,,,,,
VPEGLR,root,,,,,,,,,,,,,,,,,,,,,,,,,,,,
YPFAPR,root,,,,,,,,,,,,,,,,,,,,,,,,,,,,
AAQVK,root,,,,,,,,,,,,,,,,,,,,,,,,,,,,
AAVDPFR,Bacteria,Bacteria,,,,,,,,,,,,,,,,,,,,,,,,,,,
AMLLAR,root,,,,,,,,,,,,,,,,,,,,,,,,,,,,
CCLALK,root,,,,,,,,,,,,,,,,,,,,,,,,,,,,
CVLAPR,root,,,,,,,,,,,,,,,,,,,,,,,,,,,,
EHNEVPR,Penicillium,Eukaryota,Fungi,Dikarya,,Ascomycota,Pezizomycotina,,Eurotiomycetes,Eurotiomycetidae,,,Eurotiales,,,,,Aspergillaceae,,,,Penicillium,,,,,,,
EPETPNR,Kordiimonas lacus,Bacteria,,,,Proteobacteria,,,Alphaproteobacteria,,,,Kordiimonadales,,,,,Kordiimonadaceae,,,,Kordiimonas,,,,Kordiimonas lacus,,,
ESHNFK,root,,,,,,,,,,,,,,,,,,,,,,,,,,,,
GFMLGPR,Botrytis cinerea,Eukaryota,Fungi,Dikarya,,Ascomycota,Pezizomycotina,,Leotiomycetes,,,,Helotiales,,,,,Sclerotiniaceae,,,,Botrytis,,,,Botrytis cinerea,,,
HDVVPVR,Bacteria,Bacteria,,,,,,,,,,,,,,,,,,,,,,,,,,,
HPDPK,root,,,,,,,,,,,,,,,,,,,,,,,,,,,,
HPETVR,root,,,,,,,,,,,,,,,,,,,,,,,,,,,,
LFHSMHK,Eremothecium sinecaudum,Eukaryota,Fungi,Dikarya,,Ascomycota,Saccharomycotina,,Saccharomycetes,,,,Saccharomycetales,,,,,Saccharomycetaceae,,,,Eremothecium,,,,Eremothecium sinecaudum,,,
MGCHLR,root,,,,,,,,,,,,,,,,,,,,,,,,,,,,
MPMMLK,root,,,,,,,,,,,,,,,,,,,,,,,,,,,,
MQGDK,root,,,,,,,,,,,,,,,,,,,,,,,,,,,,
MTGHR,root,,,,,,,,,,,,,,,,,,,,,,,,,,,,
NPFTPPR,root,,,,,,,,,,,,,,,,,,,,,,,,,,,,
QGTLPK,root,,,,,,,,,,,,,,,,,,,,,,,,,,,,
SMGHK,root,,,,,,,,,,,,,,,,,,,,,,,,,,,,
SQAFLK,root,,,,,,,,,,,,,,,,,,,,,,,,,,,,
SVAFK,root,,,,,,,,,,,,,,,,,,,,,,,,,,,,
TAVLLDR,root,,,,,,,,,,,,,,,,,,,,,,,,,,,,
TETFGHR,root,,,,,,,,,,,,,,,,,,,,,,,,,,,,
TLVEFPK,Eukaryota,Eukaryota,,,,,,,,,,,,,,,,,,,,,,,,,,,
TSTSR,root,,,,,,,,,,,,,,,,,,,,,,,,,,,,
VEAMTLK,Bacteria,Bacteria,,,,,,,,,,,,,,,,,,,,,,,,,,,
VFPVGYR,root,,,,,,,,,,,,,,,,,,,,,,,,,,,,
VPVSAHR,Actinobacteria,Bacteria,,,,Actinobacteria,,,Actinobacteria,,,,,,,,,,,,,,,,,,,,
YMSHR,root,,,,,,,,,,,,,,,,,,,,,,,,,,,,
AAEFPDPR,Actinobacteria,Bacteria,,,,Actinobacteria,,,Actinobacteria,,,,,,,,,,,,,,,,,,,,
AANFVR,root,,,,,,,,,,,,,,,,,,,,,,,,,,,,
AEEEAVR,root,,,,,,,,,,,,,,,,,,,,,,,,,,,,
AFHMK,root,,,,,,,,,,,,,,,,,,,,,,,,,,,,
AHNNGLR,root,,,,,,,,,,,,,,,,,,,,,,,,,,,,
AQDEMTR,root,,,,,,,,,,,,,,,,,,,,,,,,,,,,
AVSSPPAR,Pseudogymnoascus,Eukaryota,Fungi,Dikarya,,Ascomycota,Pezizomycotina,,Leotiomycetes,,,,,,,,,Pseudeurotiaceae,,,,Pseudogymnoascus,,,,,,,
DAHHLK,root,,,,,,,,,,,,,,,,,,,,,,,,,,,,
DSMVNK,root,,,,,,,,,,,,,,,,,,,,,,,,,,,,
DVPVK,root,,,,,,,,,,,,,,,,,,,,,,,,,,,,
EAPSAVLR,root,,,,,,,,,,,,,,,,,,,,,,,,,,,,
EFMMSR,root,,,,,,,,,,,,,,,,,,,,,,,,,,,,
EHWGK,root,,,,,,,,,,,,,,,,,,,,,,,,,,,,
EMLTK,root,,,,,,,,,,,,,,,,,,,,,,,,,,,,
GCMCVAR,Hypsibius dujardini,Eukaryota,Metazoa,,,Tardigrada,,,Eutardigrada,,,,Parachela,,,,,Hypsibiidae,,,,Hypsibius,,,,Hypsibius dujardini,,,
GHVLR,root,,,,,,,,,,,,,,,,,,,,,,,,,,,,
GPAAQR,root,,,,,,,,,,,,,,,,,,,,,,,,,,,,
LDPAEPK,root,,,,,,,,,,,,,,,,,,,,,,,,,,,,
LTTTHR,root,,,,,,,,,,,,,,,,,,,,,,,,,,,,
MPVNPK,root,,,,,,,,,,,,,,,,,,,,,,,,,,,,
RPTVVK,root,,,,,,,,,,,,,,,,,,,,,,,,,,,,
SGFEVPK,Fibrobacter,Bacteria,,,,Fibrobacteres,,,Fibrobacteria,,,,Fibrobacterales,,,,,Fibrobacteraceae,,,,Fibrobacter,,,,,,,
SNHEPNK,Laetiporus sulphureus,Eukaryota,Fungi,Dikarya,,Basidiomycota,Agaricomycotina,,Agaricomycetes,,,,Polyporales,,,,,Laetiporaceae,,,,Laetiporus,,,,Laetiporus sulphureus,,,
TLLLR,root,,,,,,,,,,,,,,,,,,,,,,,,,,,,
VFFSK,root,,,,,,,,,,,,,,,,,,,,,,,,,,,,
VFVATFR,Populus trichocarpa,Eukaryota,Viridiplantae,,,Streptophyta,Streptophytina,,,rosids,,,Malpighiales,,,,,Salicaceae,,Saliceae,,Populus,,,,Populus trichocarpa,,,
VPLYDER,Bacteria,Bacteria,,,,,,,,,,,,,,,,,,,,,,,,,,,
YSSLGK,root,,,,,,,,,,,,,,,,,,,,,,,,,,,,
YYEEVPR,root,,,,,,,,,,,,,,,,,,,,,,,,,,,,
AASLMGK,Bacteria,Bacteria,,,,,,,,,,,,,,,,,,,,,,,,,,,
AWVQNK,Eukaryota,Eukaryota,,,,,,,,,,,,,,,,,,,,,,,,,,,
CAAQR,root,,,,,,,,,,,,,,,,,,,,,,,,,,,,
CCALK,root,,,,,,,,,,,,,,,,,,,,,,,,,,,,
DGAPK,root,,,,,,,,,,,,,,,,,,,,,,,,,,,,
DGGHK,root,,,,,,,,,,,,,,,,,,,,,,,,,,,,
ELMFR,root,,,,,,,,,,,,,,,,,,,,,,,,,,,,
EQLPVK,root,,,,,,,,,,,,,,,,,,,,,,,,,,,,
EYMLAPR,root,,,,,,,,,,,,,,,,,,,,,,,,,,,,
FLMFAK,root,,,,,,,,,,,,,,,,,,,,,,,,,,,,
FLSVLYK,root,,,,,,,,,,,,,,,,,,,,,,,,,,,,
FPEPK,root,,,,,,,,,,,,,,,,,,,,,,,,,,,,
FPLVGHR,root,,,,,,,,,,,,,,,,,,,,,,,,,,,,
GDLVPPR,Bacteria,Bacteria,,,,,,,,,,,,,,,,,,,,,,,,,,,
HLAVR,root,,,,,,,,,,,,,,,,,,,,,,,,,,,,
LEGYK,root,,,,,,,,,,,,,,,,,,,,,,,,,,,,
LMLPNNR,Methanocaldococcus vulcanius,Archaea,,,,Euryarchaeota,,,Methanococci,,,,Methanococcales,,,,,Methanocaldococcaceae,,,,Methanocaldococcus,,,,Methanocaldococcus vulcanius,,,
LWAHFK,Bacteria,Bacteria,,,,,,,,,,,,,,,,,,,,,,,,,,,
MADLSTK,root,,,,,,,,,,,,,,,,,,,,,,,,,,,,
MTSMTR,root,,,,,,,,,,,,,,,,,,,,,,,,,,,,
SFNEPR,root,,,,,,,,,,,,,,,,,,,,,,,,,,,,
STAALAK,root,,,,,,,,,,,,,,,,,,,,,,,,,,,,
STVVK,root,,,,,,,,,,,,,,,,,,,,,,,,,,,,
VPWLFK,root,,,,,,,,,,,,,,,,,,,,,,,,,,,,
WMYTR,root,,,,,,,,,,,,,,,,,,,,,,,,,,,,
WNMTLR,Bacteria,Bacteria,,,,,,,,,,,,,,,,,,,,,,,,,,,
CEVQLLR,Ascomycota,Eukaryota,Fungi,Dikarya,,Ascomycota,,,,,,,,,,,,,,,,,,,,,,,
CLHGHR,root,,,,,,,,,,,,,,,,,,,,,,,,,,,,
DMGTK,root,,,,,,,,,,,,,,,,,,,,,,,,,,,,
DNNWR,root,,,,,,,,,,,,,,,,,,,,,,,,,,,,
EAAYNFK,Eukaryota,Eukaryota,,,,,,,,,,,,,,,,,,,,,,,,,,,
EDFDPK,root,,,,,,,,,,,,,,,,,,,,,,,,,,,,
EVSDHR,root,,,,,,,,,,,,,,,,,,,,,,,,,,,,
EVSPK,root,,,,,,,,,,,,,,,,,,,,,,,,,,,,
FDNVTPR,Proteobacteria,Bacteria,,,,Proteobacteria,,,,,,,,,,,,,,,,,,,,,,,
FESHLK,root,,,,,,,,,,,,,,,,,,,,,,,,,,,,
FMAWFR,Bacteria,Bacteria,,,,,,,,,,,,,,,,,,,,,,,,,,,
FMVER,root,,,,,,,,,,,,,,,,,,,,,,,,,,,,
GLHMK,root,,,,,,,,,,,,,,,,,,,,,,,,,,,,
HPLCR,root,,,,,,,,,,,,,,,,,,,,,,,,,,,,
LFDGHK,root,,,,,,,,,,,,,,,,,,,,,,,,,,,,
MMMMER,root,,,,,,,,,,,,,,,,,,,,,,,,,,,,
SQLLEEYR,Chryseobacterium,Bacteria,,,,Bacteroidetes,,,Flavobacteriia,,,,Flavobacteriales,,,,,Flavobacteriaceae,,,,Chryseobacterium,,,,,,,
SYNMK,root,,,,,,,,,,,,,,,,,,,,,,,,,,,,
TELNR,root,,,,,,,,,,,,,,,,,,,,,,,,,,,,
TTLVPK,root,,,,,,,,,,,,,,,,,,,,,,,,,,,,
VDAVHPK,root,,,,,,,,,,,,,,,,,,,,,,,,,,,,
VDNPEK,root,,,,,,,,,,,,,,,,,,,,,,,,,,,,
VSTTTHK,Tetraselmis,Eukaryota,Viridiplantae,,,Chlorophyta,,,Chlorodendrophyceae,,,,Chlorodendrales,,,,,Chlorodendraceae,,,,Tetraselmis,,,,,,,
YFDLSTK,root,,,,,,,,,,,,,,,,,,,,,,,,,,,,
AEDNPK,root,,,,,,,,,,,,,,,,,,,,,,,,,,,,
CMELK,root,,,,,,,,,,,,,,,,,,,,,,,,,,,,
DPESR,root,,,,,,,,,,,,,,,,,,,,,,,,,,,,
DWGLVK,root,,,,,,,,,,,,,,,,,,,,,,,,,,,,
EYRPALR,Bacteria,Bacteria,,,,,,,,,,,,,,,,,,,,,,,,,,,
FGVVEK,root,,,,,,,,,,,,,,,,,,,,,,,,,,,,
GESLHVK,root,,,,,,,,,,,,,,,,,,,,,,,,,,,,
GNTGR,root,,,,,,,,,,,,,,,,,,,,,,,,,,,,
GTNSR,root,,,,,,,,,,,,,,,,,,,,,,,,,,,,
HCYVLK,Mucilaginibacter paludis,Bacteria,,,,Bacteroidetes,,,Sphingobacteriia,,,,Sphingobacteriales,,,,,Sphingobacteriaceae,,,,Mucilaginibacter,,,,Mucilaginibacter paludis,,,
HELMHHR,Clostridium,Bacteria,,,,Firmicutes,,,Clostridia,,,,Clostridiales,,,,,Clostridiaceae,,,,Clostridium,,,,,,,
HSPHTR,root,,,,,,,,,,,,,,,,,,,,,,,,,,,,
HVFFCK,root,,,,,,,,,,,,,,,,,,,,,,,,,,,,
KPEWK,root,,,,,,,,,,,,,,,,,,,,,,,,,,,,
LMAHK,root,,,,,,,,,,,,,,,,,,,,,,,,,,,,
NPHLHK,root,,,,,,,,,,,,,,,,,,,,,,,,,,,,
SGWWNK,Bacteria,Bacteria,,,,,,,,,,,,,,,,,,,,,,,,,,,
SMVSTNK,Penicillium flavigenum,Eukaryota,Fungi,Dikarya,,Ascomycota,Pezizomycotina,,Eurotiomycetes,Eurotiomycetidae,,,Eurotiales,,,,,Aspergillaceae,,,,Penicillium,,,,Penicillium flavigenum,,,
VGVTVVR,root,,,,,,,,,,,,,,,,,,,,,,,,,,,,
VLWAMVR,Macrophomina phaseolina,Eukaryota,Fungi,Dikarya,,Ascomycota,Pezizomycotina,,Dothideomycetes,,,,Botryosphaeriales,,,,,Botryosphaeriaceae,,,,Macrophomina,,,,Macrophomina phaseolina,,,
VMNRPVK,root,,,,,,,,,,,,,,,,,,,,,,,,,,,,
VMSTSSR,Byssochlamys spectabilis,Eukaryota,Fungi,Dikarya,,Ascomycota,Pezizomycotina,,Eurotiomycetes,Eurotiomycetidae,,,Eurotiales,,,,,Thermoascaceae,,,,Byssochlamys,,,,Byssochlamys spectabilis,,,
WLEWWK,Eukaryota,Eukaryota,,,,,,,,,,,,,,,,,,,,,,,,,,,
WPSAR,root,,,,,,,,,,,,,,,,,,,,,,,,,,,,
YLDPR,root,,,,,,,,,,,,,,,,,,,,,,,,,,,,
YLVPVR,root,,,,,,,,,,,,,,,,,,,,,,,,,,,,
ANDLYMK,Candida dubliniensis,Eukaryota,Fungi,Dikarya,,Ascomycota,Saccharomycotina,,Saccharomycetes,,,,Saccharomycetales,,,,,Debaryomycetaceae,,,,Candida,,,,Candida dubliniensis,,,
ATLAK,root,,,,,,,,,,,,,,,,,,,,,,,,,,,,
DPAAAAK,root,,,,,,,,,,,,,,,,,,,,,,,,,,,,
DPDCK,root,,,,,,,,,,,,,,,,,,,,,,,,,,,,
DYNYR,root,,,,,,,,,,,,,,,,,,,,,,,,,,,,
ESYEALR,root,,,,,,,,,,,,,,,,,,,,,,,,,,,,
EVPNAEK,root,,,,,,,,,,,,,,,,,,,,,,,,,,,,
FGNSR,root,,,,,,,,,,,,,,,,,,,,,,,,,,,,
HDAVAPR,root,,,,,,,,,,,,,,,,,,,,,,,,,,,,
HGLYLK,root,,,,,,,,,,,,,,,,,,,,,,,,,,,,
LCVYVK,root,,,,,,,,,,,,,,,,,,,,,,,,,,,,
MDMAALK,root,,,,,,,,,,,,,,,,,,,,,,,,,,,,
MDVYR,root,,,,,,,,,,,,,,,,,,,,,,,,,,,,
MEALLR,root,,,,,,,,,,,,,,,,,,,,,,,,,,,,
MLFLHGK,root,,,,,,,,,,,,,,,,,,,,,,,,,,,,
MTMTVPR,root,,,,,,,,,,,,,,,,,,,,,,,,,,,,
MTSERPK,root,,,,,,,,,,,,,,,,,,,,,,,,,,,,
NCLLMPK,Pectobacteriaceae,Bacteria,,,,Proteobacteria,,,Gammaproteobacteria,,,,Enterobacterales,,,,,Pectobacteriaceae,,,,,,,,,,,
NTTPR,root,,,,,,,,,,,,,,,,,,,,,,,,,,,,
SHGSNYK,Anoxybacillus,Bacteria,,,,Firmicutes,,,Bacilli,,,,Bacillales,,,,,Bacillaceae,,,,Anoxybacillus,,,,,,,
TMQAK,root,,,,,,,,,,,,,,,,,,,,,,,,,,,,
TPGGNR,root,,,,,,,,,,,,,,,,,,,,,,,,,,,,
TTDNK,root,,,,,,,,,,,,,,,,,,,,,,,,,,,,
VPPTMGK,Eukaryota,Eukaryota,,,,,,,,,,,,,,,,,,,,,,,,,,,
YCLAHR,root,,,,,,,,,,,,,,,,,,,,,,,,,,,,
YDLPEPK,Bacteria,Bacteria,,,,,,,,,,,,,,,,,,,,,,,,,,,
YLLWGR,root,,,,,,,,,,,,,,,,,,,,,,,,,,,,
AAFPNLPR,Megasphaera cerevisiae,Bacteria,,,,Firmicutes,,,Negativicutes,,,,Veillonellales,,,,,Veillonellaceae,,,,Megasphaera,,,,Megasphaera cerevisiae,,,
AEQSTR,root,,,,,,,,,,,,,,,,,,,,,,,,,,,,
AFMSK,root,,,,,,,,,,,,,,,,,,,,,,,,,,,,
ALFPK,root,,,,,,,,,,,,,,,,,,,,,,,,,,,,
AMATGHR,Streptomyces tsukubensis,Bacteria,,,,Actinobacteria,,,Actinobacteria,,,,Streptomycetales,,,,,Streptomycetaceae,,,,Streptomyces,,,,Streptomyces tsukubensis,,,
AMLMNK,root,,,,,,,,,,,,,,,,,,,,,,,,,,,,
DDPGK,root,,,,,,,,,,,,,,,,,,,,,,,,,,,,
EMAALK,root,,,,,,,,,,,,,,,,,,,,,,,,,,,,
FCCVPR,Emiliania huxleyi,Eukaryota,,,,,,,,,,,Isochrysidales,,,,,Noelaerhabdaceae,,,,Emiliania,,,,Emiliania huxleyi,,,
GLFFTR,root,,,,,,,,,,,,,,,,,,,,,,,,,,,,
GMAGR,root,,,,,,,,,,,,,,,,,,,,,,,,,,,,
GSSNPK,root,,,,,,,,,,,,,,,,,,,,,,,,,,,,
HDDADK,root,,,,,,,,,,,,,,,,,,,,,,,,,,,,
HLNTHR,root,,,,,,,,,,,,,,,,,,,,,,,,,,,,
LFSTNR,root,,,,,,,,,,,,,,,,,,,,,,,,,,,,
LLFTAK,root,,,,,,,,,,,,,,,,,,,,,,,,,,,,
MCDDR,root,,,,,,,,,,,,,,,,,,,,,,,,,,,,
MMMSVR,root,,,,,,,,,,,,,,,,,,,,,,,,,,,,
MVSTYR,root,,,,,,,,,,,,,,,,,,,,,,,,,,,,
NVWSNK,Bacteria,Bacteria,,,,,,,,,,,,,,,,,,,,,,,,,,,
SLDQK,root,,,,,,,,,,,,,,,,,,,,,,,,,,,,
TMSQYR,root,,,,,,,,,,,,,,,,,,,,,,,,,,,,
VADPK,root,,,,,,,,,,,,,,,,,,,,,,,,,,,,
VDPAR,root,,,,,,,,,,,,,,,,,,,,,,,,,,,,
VENSVK,root,,,,,,,,,,,,,,,,,,,,,,,,,,,,
VFLHNR,root,,,,,,,,,,,,,,,,,,,,,,,,,,,,
VVANPVK,Eukaryota,Eukaryota,,,,,,,,,,,,,,,,,,,,,,,,,,,
WMQLER,root,,,,,,,,,,,,,,,,,,,,,,,,,,,,
APTPPK,root,,,,,,,,,,,,,,,,,,,,,,,,,,,,
ASNQLR,root,,,,,,,,,,,,,,,,,,,,,,,,,,,,
DEMGR,root,,,,,,,,,,,,,,,,,,,,,,,,,,,,
DPVFLK,root,,,,,,,,,,,,,,,,,,,,,,,,,,,,
EEDGDER,root,,,,,,,,,,,,,,,,,,,,,,,,,,,,
EGHEVLK,Bacteria,Bacteria,,,,,,,,,,,,,,,,,,,,,,,,,,,
ELCFDR,root,,,,,,,,,,,,,,,,,,,,,,,,,,,,
ELCLVHK,Thelazia callipaeda,Eukaryota,Metazoa,,,Nematoda,,,Chromadorea,,,,Spirurida,,,,Thelazioidea,Thelaziidae,,,,Thelazia,,,,Thelazia callipaeda,,,
ELDGCK,root,,,,,,,,,,,,,,,,,,,,,,,,,,,,
EVCPGLR,root,,,,,,,,,,,,,,,,,,,,,,,,,,,,
FSLLVNR,root,,,,,,,,,,,,,,,,,,,,,,,,,,,,
FWVYDLR,Azospirillum thiophilum,Bacteria,,,,Proteobacteria,,,Alphaproteobacteria,,,,Rhodospirillales,,,,,Rhodospirillaceae,,,,Azospirillum,,,,Azospirillum thiophilum,,,
GAAPR,root,,,,,,,,,,,,,,,,,,,,,,,,,,,,
GFQLANK,root,,,,,,,,,,,,,,,,,,,,,,,,,,,,
HLMLNK,root,,,,,,,,,,,,,,,,,,,,,,,,,,,,
LHGVNK,root,,,,,,,,,,,,,,,,,,,,,,,,,,,,
LTTVGMK,Desulfococcus multivorans,Bacteria,,,,Proteobacteria,delta/epsilon subdivisions,,Deltaproteobacteria,,,,Desulfobacterales,,,,,Desulfobacteraceae,,,,Desulfococcus,,,,Desulfococcus multivorans,,,
MAEGK,root,,,,,,,,,,,,,,,,,,,,,,,,,,,,
MAEQAR,root,,,,,,,,,,,,,,,,,,,,,,,,,,,,
MLLMQDK,Gossypium raimondii,Eukaryota,Viridiplantae,,,Streptophyta,Streptophytina,,,rosids,,,Malvales,,,,,Malvaceae,Malvoideae,,,Gossypium,,,,Gossypium raimondii,,,
MVLQAR,root,,,,,,,,,,,,,,,,,,,,,,,,,,,,
NLVFDAPR,Lactobacillus salivarius,Bacteria,,,,Firmicutes,,,Bacilli,,,,Lactobacillales,,,,,Lactobacillaceae,,,,Lactobacillus,,,,Lactobacillus salivarius,,,
NYLAHK,root,,,,,,,,,,,,,,,,,,,,,,,,,,,,
QTGPLK,root,,,,,,,,,,,,,,,,,,,,,,,,,,,,
SEELR,root,,,,,,,,,,,,,,,,,,,,,,,,,,,,
SGGHK,root,,,,,,,,,,,,,,,,,,,,,,,,,,,,
SSAAALK,root,,,,,,,,,,,,,,,,,,,,,,,,,,,,
SVMNHR,root,,,,,,,,,,,,,,,,,,,,,,,,,,,,
TAFNHR,root,,,,,,,,,,,,,,,,,,,,,,,,,,,,
TMLNK,root,,,,,,,,,,,,,,,,,,,,,,,,,,,,
VCVPNK,Metazoa,Eukaryota,Metazoa,,,,,,,,,,,,,,,,,,,,,,,,,,
VVTMHGR,Aminobacterium colombiense,Bacteria,,,,Synergistetes,,,Synergistia,,,,Synergistales,,,,,Synergistaceae,,,,Aminobacterium,,,,Aminobacterium colombiense,,,
WGLENDK,root,,,,,,,,,,,,,,,,,,,,,,,,,,,,
WNMPR,root,,,,,,,,,,,,,,,,,,,,,,,,,,,,
YMASK,root,,,,,,,,,,,,,,,,,,,,,,,,,,,,
YSMPLR,root,,,,,,,,,,,,,,,,,,,,,,,,,,,,
AEDLR,root,,,,,,,,,,,,,,,,,,,,,,,,,,,,
ALMAR,root,,,,,,,,,,,,,,,,,,,,,,,,,,,,
CGSHPK,Dikarya,Eukaryota,Fungi,Dikarya,,,,,,,,,,,,,,,,,,,,,,,,,
CTQLR,root,,,,,,,,,,,,,,,,,,,,,,,,,,,,
DMMMAR,root,,,,,,,,,,,,,,,,,,,,,,,,,,,,
DNPLPAR,root,,,,,,,,,,,,,,,,,,,,,,,,,,,,
DSNEHK,root,,,,,,,,,,,,,,,,,,,,,,,,,,,,
EFDFDPK,Bacteria,Bacteria,,,,,,,,,,,,,,,,,,,,,,,,,,,
EVGEYK,root,,,,,,,,,,,,,,,,,,,,,,,,,,,,
FMLMK,root,,,,,,,,,,,,,,,,,,,,,,,,,,,,
GDSDEMK,Xenopus laevis,Eukaryota,Metazoa,,,Chordata,Craniata,,Amphibia,,,Batrachia,Anura,,,,Pipoidea,Pipidae,Xenopodinae,,,Xenopus,Xenopus,,,Xenopus laevis,,,
HHRPDVR,Loxodonta africana,Eukaryota,Metazoa,,,Chordata,Craniata,,Mammalia,,,Afrotheria,Proboscidea,,,,,Elephantidae,,,,Loxodonta,,,,Loxodonta africana,,,
MAVTSNR,Mycobacterium heidelbergense,Bacteria,,,,Actinobacteria,,,Actinobacteria,,,,Corynebacteriales,,,,,Mycobacteriaceae,,,,Mycobacterium,,,,Mycobacterium heidelbergense,,,
MLASRPR,root,,,,,,,,,,,,,,,,,,,,,,,,,,,,
MYSRPLK,Buttiauxella gaviniae,Bacteria,,,,Proteobacteria,,,Gammaproteobacteria,,,,Enterobacterales,,,,,Enterobacteriaceae,,,,Buttiauxella,,,,Buttiauxella gaviniae,,,
NPVAALK,root,,,,,,,,,,,,,,,,,,,,,,,,,,,,
NSLLR,root,,,,,,,,,,,,,,,,,,,,,,,,,,,,
NWASHK,root,,,,,,,,,,,,,,,,,,,,,,,,,,,,
QSCCNK,Arundo donax,Eukaryota,Viridiplantae,,,Streptophyta,Streptophytina,,Liliopsida,Petrosaviidae,,,Poales,,,,,Poaceae,Arundinoideae,Arundineae,,Arundo,,,,Arundo donax,,,
QVNALNK,root,,,,,,,,,,,,,,,,,,,,,,,,,,,,
SFALEPK,root,,,,,,,,,,,,,,,,,,,,,,,,,,,,
TDVVYPK,Deinococcus proteolyticus,Bacteria,,,,Deinococcus-Thermus,,,Deinococci,,,,Deinococcales,,,,,Deinococcaceae,,,,Deinococcus,,,,Deinococcus proteolyticus,,,
TDYGFFK,Criibacterium bergeronii,Bacteria,,,,Firmicutes,,,Clostridia,,,,Clostridiales,,,,,Peptostreptococcaceae,,,,Criibacterium,,,,Criibacterium bergeronii,,,
TMTPR,root,,,,,,,,,,,,,,,,,,,,,,,,,,,,
TPLTDPER,Bacteria,Bacteria,,,,,,,,,,,,,,,,,,,,,,,,,,,
TYSLPR,root,,,,,,,,,,,,,,,,,,,,,,,,,,,,
VGPMHR,Rugosibacter aromaticivorans,Bacteria,,,,Proteobacteria,,,Betaproteobacteria,,,,Rhodocyclales,,,,,Rhodocyclaceae,,,,Rugosibacter,,,,Rugosibacter aromaticivorans,,,
WHDDR,root,,,,,,,,,,,,,,,,,,,,,,,,,,,,
YEVPPK,root,,,,,,,,,,,,,,,,,,,,,,,,,,,,
YLTHR,root,,,,,,,,,,,,,,,,,,,,,,,,,,,,
ASPDK,root,,,,,,,,,,,,,,,,,,,,,,,,,,,,
AVHCR,root,,,,,,,,,,,,,,,,,,,,,,,,,,,,
CASFFK,root,,,,,,,,,,,,,,,,,,,,,,,,,,,,
CGLFLNK,root,,,,,,,,,,,,,,,,,,,,,,,,,,,,
DTTLPK,root,,,,,,,,,,,,,,,,,,,,,,,,,,,,
DYFLAVR,root,,,,,,,,,,,,,,,,,,,,,,,,,,,,
EHFTEK,root,,,,,,,,,,,,,,,,,,,,,,,,,,,,
EMPNHR,root,,,,,,,,,,,,,,,,,,,,,,,,,,,,
EMSTPPR,Orchesella cincta,Eukaryota,Metazoa,,,Arthropoda,,Hexapoda,Collembola,,,,,Entomobryomorpha,,,Entomobryoidea,Entomobryidae,Orchesellinae,,,Orchesella,,,,Orchesella cincta,,,
ENGYALR,root,,,,,,,,,,,,,,,,,,,,,,,,,,,,
EVAVVR,root,,,,,,,,,,,,,,,,,,,,,,,,,,,,
FALHDPK,root,,,,,,,,,,,,,,,,,,,,,,,,,,,,
GEMPLPK,Oligoflexia,Bacteria,,,,Proteobacteria,,,Oligoflexia,,,,,,,,,,,,,,,,,,,,
GRPDVPR,root,,,,,,,,,,,,,,,,,,,,,,,,,,,,
GWHDPK,root,,,,,,,,,,,,,,,,,,,,,,,,,,,,
LQDGFK,root,,,,,,,,,,,,,,,,,,,,,,,,,,,,
LVATHK,root,,,,,,,,,,,,,,,,,,,,,,,,,,,,
MAVAPANK,Novosphingobium,Bacteria,,,,Proteobacteria,,,Alphaproteobacteria,,,,Sphingomonadales,,,,,Sphingomonadaceae,,,,Novosphingobium,,,,,,,
MPCDR,root,,,,,,,,,,,,,,,,,,,,,,,,,,,,
NNGTK,root,,,,,,,,,,,,,,,,,,,,,,,,,,,,
NTNAK,root,,,,,,,,,,,,,,,,,,,,,,,,,,,,
QLVGEPK,Bacteroidetes,Bacteria,,,,Bacteroidetes,,,,,,,,,,,,,,,,,,,,,,,
VDLPR,root,,,,,,,,,,,,,,,,,,,,,,,,,,,,
VQGNMMR,Holdemania filiformis,Bacteria,,,,Firmicutes,,,Erysipelotrichia,,,,Erysipelotrichales,,,,,Erysipelotrichaceae,,,,Holdemania,,,,Holdemania filiformis,,,
YNDYR,root,,,,,,,,,,,,,,,,,,,,,,,,,,,,
YNETQR,root,,,,,,,,,,,,,,,,,,,,,,,,,,,,
AGHSR,root,,,,,,,,,,,,,,,,,,,,,,,,,,,,
ALGYK,root,,,,,,,,,,,,,,,,,,,,,,,,,,,,
ATPQNK,root,,,,,,,,,,,,,,,,,,,,,,,,,,,,
CATLSSR,root,,,,,,,,,,,,,,,,,,,,,,,,,,,,
DWFYK,root,,,,,,,,,,,,,,,,,,,,,,,,,,,,
EEMFVLR,Afipia clevelandensis,Bacteria,,,,Proteobacteria,,,Alphaproteobacteria,,,,Rhizobiales,,,,,Bradyrhizobiaceae,,,,Afipia,,,,Afipia clevelandensis,,,
FEGHLK,root,,,,,,,,,,,,,,,,,,,,,,,,,,,,
FNELK,root,,,,,,,,,,,,,,,,,,,,,,,,,,,,
FVTMR,root,,,,,,,,,,,,,,,,,,,,,,,,,,,,
FYELLPK,root,,,,,,,,,,,,,,,,,,,,,,,,,,,,
GAFHR,root,,,,,,,,,,,,,,,,,,,,,,,,,,,,
GCVADPR,Bacteria,Bacteria,,,,,,,,,,,,,,,,,,,,,,,,,,,
GNAPK,root,,,,,,,,,,,,,,,,,,,,,,,,,,,,
GNLVTLR,root,,,,,,,,,,,,,,,,,,,,,,,,,,,,
HDDFPK,root,,,,,,,,,,,,,,,,,,,,,,,,,,,,
HFENLPK,root,,,,,,,,,,,,,,,,,,,,,,,,,,,,
HQVTTK,root,,,,,,,,,,,,,,,,,,,,,,,,,,,,
KPGNSR,root,,,,,,,,,,,,,,,,,,,,,,,,,,,,
LATGNK,root,,,,,,,,,,,,,,,,,,,,,,,,,,,,
LGAAK,root,,,,,,,,,,,,,,,,,,,,,,,,,,,,
LNFEK,root,,,,,,,,,,,,,,,,,,,,,,,,,,,,
LTNNAR,root,,,,,,,,,,,,,,,,,,,,,,,,,,,,
MGPYLLR,Bacteria,Bacteria,,,,,,,,,,,,,,,,,,,,,,,,,,,
MPHHK,root,,,,,,,,,,,,,,,,,,,,,,,,,,,,
MYSNR,root,,,,,,,,,,,,,,,,,,,,,,,,,,,,
MYVMMK,Niabella ginsenosidivorans,Bacteria,,,,Bacteroidetes,,,Chitinophagia,,,,Chitinophagales,,,,,Chitinophagaceae,,,,Niabella,,,,Niabella ginsenosidivorans,,,
NHSLLPK,root,,,,,,,,,,,,,,,,,,,,,,,,,,,,
QPLGLAR,root,,,,,,,,,,,,,,,,,,,,,,,,,,,,
SCEYK,root,,,,,,,,,,,,,,,,,,,,,,,,,,,,
STVFK,root,,,,,,,,,,,,,,,,,,,,,,,,,,,,
VASPDK,root,,,,,,,,,,,,,,,,,,,,,,,,,,,,
VCQAPK,Eukaryota,Eukaryota,,,,,,,,,,,,,,,,,,,,,,,,,,,
VEHHR,root,,,,,,,,,,,,,,,,,,,,,,,,,,,,
VSCLHTK,Bacteroides fragilis,Bacteria,,,,Bacteroidetes,,,Bacteroidia,,,,Bacteroidales,,,,,Bacteroidaceae,,,,Bacteroides,,,,Bacteroides fragilis,,,
WELLVK,root,,,,,,,,,,,,,,,,,,,,,,,,,,,,
YELALPR,root,,,,,,,,,,,,,,,,,,,,,,,,,,,,
YSMGHR,Phascolarctobacterium,Bacteria,,,,Firmicutes,,,Negativicutes,,,,Acidaminococcales,,,,,Acidaminococcaceae,,,,Phascolarctobacterium,,,,,,,
ALWDK,root,,,,,,,,,,,,,,,,,,,,,,,,,,,,
DTGNHR,root,,,,,,,,,,,,,,,,,,,,,,,,,,,,
EPFFPR,root,,,,,,,,,,,,,,,,,,,,,,,,,,,,
ESMTPR,root,,,,,,,,,,,,,,,,,,,,,,,,,,,,
FTKPPR,root,,,,,,,,,,,,,,,,,,,,,,,,,,,,
GLPDK,root,,,,,,,,,,,,,,,,,,,,,,,,,,,,
GTMPK,root,,,,,,,,,,,,,,,,,,,,,,,,,,,,
LLSLPMR,root,,,,,,,,,,,,,,,,,,,,,,,,,,,,
MAGEENK,Enterococcus faecium,Bacteria,,,,Firmicutes,,,Bacilli,,,,Lactobacillales,,,,,Enterococcaceae,,,,Enterococcus,,,,Enterococcus faecium,,,
MESLNNR,root,,,,,,,,,,,,,,,,,,,,,,,,,,,,
MSPMVR,root,,,,,,,,,,,,,,,,,,,,,,,,,,,,
NMSVK,root,,,,,,,,,,,,,,,,,,,,,,,,,,,,
NNDVHK,root,,,,,,,,,,,,,,,,,,,,,,,,,,,,
SGDLNFLK,Bacteria,Bacteria,,,,,,,,,,,,,,,,,,,,,,,,,,,
SQLWNHR,Eukaryota,Eukaryota,,,,,,,,,,,,,,,,,,,,,,,,,,,
THDLYFK,Ascomycota,Eukaryota,Fungi,Dikarya,,Ascomycota,,,,,,,,,,,,,,,,,,,,,,,
THGWR,root,,,,,,,,,,,,,,,,,,,,,,,,,,,,
TVEER,root,,,,,,,,,,,,,,,,,,,,,,,,,,,,
VELAAK,root,,,,,,,,,,,,,,,,,,,,,,,,,,,,
WCLLK,root,,,,,,,,,,,,,,,,,,,,,,,,,,,,
WSQDLLR,Drosophila willistoni,Eukaryota,Metazoa,,,Arthropoda,,Hexapoda,Insecta,Pterygota,Neoptera,,Diptera,Brachycera,Muscomorpha,,Ephydroidea,Drosophilidae,Drosophilinae,Drosophilini,,Drosophila,Sophophora,willistoni group,willistoni subgroup,Drosophila willistoni,,,
WTAER,root,,,,,,,,,,,,,,,,,,,,,,,,,,,,
YGDHK,root,,,,,,,,,,,,,,,,,,,,,,,,,,,,
YYVTR,root,,,,,,,,,,,,,,,,,,,,,,,,,,,,
APGPMVK,Ciona savignyi,Eukaryota,Metazoa,,,Chordata,Tunicata,,Ascidiacea,,,,Enterogona,Phlebobranchia,,,,Cionidae,,,,Ciona,,,,Ciona savignyi,,,
APMAR,root,,,,,,,,,,,,,,,,,,,,,,,,,,,,
APVNK,root,,,,,,,,,,,,,,,,,,,,,,,,,,,,
AVHHLPR,Human immunodeficiency virus 1,Viruses,,,,,,,,,,,,,,,,Retroviridae,Orthoretrovirinae,,,Lentivirus,,,,Human immunodeficiency virus 1,,,
DFFSTHK,root,,,,,,,,,,,,,,,,,,,,,,,,,,,,
DQGHR,root,,,,,,,,,,,,,,,,,,,,,,,,,,,,
DSNADPR,Pichia kudriavzevii,Eukaryota,Fungi,Dikarya,,Ascomycota,Saccharomycotina,,Saccharomycetes,,,,Saccharomycetales,,,,,Pichiaceae,,,,Pichia,,,,Pichia kudriavzevii,,,
EPGLGLGHR,Betaproteobacteria,Bacteria,,,,Proteobacteria,,,Betaproteobacteria,,,,,,,,,,,,,,,,,,,,
FQSPPLK,Paramecium tetraurelia,Eukaryota,,,,,Intramacronucleata,,Oligohymenophorea,,,,Peniculida,,,,,Parameciidae,,,,Paramecium,,,,Paramecium tetraurelia,,,
GNMSVPK,Bacteria,Bacteria,,,,,,,,,,,,,,,,,,,,,,,,,,,
GVLNSR,root,,,,,,,,,,,,,,,,,,,,,,,,,,,,
HATGHR,root,,,,,,,,,,,,,,,,,,,,,,,,,,,,
LEGDDLK,root,,,,,,,,,,,,,,,,,,,,,,,,,,,,
LLPMVPDR,Bacteria,Bacteria,,,,,,,,,,,,,,,,,,,,,,,,,,,
LWGMPR,root,,,,,,,,,,,,,,,,,,,,,,,,,,,,
MCATTK,root,,,,,,,,,,,,,,,,,,,,,,,,,,,,
MFHSGHR,Archaea,Archaea,,,,,,,,,,,,,,,,,,,,,,,,,,,
MLGPPR,root,,,,,,,,,,,,,,,,,,,,,,,,,,,,
MLGSHK,root,,,,,,,,,,,,,,,,,,,,,,,,,,,,
MLPAK,root,,,,,,,,,,,,,,,,,,,,,,,,,,,,
MNEPSR,root,,,,,,,,,,,,,,,,,,,,,,,,,,,,
MQLPPR,root,,,,,,,,,,,,,,,,,,,,,,,,,,,,
NELLR,root,,,,,,,,,,,,,,,,,,,,,,,,,,,,
NSCHK,root,,,,,,,,,,,,,,,,,,,,,,,,,,,,
QLEHAGFR,Mycobacterium malmoense,Bacteria,,,,Actinobacteria,,,Actinobacteria,,,,Corynebacteriales,,,,,Mycobacteriaceae,,,,Mycobacterium,,,,Mycobacterium malmoense,,,
QNSTAK,root,,,,,,,,,,,,,,,,,,,,,,,,,,,,
SMSDNVR,root,,,,,,,,,,,,,,,,,,,,,,,,,,,,
VCGASGR,Acidobacteria,Bacteria,,,,Acidobacteria,,,,,,,,,,,,,,,,,,,,,,,
VDSEVPR,root,,,,,,,,,,,,,,,,,,,,,,,,,,,,
VYAELR,root,,,,,,,,,,,,,,,,,,,,,,,,,,,,
WDLPR,root,,,,,,,,,,,,,,,,,,,,,,,,,,,,
WEAPR,root,,,,,,,,,,,,,,,,,,,,,,,,,,,,
WSDTTLR,Starkeya novella,Bacteria,,,,Proteobacteria,,,Alphaproteobacteria,,,,Rhizobiales,,,,,Xanthobacteraceae,,,,Starkeya,,,,Starkeya novella,,,
WYYGYR,root,,,,,,,,,,,,,,,,,,,,,,,,,,,,
AAQTMR,root,,,,,,,,,,,,,,,,,,,,,,,,,,,,
AAYPK,root,,,,,,,,,,,,,,,,,,,,,,,,,,,,
ADLPK,root,,,,,,,,,,,,,,,,,,,,,,,,,,,,
AHLLDPPR,Bacteria,Bacteria,,,,,,,,,,,,,,,,,,,,,,,,,,,
CGLVVLR,root,,,,,,,,,,,,,,,,,,,,,,,,,,,,
EVESHK,root,,,,,,,,,,,,,,,,,,,,,,,,,,,,
EVNMK,root,,,,,,,,,,,,,,,,,,,,,,,,,,,,
FPTAVFR,Halococcus saccharolyticus,Archaea,,,,Euryarchaeota,,,Halobacteria,,,,Halobacteriales,,,,,Halococcaceae,,,,Halococcus,,,,Halococcus saccharolyticus,,,
GPMGCR,root,,,,,,,,,,,,,,,,,,,,,,,,,,,,
LDVCNK,root,,,,,,,,,,,,,,,,,,,,,,,,,,,,
LEPDK,root,,,,,,,,,,,,,,,,,,,,,,,,,,,,
LTSANK,root,,,,,,,,,,,,,,,,,,,,,,,,,,,,
MMHLMK,root,,,,,,,,,,,,,,,,,,,,,,,,,,,,
MSFSTK,root,,,,,,,,,,,,,,,,,,,,,,,,,,,,
MVLAER,root,,,,,,,,,,,,,,,,,,,,,,,,,,,,
NFAEK,root,,,,,,,,,,,,,,,,,,,,,,,,,,,,
NLFPEYK,root,,,,,,,,,,,,,,,,,,,,,,,,,,,,
NVHQR,root,,,,,,,,,,,,,,,,,,,,,,,,,,,,
NYCSPLK,Bacteria,Bacteria,,,,,,,,,,,,,,,,,,,,,,,,,,,
QPSGNR,root,,,,,,,,,,,,,,,,,,,,,,,,,,,,
SPTCLCR,Pteropus alecto,Eukaryota,Metazoa,,,Chordata,Craniata,,Mammalia,,,Laurasiatheria,Chiroptera,Megachiroptera,,,,Pteropodidae,Pteropodinae,,,Pteropus,,,,Pteropus alecto,,,
TAEPSAK,root,,,,,,,,,,,,,,,,,,,,,,,,,,,,
TPAMR,root,,,,,,,,,,,,,,,,,,,,,,,,,,,,
TTGAGK,root,,,,,,,,,,,,,,,,,,,,,,,,,,,,
VPDPK,root,,,,,,,,,,,,,,,,,,,,,,,,,,,,
WDPHR,root,,,,,,,,,,,,,,,,,,,,,,,,,,,,
WPNNK,root,,,,,,,,,,,,,,,,,,,,,,,,,,,,
WSTGSR,root,,,,,,,,,,,,,,,,,,,,,,,,,,,,
