Protein Group,Protein ID,Protein Accession,Peptide,Unique,-10lgP,Mass,Length,ppm,m/z,z,RT,Area 332_T12_nodigest,Fraction,Scan,Source File,#Spec,#Spec 332_T12_nodigest,Start,End,PTM,AScore
8,1,gi|54036848,R.LPQVEGTGGDVQPSQDLVR.V,Y,33.29,1994.0068,19,1.5,665.6772,3,74.78,1.65E7,23,16298,2021015_Weissrot_332_T12_nodigest_EThcD_120min_2uL.raw,2,2,71,89,,
8,1,gi|54036848,K.VTDAEIAEVLAR.W,Y,28.69,1285.6877,12,1.2,429.5704,3,98.17,3.13E4,23,21699,2021015_Weissrot_332_T12_nodigest_EThcD_120min_2uL.raw,1,1,531,542,,
8,1,gi|54036848,R.VIGQNEAVDAVSNAIR.R,Y,24.97,1654.8638,16,2.1,552.6297,3,91.70,3.03E7,23,20187,2021015_Weissrot_332_T12_nodigest_EThcD_120min_2uL.raw,2,2,570,585,,
8,1,gi|54036848,K.AIDLIDEAASSIR.M,Y,22.94,1372.7197,13,2.2,458.5815,3,109.28,6.16E5,23,24333,2021015_Weissrot_332_T12_nodigest_EThcD_120min_2uL.raw,1,1,390,402,,
3,6,Thalassiosira_weissflogii_0201860448,L.GAQPPLGFF.D,N,20.32,932.4756,9,0.8,467.2455,2,121.74,9.68E5,23,27245,2021015_Weissrot_332_T12_nodigest_EThcD_120min_2uL.raw,3,3,42,50,,
3,6,Thalassiosira_weissflogii_0201860448,A.GVHLPGNIDYA.G,N,18.00,1154.5720,11,3.3,578.2952,2,83.78,1.85E7,23,18352,2021015_Weissrot_332_T12_nodigest_EThcD_120min_2uL.raw,2,2,91,101,,
3,6,Thalassiosira_weissflogii_0201860448,E.GEFVGDFRNGAL.D,Y,17.48,1280.6149,12,1.0,641.3154,2,91.45,5.38E5,23,20132,2021015_Weissrot_332_T12_nodigest_EThcD_120min_2uL.raw,1,1,246,257,,
3,6,Thalassiosira_weissflogii_0201860448,R.AGVHLPGNID.Y,N,17.42,991.5087,10,1.6,496.7624,2,71.12,7.46E6,23,15453,2021015_Weissrot_332_T12_nodigest_EThcD_120min_2uL.raw,1,1,90,99,,
3,6,Thalassiosira_weissflogii_0201860448,L.MVHEQL.G,N,16.91,755.3636,6,2.1,378.6899,2,41.84,2.36E7,23,8744,2021015_Weissrot_332_T12_nodigest_EThcD_120min_2uL.raw,1,1,291,296,,
3,6,Thalassiosira_weissflogii_0201860448,R.AGVHLPGNIDYA.G,N,16.85,1225.6091,12,2.0,613.8130,2,85.34,2.31E6,23,18713,2021015_Weissrot_332_T12_nodigest_EThcD_120min_2uL.raw,1,1,90,101,,
3,6,Thalassiosira_weissflogii_0201860448,A.GVHLPGNIDY.A,N,16.69,1083.5349,10,1.4,542.7755,2,85.00,8.93E6,23,18636,2021015_Weissrot_332_T12_nodigest_EThcD_120min_2uL.raw,2,2,91,100,,
3,6,Thalassiosira_weissflogii_0201860448,L.DFGWDKF.D,N,16.09,913.3970,7,1.4,457.7064,2,108.66,5.12E6,23,24178,2021015_Weissrot_332_T12_nodigest_EThcD_120min_2uL.raw,1,1,258,264,,
3,6,Thalassiosira_weissflogii_0201860448,F.VMKDVTGE.G,N,15.87,877.4215,8,1.4,439.7187,2,29.19,1.97E6,23,5727,2021015_Weissrot_332_T12_nodigest_EThcD_120min_2uL.raw,1,1,238,245,,
3,6,Thalassiosira_weissflogii_0201860448,E.FVGDFRNGAL.D,N,15.66,1094.5509,10,1.7,548.2836,2,83.92,1.75E6,23,18382,2021015_Weissrot_332_T12_nodigest_EThcD_120min_2uL.raw,1,1,248,257,,
3,6,Thalassiosira_weissflogii_0201860448,F.VGDFRNGAL.D,N,15.23,947.4824,9,1.3,474.7491,2,62.79,3E6,23,13538,2021015_Weissrot_332_T12_nodigest_EThcD_120min_2uL.raw,1,1,249,257,,
3,6,Thalassiosira_weissflogii_0201860448,D.FGWDKF.D,N,15.00,798.3701,6,1.7,400.1930,2,99.70,2.68E6,23,22065,2021015_Weissrot_332_T12_nodigest_EThcD_120min_2uL.raw,1,1,259,264,,
1,8,Thalassiosira_weissflogii_0203546162,L.GAQPPLGFF.D,N,20.32,932.4756,9,0.8,467.2455,2,121.74,9.68E5,23,27245,2021015_Weissrot_332_T12_nodigest_EThcD_120min_2uL.raw,3,3,38,46,,
1,8,Thalassiosira_weissflogii_0203546162,L.GYDPDLPIIGHL.Q,Y,18.98,1308.6714,12,3.6,655.3453,2,122.58,9E6,23,27437,2021015_Weissrot_332_T12_nodigest_EThcD_120min_2uL.raw,2,2,200,211,,
1,8,Thalassiosira_weissflogii_0203546162,F.GWDDFDEETKLQK.R,Y,18.44,1609.7260,13,1.7,537.5835,3,81.79,6.06E5,23,17888,2021015_Weissrot_332_T12_nodigest_EThcD_120min_2uL.raw,1,1,160,172,,
1,8,Thalassiosira_weissflogii_0203546162,F.VGDFRNGY.I,Y,18.18,926.4246,8,0.7,464.2199,2,50.88,3.05E6,23,10817,2021015_Weissrot_332_T12_nodigest_EThcD_120min_2uL.raw,1,1,149,156,,
1,8,Thalassiosira_weissflogii_0203546162,L.GYDPDLPIIGH.L,Y,17.67,1195.5873,11,3.5,598.8030,2,130.11,5.11E8,23,29125,2021015_Weissrot_332_T12_nodigest_EThcD_120min_2uL.raw,9,9,200,210,,
1,8,Thalassiosira_weissflogii_0203546162,P.LGYDPDLPIIGH.L,Y,17.34,1308.6714,12,1.7,655.3441,2,103.18,1.07E6,23,22889,2021015_Weissrot_332_T12_nodigest_EThcD_120min_2uL.raw,1,1,199,210,,
1,8,Thalassiosira_weissflogii_0203546162,L.MVHEEIIPL.G,Y,16.05,1079.5685,9,0.1,540.7916,2,99.87,5.02E7,23,22103,2021015_Weissrot_332_T12_nodigest_EThcD_120min_2uL.raw,1,1,191,199,,
1,8,Thalassiosira_weissflogii_0203546162,L.M(+15.99)VHEEIIPL.G,Y,15.83,1095.5634,9,1.6,548.7899,2,93.15,7.64E6,23,20531,2021015_Weissrot_332_T12_nodigest_EThcD_120min_2uL.raw,1,1,191,199,Oxidation (M),M1:Oxidation (M):1000.00
1,8,Thalassiosira_weissflogii_0203546162,L.GLMVHEE.I,Y,15.57,813.3691,7,1.2,407.6923,2,42.76,1.22E6,23,8965,2021015_Weissrot_332_T12_nodigest_EThcD_120min_2uL.raw,1,1,189,195,,
1,8,Thalassiosira_weissflogii_0203546162,L.MVHEEIIP.L,Y,15.42,966.4844,8,1.9,484.2504,2,74.18,9.81E6,23,16155,2021015_Weissrot_332_T12_nodigest_EThcD_120min_2uL.raw,1,1,191,198,,
1,8,Thalassiosira_weissflogii_0203546162,G.YDPDLPIIGH.L,Y,15.13,1138.5658,10,1.4,570.2910,2,91.87,3.02E7,23,20226,2021015_Weissrot_332_T12_nodigest_EThcD_120min_2uL.raw,1,1,201,210,,
1,9,Thalassiosira_weissflogii_0203258860,L.GAQPPLGFF.D,N,20.32,932.4756,9,0.8,467.2455,2,121.74,9.68E5,23,27245,2021015_Weissrot_332_T12_nodigest_EThcD_120min_2uL.raw,3,3,58,66,,
1,9,Thalassiosira_weissflogii_0203258860,L.GYDPDLPIIGHL.Q,Y,18.98,1308.6714,12,3.6,655.3453,2,122.58,9E6,23,27437,2021015_Weissrot_332_T12_nodigest_EThcD_120min_2uL.raw,2,2,220,231,,
1,9,Thalassiosira_weissflogii_0203258860,F.GWDDFDEETKLQK.R,Y,18.44,1609.7260,13,1.7,537.5835,3,81.79,6.06E5,23,17888,2021015_Weissrot_332_T12_nodigest_EThcD_120min_2uL.raw,1,1,180,192,,
1,9,Thalassiosira_weissflogii_0203258860,F.VGDFRNGY.I,Y,18.18,926.4246,8,0.7,464.2199,2,50.88,3.05E6,23,10817,2021015_Weissrot_332_T12_nodigest_EThcD_120min_2uL.raw,1,1,169,176,,
1,9,Thalassiosira_weissflogii_0203258860,L.GYDPDLPIIGH.L,Y,17.67,1195.5873,11,3.5,598.8030,2,130.11,5.11E8,23,29125,2021015_Weissrot_332_T12_nodigest_EThcD_120min_2uL.raw,9,9,220,230,,
1,9,Thalassiosira_weissflogii_0203258860,P.LGYDPDLPIIGH.L,Y,17.34,1308.6714,12,1.7,655.3441,2,103.18,1.07E6,23,22889,2021015_Weissrot_332_T12_nodigest_EThcD_120min_2uL.raw,1,1,219,230,,
1,9,Thalassiosira_weissflogii_0203258860,L.MVHEEIIPL.G,Y,16.05,1079.5685,9,0.1,540.7916,2,99.87,5.02E7,23,22103,2021015_Weissrot_332_T12_nodigest_EThcD_120min_2uL.raw,1,1,211,219,,
1,9,Thalassiosira_weissflogii_0203258860,L.M(+15.99)VHEEIIPL.G,Y,15.83,1095.5634,9,1.6,548.7899,2,93.15,7.64E6,23,20531,2021015_Weissrot_332_T12_nodigest_EThcD_120min_2uL.raw,1,1,211,219,Oxidation (M),M1:Oxidation (M):1000.00
1,9,Thalassiosira_weissflogii_0203258860,L.GLMVHEE.I,Y,15.57,813.3691,7,1.2,407.6923,2,42.76,1.22E6,23,8965,2021015_Weissrot_332_T12_nodigest_EThcD_120min_2uL.raw,1,1,209,215,,
1,9,Thalassiosira_weissflogii_0203258860,L.MVHEEIIP.L,Y,15.42,966.4844,8,1.9,484.2504,2,74.18,9.81E6,23,16155,2021015_Weissrot_332_T12_nodigest_EThcD_120min_2uL.raw,1,1,211,218,,
1,9,Thalassiosira_weissflogii_0203258860,G.YDPDLPIIGH.L,Y,15.13,1138.5658,10,1.4,570.2910,2,91.87,3.02E7,23,20226,2021015_Weissrot_332_T12_nodigest_EThcD_120min_2uL.raw,1,1,221,230,,
1,7,Thalassiosira_weissflogii_0203319814,L.GAQPPLGFF.D,N,20.32,932.4756,9,0.8,467.2455,2,121.74,9.68E5,23,27245,2021015_Weissrot_332_T12_nodigest_EThcD_120min_2uL.raw,3,3,37,45,,
1,7,Thalassiosira_weissflogii_0203319814,L.GYDPDLPIIGHL.Q,Y,18.98,1308.6714,12,3.6,655.3453,2,122.58,9E6,23,27437,2021015_Weissrot_332_T12_nodigest_EThcD_120min_2uL.raw,2,2,228,239,,
1,7,Thalassiosira_weissflogii_0203319814,F.GWDDFDEETKLQK.R,Y,18.44,1609.7260,13,1.7,537.5835,3,81.79,6.06E5,23,17888,2021015_Weissrot_332_T12_nodigest_EThcD_120min_2uL.raw,1,1,188,200,,
1,7,Thalassiosira_weissflogii_0203319814,F.VGDFRNGY.I,Y,18.18,926.4246,8,0.7,464.2199,2,50.88,3.05E6,23,10817,2021015_Weissrot_332_T12_nodigest_EThcD_120min_2uL.raw,1,1,148,155,,
1,7,Thalassiosira_weissflogii_0203319814,L.GYDPDLPIIGH.L,Y,17.67,1195.5873,11,3.5,598.8030,2,130.11,5.11E8,23,29125,2021015_Weissrot_332_T12_nodigest_EThcD_120min_2uL.raw,9,9,228,238,,
1,7,Thalassiosira_weissflogii_0203319814,P.LGYDPDLPIIGH.L,Y,17.34,1308.6714,12,1.7,655.3441,2,103.18,1.07E6,23,22889,2021015_Weissrot_332_T12_nodigest_EThcD_120min_2uL.raw,1,1,227,238,,
1,7,Thalassiosira_weissflogii_0203319814,L.MVHEEIIPL.G,Y,16.05,1079.5685,9,0.1,540.7916,2,99.87,5.02E7,23,22103,2021015_Weissrot_332_T12_nodigest_EThcD_120min_2uL.raw,1,1,219,227,,
1,7,Thalassiosira_weissflogii_0203319814,L.M(+15.99)VHEEIIPL.G,Y,15.83,1095.5634,9,1.6,548.7899,2,93.15,7.64E6,23,20531,2021015_Weissrot_332_T12_nodigest_EThcD_120min_2uL.raw,1,1,219,227,Oxidation (M),M1:Oxidation (M):1000.00
1,7,Thalassiosira_weissflogii_0203319814,L.GLMVHEE.I,Y,15.57,813.3691,7,1.2,407.6923,2,42.76,1.22E6,23,8965,2021015_Weissrot_332_T12_nodigest_EThcD_120min_2uL.raw,1,1,217,223,,
1,7,Thalassiosira_weissflogii_0203319814,L.MVHEEIIP.L,Y,15.42,966.4844,8,1.9,484.2504,2,74.18,9.81E6,23,16155,2021015_Weissrot_332_T12_nodigest_EThcD_120min_2uL.raw,1,1,219,226,,
1,7,Thalassiosira_weissflogii_0203319814,G.YDPDLPIIGH.L,Y,15.13,1138.5658,10,1.4,570.2910,2,91.87,3.02E7,23,20226,2021015_Weissrot_332_T12_nodigest_EThcD_120min_2uL.raw,1,1,229,238,,
1,12,Thalassiosira_weissflogii_0203628344,L.GAQPPLGFF.D,N,20.32,932.4756,9,0.8,467.2455,2,121.74,9.68E5,23,27245,2021015_Weissrot_332_T12_nodigest_EThcD_120min_2uL.raw,3,3,165,173,,
1,12,Thalassiosira_weissflogii_0203628344,L.GYDPDLPIIGHL.Q,Y,18.98,1308.6714,12,3.6,655.3453,2,122.58,9E6,23,27437,2021015_Weissrot_332_T12_nodigest_EThcD_120min_2uL.raw,2,2,327,338,,
1,12,Thalassiosira_weissflogii_0203628344,F.GWDDFDEETKLQK.R,Y,18.44,1609.7260,13,1.7,537.5835,3,81.79,6.06E5,23,17888,2021015_Weissrot_332_T12_nodigest_EThcD_120min_2uL.raw,1,1,287,299,,
1,12,Thalassiosira_weissflogii_0203628344,F.VGDFRNGY.I,Y,18.18,926.4246,8,0.7,464.2199,2,50.88,3.05E6,23,10817,2021015_Weissrot_332_T12_nodigest_EThcD_120min_2uL.raw,1,1,276,283,,
1,12,Thalassiosira_weissflogii_0203628344,L.GYDPDLPIIGH.L,Y,17.67,1195.5873,11,3.5,598.8030,2,130.11,5.11E8,23,29125,2021015_Weissrot_332_T12_nodigest_EThcD_120min_2uL.raw,9,9,327,337,,
1,12,Thalassiosira_weissflogii_0203628344,P.LGYDPDLPIIGH.L,Y,17.34,1308.6714,12,1.7,655.3441,2,103.18,1.07E6,23,22889,2021015_Weissrot_332_T12_nodigest_EThcD_120min_2uL.raw,1,1,326,337,,
1,12,Thalassiosira_weissflogii_0203628344,L.MVHEEIIPL.G,Y,16.05,1079.5685,9,0.1,540.7916,2,99.87,5.02E7,23,22103,2021015_Weissrot_332_T12_nodigest_EThcD_120min_2uL.raw,1,1,318,326,,
1,12,Thalassiosira_weissflogii_0203628344,L.M(+15.99)VHEEIIPL.G,Y,15.83,1095.5634,9,1.6,548.7899,2,93.15,7.64E6,23,20531,2021015_Weissrot_332_T12_nodigest_EThcD_120min_2uL.raw,1,1,318,326,Oxidation (M),M1:Oxidation (M):1000.00
1,12,Thalassiosira_weissflogii_0203628344,L.GLMVHEE.I,Y,15.57,813.3691,7,1.2,407.6923,2,42.76,1.22E6,23,8965,2021015_Weissrot_332_T12_nodigest_EThcD_120min_2uL.raw,1,1,316,322,,
1,12,Thalassiosira_weissflogii_0203628344,L.MVHEEIIP.L,Y,15.42,966.4844,8,1.9,484.2504,2,74.18,9.81E6,23,16155,2021015_Weissrot_332_T12_nodigest_EThcD_120min_2uL.raw,1,1,318,325,,
1,12,Thalassiosira_weissflogii_0203628344,G.YDPDLPIIGH.L,Y,15.13,1138.5658,10,1.4,570.2910,2,91.87,3.02E7,23,20226,2021015_Weissrot_332_T12_nodigest_EThcD_120min_2uL.raw,1,1,328,337,,
1,10,Thalassiosira_weissflogii_0201860518,L.GAQPPLGFF.D,N,20.32,932.4756,9,0.8,467.2455,2,121.74,9.68E5,23,27245,2021015_Weissrot_332_T12_nodigest_EThcD_120min_2uL.raw,3,3,37,45,,
1,10,Thalassiosira_weissflogii_0201860518,L.GYDPDLPIIGHL.Q,Y,18.98,1308.6714,12,3.6,655.3453,2,122.58,9E6,23,27437,2021015_Weissrot_332_T12_nodigest_EThcD_120min_2uL.raw,2,2,381,392,,
1,10,Thalassiosira_weissflogii_0201860518,F.GWDDFDEETKLQK.R,Y,18.44,1609.7260,13,1.7,537.5835,3,81.79,6.06E5,23,17888,2021015_Weissrot_332_T12_nodigest_EThcD_120min_2uL.raw,1,1,159,171,,
1,10,Thalassiosira_weissflogii_0201860518,F.VGDFRNGY.I,Y,18.18,926.4246,8,0.7,464.2199,2,50.88,3.05E6,23,10817,2021015_Weissrot_332_T12_nodigest_EThcD_120min_2uL.raw,1,1,148,155,,
1,10,Thalassiosira_weissflogii_0201860518,L.GYDPDLPIIGH.L,Y,17.67,1195.5873,11,3.5,598.8030,2,130.11,5.11E8,23,29125,2021015_Weissrot_332_T12_nodigest_EThcD_120min_2uL.raw,9,9,381,391,,
1,10,Thalassiosira_weissflogii_0201860518,P.LGYDPDLPIIGH.L,Y,17.34,1308.6714,12,1.7,655.3441,2,103.18,1.07E6,23,22889,2021015_Weissrot_332_T12_nodigest_EThcD_120min_2uL.raw,1,1,380,391,,
1,10,Thalassiosira_weissflogii_0201860518,L.MVHEEIIPL.G,Y,16.05,1079.5685,9,0.1,540.7916,2,99.87,5.02E7,23,22103,2021015_Weissrot_332_T12_nodigest_EThcD_120min_2uL.raw,1,1,372,380,,
1,10,Thalassiosira_weissflogii_0201860518,L.M(+15.99)VHEEIIPL.G,Y,15.83,1095.5634,9,1.6,548.7899,2,93.15,7.64E6,23,20531,2021015_Weissrot_332_T12_nodigest_EThcD_120min_2uL.raw,1,1,372,380,Oxidation (M),M1:Oxidation (M):1000.00
1,10,Thalassiosira_weissflogii_0201860518,L.GLMVHEE.I,Y,15.57,813.3691,7,1.2,407.6923,2,42.76,1.22E6,23,8965,2021015_Weissrot_332_T12_nodigest_EThcD_120min_2uL.raw,1,1,370,376,,
1,10,Thalassiosira_weissflogii_0201860518,L.MVHEEIIP.L,Y,15.42,966.4844,8,1.9,484.2504,2,74.18,9.81E6,23,16155,2021015_Weissrot_332_T12_nodigest_EThcD_120min_2uL.raw,1,1,372,379,,
1,10,Thalassiosira_weissflogii_0201860518,G.YDPDLPIIGH.L,Y,15.13,1138.5658,10,1.4,570.2910,2,91.87,3.02E7,23,20226,2021015_Weissrot_332_T12_nodigest_EThcD_120min_2uL.raw,1,1,382,391,,
1,11,Thalassiosira_weissflogii_0203473996,L.GAQPPLGFF.D,N,20.32,932.4756,9,0.8,467.2455,2,121.74,9.68E5,23,27245,2021015_Weissrot_332_T12_nodigest_EThcD_120min_2uL.raw,3,3,60,68,,
1,11,Thalassiosira_weissflogii_0203473996,L.GYDPDLPIIGHL.Q,Y,18.98,1308.6714,12,3.6,655.3453,2,122.58,9E6,23,27437,2021015_Weissrot_332_T12_nodigest_EThcD_120min_2uL.raw,2,2,419,430,,
1,11,Thalassiosira_weissflogii_0203473996,F.GWDDFDEETKLQK.R,Y,18.44,1609.7260,13,1.7,537.5835,3,81.79,6.06E5,23,17888,2021015_Weissrot_332_T12_nodigest_EThcD_120min_2uL.raw,1,1,379,391,,
1,11,Thalassiosira_weissflogii_0203473996,F.VGDFRNGY.I,Y,18.18,926.4246,8,0.7,464.2199,2,50.88,3.05E6,23,10817,2021015_Weissrot_332_T12_nodigest_EThcD_120min_2uL.raw,1,1,171,178,,
1,11,Thalassiosira_weissflogii_0203473996,L.GYDPDLPIIGH.L,Y,17.67,1195.5873,11,3.5,598.8030,2,130.11,5.11E8,23,29125,2021015_Weissrot_332_T12_nodigest_EThcD_120min_2uL.raw,9,9,419,429,,
1,11,Thalassiosira_weissflogii_0203473996,P.LGYDPDLPIIGH.L,Y,17.34,1308.6714,12,1.7,655.3441,2,103.18,1.07E6,23,22889,2021015_Weissrot_332_T12_nodigest_EThcD_120min_2uL.raw,1,1,418,429,,
1,11,Thalassiosira_weissflogii_0203473996,L.MVHEEIIPL.G,Y,16.05,1079.5685,9,0.1,540.7916,2,99.87,5.02E7,23,22103,2021015_Weissrot_332_T12_nodigest_EThcD_120min_2uL.raw,1,1,410,418,,
1,11,Thalassiosira_weissflogii_0203473996,L.M(+15.99)VHEEIIPL.G,Y,15.83,1095.5634,9,1.6,548.7899,2,93.15,7.64E6,23,20531,2021015_Weissrot_332_T12_nodigest_EThcD_120min_2uL.raw,1,1,410,418,Oxidation (M),M1:Oxidation (M):1000.00
1,11,Thalassiosira_weissflogii_0203473996,L.GLMVHEE.I,Y,15.57,813.3691,7,1.2,407.6923,2,42.76,1.22E6,23,8965,2021015_Weissrot_332_T12_nodigest_EThcD_120min_2uL.raw,1,1,408,414,,
1,11,Thalassiosira_weissflogii_0203473996,L.MVHEEIIP.L,Y,15.42,966.4844,8,1.9,484.2504,2,74.18,9.81E6,23,16155,2021015_Weissrot_332_T12_nodigest_EThcD_120min_2uL.raw,1,1,410,417,,
1,11,Thalassiosira_weissflogii_0203473996,G.YDPDLPIIGH.L,Y,15.13,1138.5658,10,1.4,570.2910,2,91.87,3.02E7,23,20226,2021015_Weissrot_332_T12_nodigest_EThcD_120min_2uL.raw,1,1,420,429,,
9,19,tr|A0A089VKF6|A0A089VKF6_THAWE,N.NPAKGGLF.R,Y,20.61,802.4337,8,1.4,402.2247,2,61.01,4.76E6,23,13133,2021015_Weissrot_332_T12_nodigest_EThcD_120min_2uL.raw,1,1,318,325,,
9,19,tr|A0A089VKF6|A0A089VKF6_THAWE,D.YIGNNPAKGGL.F,Y,17.44,1102.5770,11,2.2,552.2970,2,52.71,3.91E5,23,11240,2021015_Weissrot_332_T12_nodigest_EThcD_120min_2uL.raw,1,1,314,324,,
9,19,tr|A0A089VKF6|A0A089VKF6_THAWE,T.VVLNDPGRLIS.V,Y,17.11,1181.6768,11,1.2,591.8464,2,80.47,4.9E5,23,17586,2021015_Weissrot_332_T12_nodigest_EThcD_120min_2uL.raw,1,1,11,21,,
9,19,tr|A0A089VKF6|A0A089VKF6_THAWE,R.DKEGRELT.V,Y,16.69,946.4719,8,2.9,474.2446,2,20.63,1.77E6,23,3566,2021015_Weissrot_332_T12_nodigest_EThcD_120min_2uL.raw,1,1,348,355,,
9,19,tr|A0A089VKF6|A0A089VKF6_THAWE,G.NNPAKGGLF.R,Y,15.71,916.4766,9,2.1,459.2466,2,62.16,1.62E6,23,13397,2021015_Weissrot_332_T12_nodigest_EThcD_120min_2uL.raw,1,1,317,325,,
9,20,Thalassiosira_weissflogii_0203103378,N.NPAKGGLF.R,Y,20.61,802.4337,8,1.4,402.2247,2,61.01,4.76E6,23,13133,2021015_Weissrot_332_T12_nodigest_EThcD_120min_2uL.raw,1,1,318,325,,
9,20,Thalassiosira_weissflogii_0203103378,D.YIGNNPAKGGL.F,Y,17.44,1102.5770,11,2.2,552.2970,2,52.71,3.91E5,23,11240,2021015_Weissrot_332_T12_nodigest_EThcD_120min_2uL.raw,1,1,314,324,,
9,20,Thalassiosira_weissflogii_0203103378,T.VVLNDPGRLIS.V,Y,17.11,1181.6768,11,1.2,591.8464,2,80.47,4.9E5,23,17586,2021015_Weissrot_332_T12_nodigest_EThcD_120min_2uL.raw,1,1,11,21,,
9,20,Thalassiosira_weissflogii_0203103378,R.DKEGRELT.V,Y,16.69,946.4719,8,2.9,474.2446,2,20.63,1.77E6,23,3566,2021015_Weissrot_332_T12_nodigest_EThcD_120min_2uL.raw,1,1,348,355,,
9,20,Thalassiosira_weissflogii_0203103378,G.NNPAKGGLF.R,Y,15.71,916.4766,9,2.1,459.2466,2,62.16,1.62E6,23,13397,2021015_Weissrot_332_T12_nodigest_EThcD_120min_2uL.raw,1,1,317,325,,
6,18,Thalassiosira_weissflogii_0203172898,L.GAQPPLGFF.D,N,20.32,932.4756,9,0.8,467.2455,2,121.74,9.68E5,23,27245,2021015_Weissrot_332_T12_nodigest_EThcD_120min_2uL.raw,3,3,37,45,,
6,18,Thalassiosira_weissflogii_0203172898,A.GIHLPGNIDTA.G,Y,18.39,1106.5720,11,0.7,554.2937,2,81.34,3.57E6,23,17787,2021015_Weissrot_332_T12_nodigest_EThcD_120min_2uL.raw,2,2,86,96,,
6,18,Thalassiosira_weissflogii_0203172898,D.KFDEETKL.K,Y,16.53,1008.5128,8,0.9,505.2641,2,47.81,9.05E5,23,10121,2021015_Weissrot_332_T12_nodigest_EThcD_120min_2uL.raw,1,1,160,167,,
6,18,Thalassiosira_weissflogii_0203172898,I.DFGWDKF.D,N,16.09,913.3970,7,1.4,457.7064,2,108.66,5.12E6,23,24178,2021015_Weissrot_332_T12_nodigest_EThcD_120min_2uL.raw,1,1,155,161,,
6,18,Thalassiosira_weissflogii_0203172898,D.FGWDKF.D,N,15.00,798.3701,6,1.7,400.1930,2,99.70,2.68E6,23,22065,2021015_Weissrot_332_T12_nodigest_EThcD_120min_2uL.raw,1,1,156,161,,
7,17,Thalassiosira_weissflogii_0203264230,L.GVM(+15.99)KDVTGE.A,N,17.79,950.4379,9,1.4,476.2269,2,24.52,3.13E5,23,4561,2021015_Weissrot_332_T12_nodigest_EThcD_120min_2uL.raw,1,1,24,32,Oxidation (M),M3:Oxidation (M):1000.00
7,17,Thalassiosira_weissflogii_0203264230,L.GVMKDVTGE.A,N,17.17,934.4430,9,1.5,468.2295,2,46.33,1.73E6,23,9783,2021015_Weissrot_332_T12_nodigest_EThcD_120min_2uL.raw,1,1,24,32,,
7,17,Thalassiosira_weissflogii_0203264230,L.MVHEQL.G,N,16.91,755.3636,6,2.1,378.6899,2,41.84,2.36E7,23,8744,2021015_Weissrot_332_T12_nodigest_EThcD_120min_2uL.raw,1,1,78,83,,
7,17,Thalassiosira_weissflogii_0203264230,L.GGELPIVGQM,Y,16.57,999.5059,10,1.1,500.7608,2,106.01,3.94E6,23,23554,2021015_Weissrot_332_T12_nodigest_EThcD_120min_2uL.raw,1,1,84,93,,
7,17,Thalassiosira_weissflogii_0203264230,G.VMKDVTGE.A,N,15.87,877.4215,8,1.4,439.7187,2,29.19,1.97E6,23,5727,2021015_Weissrot_332_T12_nodigest_EThcD_120min_2uL.raw,1,1,25,32,,
7,17,Thalassiosira_weissflogii_0203264230,E.FVGDFRNGAL.D,N,15.66,1094.5509,10,1.7,548.2836,2,83.92,1.75E6,23,18382,2021015_Weissrot_332_T12_nodigest_EThcD_120min_2uL.raw,1,1,35,44,,
7,17,Thalassiosira_weissflogii_0203264230,F.VGDFRNGAL.D,N,15.23,947.4824,9,1.3,474.7491,2,62.79,3E6,23,13538,2021015_Weissrot_332_T12_nodigest_EThcD_120min_2uL.raw,1,1,36,44,,
13,344,Thalassiosira_weissflogii_0201806284,F.SLEDIAKVLPH.R,Y,20.36,1220.6764,11,2.4,407.9004,3,105.87,3.49E4,23,23521,2021015_Weissrot_332_T12_nodigest_EThcD_120min_2uL.raw,1,1,68,78,,
13,344,Thalassiosira_weissflogii_0201806284,L.VDKVVEY.E,Y,15.24,850.4436,7,2.3,426.2301,2,45.45,1.88E6,23,9583,2021015_Weissrot_332_T12_nodigest_EThcD_120min_2uL.raw,1,1,85,91,,
10,14,Thalassiosira_weissflogii_0171348692,Q.IGADGKPADL.N,Y,15.27,955.4974,10,2.2,478.7570,2,48.57,5.64E5,23,10289,2021015_Weissrot_332_T12_nodigest_EThcD_120min_2uL.raw,1,1,90,99,,
10,14,Thalassiosira_weissflogii_0171348692,L.NVGGILILPK.G,Y,15.15,1022.6488,10,0.9,512.3322,2,95.99,3.93E7,23,21188,2021015_Weissrot_332_T12_nodigest_EThcD_120min_2uL.raw,2,2,100,109,,
10,14,Thalassiosira_weissflogii_0171348692,N.SVFEVEIK.V,Y,15.03,949.5120,8,1.5,475.7640,2,84.73,7.61E5,23,18573,2021015_Weissrot_332_T12_nodigest_EThcD_120min_2uL.raw,1,1,73,80,,
10,15,tr|A0A089VIP5|A0A089VIP5_THAWE,Q.IGADGKPADL.N,Y,15.27,955.4974,10,2.2,478.7570,2,48.57,5.64E5,23,10289,2021015_Weissrot_332_T12_nodigest_EThcD_120min_2uL.raw,1,1,90,99,,
10,15,tr|A0A089VIP5|A0A089VIP5_THAWE,L.NVGGILILPK.G,Y,15.15,1022.6488,10,0.9,512.3322,2,95.99,3.93E7,23,21188,2021015_Weissrot_332_T12_nodigest_EThcD_120min_2uL.raw,2,2,100,109,,
10,15,tr|A0A089VIP5|A0A089VIP5_THAWE,N.SVFEVEIK.V,Y,15.03,949.5120,8,1.5,475.7640,2,84.73,7.61E5,23,18573,2021015_Weissrot_332_T12_nodigest_EThcD_120min_2uL.raw,1,1,73,80,,
11,31,tr|A0A089VIJ5|A0A089VIJ5_THAWE,F.AHGAIFF.V,Y,18.20,761.3860,7,0.8,381.7006,2,94.04,2.82E5,23,20740,2021015_Weissrot_332_T12_nodigest_EThcD_120min_2uL.raw,3,3,387,393,,
11,31,tr|A0A089VIJ5|A0A089VIJ5_THAWE,H.SIWDPHFGES.A,Y,16.15,1173.5090,10,1.5,587.7627,2,94.74,2.13E6,23,20898,2021015_Weissrot_332_T12_nodigest_EThcD_120min_2uL.raw,1,1,90,99,,
12,346,Thalassiosira_weissflogii_0201788838,F.GQDVKLPF.F,Y,15.83,902.4861,8,1.3,452.2509,2,92.04,1.05E6,23,20265,2021015_Weissrot_332_T12_nodigest_EThcD_120min_2uL.raw,2,2,98,105,,
12,346,Thalassiosira_weissflogii_0201788838,E.FDWRDAE.W,Y,15.72,937.3929,7,1.9,469.7046,2,75.45,5.53E5,23,16453,2021015_Weissrot_332_T12_nodigest_EThcD_120min_2uL.raw,1,1,260,266,,
