TermID, Name, Frequency, PlotX, PlotY, LogSize, Uniqueness, Dispensability, Representative, Eliminated,GO Slim TERMS
GO:0006276,plasmid maintenance,0.005,-3.232,7.453,3.052,0.991,0,-1, False,plasmid maintenance ; GO:0006276
GO:0009108,(obsolete) coenzyme biosynthetic process,0.13,-0.896,7.285,4.462,1,0,-1, False,(obsolete) coenzyme biosynthetic process ; GO:0009108
GO:0009405,(obsolete) pathogenesis,0.13,0.167,6.966,4.462,1,0,-1, False,(obsolete) pathogenesis ; GO:0009405
GO:0009847,spore germination,0.07,5.266,1.294,4.207,0.995,0,-1, False,spore germination ; GO:0009847
GO:0015976,carbon utilization,0.041,4.136,-5.584,3.969,1,0,-1, False,carbon utilization ; GO:0015976
GO:0046034,ATP metabolic process,1.38,4.703,-0.754,5.499,0.952,0,-1, False,ATP metabolic process ; GO:0046034
GO:0055114,(obsolete) oxidation-reduction process,0.13,5.533,0.526,4.462,1,0,-1, False,(obsolete) oxidation-reduction process ; GO:0055114
GO:0071722,detoxification of arsenic-containing substance,0.003,0.397,-7.573,2.839,0.963,0,-1, False,detoxification of arsenic-containing substance ; GO:0071722
GO:0071945,regulation of bacterial-type flagellum-dependent cell motility by regulation of motor speed,0.002,4.776,-2.387,2.575,0.98,0,-1, False,regulation of bacterial-type flagellum-dependent cell motility by regulation of motor speed ; GO:0071945
GO:0043335,protein unfolding,0.031,5.599,-1.618,3.849,0.99,0.005,-1, False,protein unfolding ; GO:0043335
GO:0044097,secretion by the type IV secretion system,0.015,2.083,4.074,3.524,0.951,0.006,-1, False,secretion by the type IV secretion system ; GO:0044097
GO:0019835,cytolysis,0.061,1.038,6.062,4.147,0.989,0.006,-1, False,cytolysis ; GO:0019835
GO:0043711,pilus organization,0.034,2.445,-6.098,3.889,0.949,0.006,-1, False,pilus organization ; GO:0043711
GO:0061077,chaperone-mediated protein folding,0.051,5.525,-0.93,4.07,0.986,0.007,-1, False,chaperone-mediated protein folding ; GO:0061077
GO:0007059,chromosome segregation,0.44,-1.699,7.429,5.002,0.987,0.008,-1, False,chromosome segregation ; GO:0007059
GO:0043093,FtsZ-dependent cytokinesis,0.133,5.657,-0.192,4.484,0.98,0.008,-1, False,FtsZ-dependent cytokinesis ; GO:0043093
GO:0007062,sister chromatid cohesion,0.112, null, null,4.406,0.934,0.703,43093, True,sister chromatid cohesion ; GO:0007062
GO:0090529,cell septum assembly,0.159, null, null,4.56,0.928,0.899,43093, True,cell septum assembly ; GO:0090529
GO:0032196,transposition,0.493,0.452,5.844,5.052,0.987,0.009,-1, False,transposition ; GO:0032196
GO:0007155,cell adhesion,0.54,-2.064,7.02,5.091,0.987,0.009,-1, False,cell adhesion ; GO:0007155
GO:0006457,protein folding,0.909,-1.373,7.056,5.317,0.987,0.01,-1, False,protein folding ; GO:0006457
GO:0051301,cell division,1.474,4.487,0.845,5.528,0.986,0.011,-1, False,cell division ; GO:0051301
GO:0007049,cell cycle,1.745,-2.351,7.433,5.601,0.986,0.012,-1, False,cell cycle ; GO:0007049
GO:0015977,carbon fixation,0.05,1.053,6.653,4.062,0.947,0.029,-1, False,carbon fixation ; GO:0015977
GO:0009399,nitrogen fixation,0.078,-0.345,7.133,4.253,0.922,0.031,-1, False,nitrogen fixation ; GO:0009399
GO:0042128,nitrate assimilation,0.075, null, null,4.234,0.77,0.843,9399, True,nitrate assimilation ; GO:0042128
GO:0042126,nitrate metabolic process,0.089, null, null,4.307,0.774,0.974,9399, True,nitrate metabolic process ; GO:0042126
GO:0015979,photosynthesis,0.221,0.53,6.658,4.704,0.929,0.034,-1, False,photosynthesis ; GO:0015979
GO:0042619,poly-hydroxybutyrate biosynthetic process,0.026,-0.914,1.088,3.776,0.878,0.034,-1, False,poly-hydroxybutyrate biosynthetic process ; GO:0042619
GO:0006044,N-acetylglucosamine metabolic process,0.061,-2.409,4.903,4.144,0.877,0.036,-1, False,N-acetylglucosamine metabolic process ; GO:0006044
GO:0019262,N-acetylneuraminate catabolic process,0.02, null, null,3.666,0.677,0.723,6044, True,N-acetylneuraminate catabolic process ; GO:0019262
GO:0019277,UDP-N-acetylgalactosamine biosynthetic process,0.04, null, null,3.961,0.694,0.755,6044, True,UDP-N-acetylgalactosamine biosynthetic process ; GO:0019277
GO:0070329,tRNA seleno-modification,0,-6.116,-6.687,0.602,0.861,0.037,-1, False,tRNA seleno-modification ; GO:0070329
GO:0019379,"sulfate assimilation, phosphoadenylyl sulfate reduction by phosphoadenylyl-sulfate reductase (thioredoxin)",0.024,1.396,-0.801,3.734,0.905,0.045,-1, False,"sulfate assimilation, phosphoadenylyl sulfate reduction by phosphoadenylyl-sulfate reductase (thioredoxin) ; GO:0019379"
GO:0019634,organic phosphonate metabolic process,0.037,-1.491,4.239,3.928,0.869,0.046,-1, False,organic phosphonate metabolic process ; GO:0019634
GO:0042744,hydrogen peroxide catabolic process,0.129,-4.135,6.454,4.47,0.853,0.05,-1, False,hydrogen peroxide catabolic process ; GO:0042744
GO:0006081,cellular aldehyde metabolic process,0.436,-3.772,7.479,4.999,0.922,0.056,-1, False,cellular aldehyde metabolic process ; GO:0006081
GO:0006730,one-carbon metabolic process,0.38,-7.947,3.089,4.938,0.796,0.059,-1, False,one-carbon metabolic process ; GO:0006730
GO:0022900,electron transport chain,1.919,-0.632,6.035,5.642,0.885,0.069,-1, False,electron transport chain ; GO:0022900
GO:0005976,polysaccharide metabolic process,1.153,-4.707,5.166,5.421,0.836,0.091,-1, False,polysaccharide metabolic process ; GO:0005976
GO:0042558,pteridine-containing compound metabolic process,0.547,-7.268,-4.983,5.097,0.817,0.113,-1, False,pteridine-containing compound metabolic process ; GO:0042558
GO:0042752,regulation of circadian rhythm,0.033,4.155,-4.352,3.872,0.977,0.128,-1, False,regulation of circadian rhythm ; GO:0042752
GO:0009403,toxin biosynthetic process,0.059,-1.249,0.32,4.132,0.86,0.134,-1, False,toxin biosynthetic process ; GO:0009403
GO:0019290,siderophore biosynthetic process,0.04, null, null,3.956,0.782,0.862,9403, True,siderophore biosynthetic process ; GO:0019290
GO:0010974,negative regulation of division septum assembly,0.005,4.682,-2.927,3.076,0.97,0.137,-1, False,negative regulation of division septum assembly ; GO:0010974
GO:0042173,regulation of sporulation resulting in formation of a cellular spore,0.018,3.918,-2.464,3.612,0.975,0.147,-1, False,regulation of sporulation resulting in formation of a cellular spore ; GO:0042173
GO:0019432,triglyceride biosynthetic process,0.035,-1.995,1.832,3.908,0.83,0.147,-1, False,triglyceride biosynthetic process ; GO:0019432
GO:0006650,glycerophospholipid metabolic process,0.664, null, null,5.181,0.793,0.756,19432, True,glycerophospholipid metabolic process ; GO:0006650
GO:0046854,phosphatidylinositol phosphate biosynthetic process,0.168, null, null,4.585,0.759,0.859,19432, True,phosphatidylinositol phosphate biosynthetic process ; GO:0046854
GO:0008654,phospholipid biosynthetic process,1.206, null, null,5.44,0.722,0.892,19432, True,phospholipid biosynthetic process ; GO:0008654
GO:0045017,glycerolipid biosynthetic process,0.57, null, null,5.115,0.792,0.962,19432, True,glycerolipid biosynthetic process ; GO:0045017
GO:0000820,regulation of glutamine family amino acid metabolic process,0.013,4.313,-3.902,3.481,0.97,0.148,-1, False,regulation of glutamine family amino acid metabolic process ; GO:0000820
GO:0045717,negative regulation of fatty acid biosynthetic process,0.007, null, null,3.196,0.966,0.815,820, True,negative regulation of fatty acid biosynthetic process ; GO:0045717
GO:0015772,oligosaccharide transport,0.011,3.742,3.224,3.394,0.948,0.15,-1, False,oligosaccharide transport ; GO:0015772
GO:0046944,protein carbamoylation,0.008,-4.362,-7.437,3.262,0.86,0.155,-1, False,protein carbamoylation ; GO:0046944
GO:0017000,antibiotic biosynthetic process,0.081,-1.643,0.69,4.269,0.856,0.155,-1, False,antibiotic biosynthetic process ; GO:0017000
GO:0030655,beta-lactam antibiotic catabolic process,0.009, null, null,3.317,0.73,0.828,17000, True,beta-lactam antibiotic catabolic process ; GO:0030655
GO:0043419,urea catabolic process,0.044, null, null,3.999,0.706,0.831,17000, True,urea catabolic process ; GO:0043419
GO:0051191,prosthetic group biosynthetic process,0.002,-2.069,-3.634,2.702,0.837,0.159,-1, False,prosthetic group biosynthetic process ; GO:0051191
GO:0006808,regulation of nitrogen utilization,0.074,4.689,-3.437,4.229,0.976,0.161,-1, False,regulation of nitrogen utilization ; GO:0006808
GO:0019428,allantoin biosynthetic process,0.008,-7.274,-3.173,3.242,0.786,0.162,-1, False,allantoin biosynthetic process ; GO:0019428
GO:0055072,iron ion homeostasis,0.14,3.3,-2.741,4.504,0.967,0.166,-1, False,iron ion homeostasis ; GO:0055072
GO:0001678,cellular glucose homeostasis,0.041, null, null,3.97,0.959,0.704,55072, True,cellular glucose homeostasis ; GO:0001678
GO:0045454,cell redox homeostasis,0.191, null, null,4.639,0.952,0.718,55072, True,cell redox homeostasis ; GO:0045454
GO:0071586,CAAX-box protein processing,0.112,-5.435,-6.345,4.407,0.826,0.197,-1, False,CAAX-box protein processing ; GO:0071586
GO:0009249,protein lipoylation,0.084, null, null,4.283,0.823,0.762,71586, True,protein lipoylation ; GO:0009249
GO:0043631,RNA polyadenylation,0.052,-6.688,-5.338,4.075,0.812,0.198,-1, False,RNA polyadenylation ; GO:0043631
GO:0006107,oxaloacetate metabolic process,0.017,-8.366,2.406,3.586,0.786,0.217,-1, False,oxaloacetate metabolic process ; GO:0006107
GO:0006282,regulation of DNA repair,0.066,4.138,-3.649,4.179,0.969,0.225,-1, False,regulation of DNA repair ; GO:0006282
GO:0051606,detection of stimulus,0.433,0.001,-7.341,4.996,0.956,0.225,-1, False,detection of stimulus ; GO:0051606
GO:0017003,protein-heme linkage,0.016,-4.58,-7.238,3.562,0.854,0.242,-1, False,protein-heme linkage ; GO:0017003
GO:0006168,adenine salvage,0.033,-7.217,-1.064,3.884,0.703,0.248,-1, False,adenine salvage ; GO:0006168
GO:0006206,pyrimidine nucleobase metabolic process,0.265, null, null,4.783,0.702,0.758,6168, True,pyrimidine nucleobase metabolic process ; GO:0006206
GO:0009113,purine nucleobase biosynthetic process,0.123, null, null,4.45,0.681,0.837,6168, True,purine nucleobase biosynthetic process ; GO:0009113
GO:0006207,'de novo' pyrimidine nucleobase biosynthetic process,0.183, null, null,4.621,0.676,0.866,6168, True,'de novo' pyrimidine nucleobase biosynthetic process ; GO:0006207
GO:0006275,regulation of DNA replication,0.106,3.854,-3.821,4.386,0.968,0.255,-1, False,regulation of DNA replication ; GO:0006275
GO:0006260,DNA replication,1.525,-4.326,-2.976,5.542,0.767,0.258,-1, False,DNA replication ; GO:0006260
GO:0009584,detection of visible light,0.024,-0.271,-7.867,3.748,0.95,0.259,-1, False,detection of visible light ; GO:0009584
GO:0006825,copper ion transport,0.07,2.877,4.628,4.207,0.947,0.261,-1, False,copper ion transport ; GO:0006825
GO:0006826,iron ion transport,0.262, null, null,4.778,0.942,0.797,6825, True,iron ion transport ; GO:0006826
GO:0006313,"transposition, DNA-mediated",0.413,-5.098,-5.077,4.975,0.771,0.261,-1, False,"transposition, DNA-mediated ; GO:0006313"
GO:0017013,protein flavinylation,0.032,-4.985,-7.006,3.86,0.847,0.262,-1, False,protein flavinylation ; GO:0017013
GO:0006797,polyphosphate metabolic process,0.044,-7.165,2.683,3.999,0.779,0.266,-1, False,polyphosphate metabolic process ; GO:0006797
GO:0018339,peptidyl-L-beta-methylthioaspartic acid biosynthetic process from peptidyl-aspartic acid,0.023,-4.785,-7.118,3.724,0.846,0.268,-1, False,peptidyl-L-beta-methylthioaspartic acid biosynthetic process from peptidyl-aspartic acid ; GO:0018339
GO:0018160,peptidyl-pyrromethane cofactor linkage,0.031, null, null,3.854,0.843,0.886,18339, True,peptidyl-pyrromethane cofactor linkage ; GO:0018160
GO:0006799,polyphosphate biosynthetic process,0.029,-6.286,1.961,3.817,0.762,0.274,-1, False,polyphosphate biosynthetic process ; GO:0006799
GO:0052547,regulation of peptidase activity,0.272,3.622,-3.38,4.794,0.964,0.279,-1, False,regulation of peptidase activity ; GO:0052547
GO:0043461,proton-transporting ATP synthase complex assembly,0.017,2.275,-6.242,3.591,0.943,0.288,-1, False,proton-transporting ATP synthase complex assembly ; GO:0043461
GO:0006066,alcohol metabolic process,0.591,-8.05,2.818,5.131,0.781,0.289,-1, False,alcohol metabolic process ; GO:0006066
GO:0008615,pyridoxine biosynthetic process,0.082, null, null,4.274,0.685,0.75,6066, True,pyridoxine biosynthetic process ; GO:0008615
GO:0006071,glycerol metabolic process,0.153, null, null,4.544,0.75,0.79,6066, True,glycerol metabolic process ; GO:0006071
GO:0046855,inositol phosphate dephosphorylation,0.112, null, null,4.41,0.667,0.822,6066, True,inositol phosphate dephosphorylation ; GO:0046855
GO:0046496,nicotinamide nucleotide metabolic process,0.357, null, null,4.912,0.678,0.829,6066, True,nicotinamide nucleotide metabolic process ; GO:0046496
GO:0042823,pyridoxal phosphate biosynthetic process,0.097, null, null,4.344,0.653,0.94,6066, True,pyridoxal phosphate biosynthetic process ; GO:0042823
GO:0009435,NAD biosynthetic process,0.261, null, null,4.776,0.648,0.968,6066, True,NAD biosynthetic process ; GO:0009435
GO:0071973,bacterial-type flagellum-dependent cell motility,0.284,2.425,4.551,4.813,0.942,0.291,-1, False,bacterial-type flagellum-dependent cell motility ; GO:0071973
GO:0006935,chemotaxis,0.544, null, null,5.094,0.93,0.831,71973, True,chemotaxis ; GO:0006935
GO:0097588,archaeal or bacterial-type flagellum-dependent cell motility,0.308, null, null,4.847,0.941,0.967,71973, True,archaeal or bacterial-type flagellum-dependent cell motility ; GO:0097588
GO:0015942,formate metabolic process,0.083,-7.894,2.55,4.278,0.769,0.294,-1, False,formate metabolic process ; GO:0015942
GO:0032784,"regulation of DNA-templated transcription, elongation",0.151,3.735,-3.643,4.537,0.966,0.296,-1, False,"regulation of DNA-templated transcription, elongation ; GO:0032784"
GO:0018298,protein-chromophore linkage,0.14,-5.029,-6.492,4.505,0.83,0.301,-1, False,protein-chromophore linkage ; GO:0018298
GO:0015734,taurine transport,0.002,3.645,3.851,2.601,0.945,0.31,-1, False,taurine transport ; GO:0015734
GO:0046416,D-amino acid metabolic process,0.092,-8.276,1.587,4.322,0.745,0.312,-1, False,D-amino acid metabolic process ; GO:0046416
GO:0046167,glycerol-3-phosphate biosynthetic process,0.03,-3.205,1.638,3.832,0.791,0.318,-1, False,glycerol-3-phosphate biosynthetic process ; GO:0046167
GO:0046168,glycerol-3-phosphate catabolic process,0.049, null, null,4.046,0.773,0.845,46167, True,glycerol-3-phosphate catabolic process ; GO:0046168
GO:0001123,transcription initiation from bacterial-type RNA polymerase promoter,0.051,-5.571,-3.588,4.068,0.735,0.332,-1, False,transcription initiation from bacterial-type RNA polymerase promoter ; GO:0001123
GO:0006979,response to oxidative stress,0.59,-0.577,-7.577,5.13,0.938,0.337,-1, False,response to oxidative stress ; GO:0006979
GO:0006323,DNA packaging,0.208,1.841,-6.112,4.678,0.935,0.339,-1, False,DNA packaging ; GO:0006323
GO:0006265,DNA topological change,0.254, null, null,4.764,0.744,0.73,6323, True,DNA topological change ; GO:0006265
GO:0046688,response to copper ion,0.022,0.236,-7.52,3.693,0.959,0.349,-1, False,response to copper ion ; GO:0046688
GO:0033014,tetrapyrrole biosynthetic process,0.863,-6.13,-2.914,5.295,0.714,0.358,-1, False,tetrapyrrole biosynthetic process ; GO:0033014
GO:0006780,uroporphyrinogen III biosynthetic process,0.028, null, null,3.805,0.702,0.723,33014, True,uroporphyrinogen III biosynthetic process ; GO:0006780
GO:0006784,heme A biosynthetic process,0.031, null, null,3.849,0.771,0.729,33014, True,heme A biosynthetic process ; GO:0006784
GO:0006782,protoporphyrinogen IX biosynthetic process,0.218, null, null,4.698,0.738,0.86,33014, True,protoporphyrinogen IX biosynthetic process ; GO:0006782
GO:0009236,cobalamin biosynthetic process,0.333, null, null,4.882,0.664,0.895,33014, True,cobalamin biosynthetic process ; GO:0009236
GO:0001522,pseudouridine synthesis,0.348,-5.84,-5.265,4.901,0.768,0.36,-1, False,pseudouridine synthesis ; GO:0001522
GO:0052865,1-deoxy-D-xylulose 5-phosphate biosynthetic process,0.036,-3.248,1.472,3.911,0.791,0.362,-1, False,1-deoxy-D-xylulose 5-phosphate biosynthetic process ; GO:0052865
GO:0006427,histidyl-tRNA aminoacylation,0.041,-6.313,-1.85,3.974,0.663,0.363,-1, False,histidyl-tRNA aminoacylation ; GO:0006427
GO:0045893,"positive regulation of transcription, DNA-templated",0.701,3.885,-3.483,5.205,0.962,0.364,-1, False,"positive regulation of transcription, DNA-templated ; GO:0045893"
GO:0015833,peptide transport,0.331,3.322,3.515,4.879,0.936,0.366,-1, False,peptide transport ; GO:0015833
GO:0009877,nodulation,0.001,5.225,1.459,2.243,0.995,0.389,-1, False,nodulation ; GO:0009877
GO:0006080,substituted mannan metabolic process,0.011,-5.085,6.445,3.402,0.875,0.39,-1, False,substituted mannan metabolic process ; GO:0006080
GO:0015871,choline transport,0.01,3.408,3.985,3.349,0.935,0.395,-1, False,choline transport ; GO:0015871
GO:1900753,doxorubicin transport,0.024, null, null,3.739,0.93,0.819,15871, True,doxorubicin transport ; GO:1900753
GO:0043215,daunorubicin transport,0.024, null, null,3.735,0.89,0.994,15871, True,daunorubicin transport ; GO:0043215
GO:0009190,cyclic nucleotide biosynthetic process,0.143,-5.773,-0.188,4.515,0.673,0.396,-1, False,cyclic nucleotide biosynthetic process ; GO:0009190
GO:0006171,cAMP biosynthetic process,0.031, null, null,3.856,0.681,0.881,9190, True,cAMP biosynthetic process ; GO:0006171
GO:0009231,riboflavin biosynthetic process,0.242,-6.578,-0.709,4.744,0.68,0.402,-1, False,riboflavin biosynthetic process ; GO:0009231
GO:0019299,rhamnose metabolic process,0.017,-6.449,4.163,3.585,0.798,0.403,-1, False,rhamnose metabolic process ; GO:0019299
GO:0000270,peptidoglycan metabolic process,0.997,-8.383,-3.618,5.358,0.785,0.408,-1, False,peptidoglycan metabolic process ; GO:0000270
GO:0009254,peptidoglycan turnover,0.054, null, null,4.088,0.827,0.746,270, True,peptidoglycan turnover ; GO:0009254
GO:0009253,peptidoglycan catabolic process,0.155, null, null,4.55,0.739,0.817,270, True,peptidoglycan catabolic process ; GO:0009253
GO:0006493,protein O-linked glycosylation,0.067,-4.999,-2.639,4.183,0.732,0.411,-1, False,protein O-linked glycosylation ; GO:0006493
GO:0019673,GDP-mannose metabolic process,0.072,-7.564,-0.38,4.217,0.723,0.414,-1, False,GDP-mannose metabolic process ; GO:0019673
GO:0006261,DNA-dependent DNA replication,0.556,-4.025,-3.003,5.104,0.78,0.416,-1, False,DNA-dependent DNA replication ; GO:0006261
GO:0046386,deoxyribose phosphate catabolic process,0.082,-3.556,4.323,4.271,0.767,0.418,-1, False,deoxyribose phosphate catabolic process ; GO:0046386
GO:0009146,purine nucleoside triphosphate catabolic process,0.05, null, null,4.056,0.627,0.715,46386, True,purine nucleoside triphosphate catabolic process ; GO:0009146
GO:0009166,nucleotide catabolic process,0.203, null, null,4.667,0.596,0.86,46386, True,nucleotide catabolic process ; GO:0009166
GO:0009264,deoxyribonucleotide catabolic process,0.112, null, null,4.409,0.601,0.914,46386, True,deoxyribonucleotide catabolic process ; GO:0009264
GO:0030632,D-alanine biosynthetic process,0.033,-7.523,0.971,3.882,0.718,0.426,-1, False,D-alanine biosynthetic process ; GO:0030632
GO:0034628,'de novo' NAD biosynthetic process from aspartate,0.001,-7.2,0.317,2.086,0.708,0.428,-1, False,'de novo' NAD biosynthetic process from aspartate ; GO:0034628
GO:0006547,histidine metabolic process,0.453,-8.005,1.439,5.015,0.723,0.434,-1, False,histidine metabolic process ; GO:0006547
GO:0019629,"propionate catabolic process, 2-methylcitrate cycle",0.014,-6.588,2.989,3.513,0.715,0.438,-1, False,"propionate catabolic process, 2-methylcitrate cycle ; GO:0019629"
GO:0006635,fatty acid beta-oxidation,0.099, null, null,4.354,0.678,0.85,19629, True,fatty acid beta-oxidation ; GO:0006635
GO:0009635,response to herbicide,0.004,-0.69,-7.847,2.992,0.951,0.446,-1, False,response to herbicide ; GO:0009635
GO:0043165,Gram-negative-bacterium-type cell outer membrane assembly,0.077,2.206,-6.001,4.245,0.932,0.446,-1, False,Gram-negative-bacterium-type cell outer membrane assembly ; GO:0043165
GO:0071555,cell wall organization,0.916, null, null,5.321,0.921,0.759,43165, True,cell wall organization ; GO:0071555
GO:0044038,cell wall macromolecule biosynthetic process,0.821, null, null,5.273,0.729,0.904,43165, True,cell wall macromolecule biosynthetic process ; GO:0044038
GO:0071709,membrane assembly,0.101, null, null,4.363,0.932,0.977,43165, True,membrane assembly ; GO:0071709
GO:0009252,peptidoglycan biosynthetic process,0.752, null, null,5.235,0.647,0.983,43165, True,peptidoglycan biosynthetic process ; GO:0009252
GO:0046677,response to antibiotic,0.215,0.034,-7.522,4.692,0.951,0.451,-1, False,response to antibiotic ; GO:0046677
GO:0006556,S-adenosylmethionine biosynthetic process,0.055,-8.799,-2.707,4.097,0.827,0.455,-1, False,S-adenosylmethionine biosynthetic process ; GO:0006556
GO:0015969,guanosine tetraphosphate metabolic process,0.064,-6.936,-0.245,4.166,0.7,0.458,-1, False,guanosine tetraphosphate metabolic process ; GO:0015969
GO:0015937,coenzyme A biosynthetic process,0.167, null, null,4.582,0.643,0.743,15969, True,coenzyme A biosynthetic process ; GO:0015937
GO:0006085,acetyl-CoA biosynthetic process,0.121, null, null,4.442,0.616,0.84,15969, True,acetyl-CoA biosynthetic process ; GO:0006085
GO:0006086,acetyl-CoA biosynthetic process from pyruvate,0.045, null, null,4.011,0.612,0.861,15969, True,acetyl-CoA biosynthetic process from pyruvate ; GO:0006086
GO:0016042,lipid catabolic process,0.536,-3.94,6.027,5.089,0.808,0.459,-1, False,lipid catabolic process ; GO:0016042
GO:0016998,cell wall macromolecule catabolic process,0.128,-1.003,-1.862,4.467,0.794,0.463,-1, False,cell wall macromolecule catabolic process ; GO:0016998
GO:0050992,dimethylallyl diphosphate biosynthetic process,0.049,-2.91,1.965,4.053,0.781,0.471,-1, False,dimethylallyl diphosphate biosynthetic process ; GO:0050992
GO:0033611,oxalate catabolic process,0.004,-6.842,3.44,2.953,0.757,0.473,-1, False,oxalate catabolic process ; GO:0033611
GO:0019551,glutamate catabolic process to 2-oxoglutarate,0.016, null, null,3.567,0.701,0.828,33611, True,glutamate catabolic process to 2-oxoglutarate ; GO:0019551
GO:0006306,DNA methylation,0.212,-5.007,-5.377,4.686,0.768,0.475,-1, False,DNA methylation ; GO:0006306
GO:0006307,DNA dealkylation involved in DNA repair,0.042, null, null,3.983,0.763,0.801,6306, True,DNA dealkylation involved in DNA repair ; GO:0006307
GO:0009307,DNA restriction-modification system,0.124, null, null,4.453,0.74,0.868,6306, True,DNA restriction-modification system ; GO:0009307
GO:0019932,second-messenger-mediated signaling,0.085,1.892,-4.842,4.291,0.925,0.477,-1, False,second-messenger-mediated signaling ; GO:0019932
GO:0019521,D-gluconate metabolic process,0.056,-6.924,3.193,4.105,0.734,0.479,-1, False,D-gluconate metabolic process ; GO:0019521
GO:0009691,cytokinin biosynthetic process,0.048,-1.415,-2.822,4.036,0.79,0.48,-1, False,cytokinin biosynthetic process ; GO:0009691
GO:0006596,polyamine biosynthetic process,0.122, null, null,4.447,0.78,0.715,9691, True,polyamine biosynthetic process ; GO:0006596
GO:0006614,SRP-dependent cotranslational protein targeting to membrane,0.143,3.517,3.519,4.516,0.921,0.48,-1, False,SRP-dependent cotranslational protein targeting to membrane ; GO:0006614
GO:0051205,protein insertion into membrane,0.103, null, null,4.372,0.89,0.834,6614, True,protein insertion into membrane ; GO:0051205
GO:0006529,asparagine biosynthetic process,0.073,-7.356,0.879,4.223,0.7,0.484,-1, False,asparagine biosynthetic process ; GO:0006529
GO:0009088,threonine biosynthetic process,0.179, null, null,4.611,0.681,0.712,6529, True,threonine biosynthetic process ; GO:0009088
GO:0009086,methionine biosynthetic process,0.353, null, null,4.906,0.64,0.805,6529, True,methionine biosynthetic process ; GO:0009086
GO:0006555,methionine metabolic process,0.377, null, null,4.936,0.687,0.888,6529, True,methionine metabolic process ; GO:0006555
GO:0001514,selenocysteine incorporation,0.017,-2.99,-2.903,3.584,0.748,0.488,-1, False,selenocysteine incorporation ; GO:0001514
GO:0009225,nucleotide-sugar metabolic process,0.45,-7.147,-0.417,5.012,0.687,0.49,-1, False,nucleotide-sugar metabolic process ; GO:0009225
GO:0006304,DNA modification,0.37,-5.118,-5.257,4.927,0.767,0.499,-1, False,DNA modification ; GO:0006304
GO:0009772,photosynthetic electron transport in photosystem II,0.013,-0.67,6.197,3.474,0.921,0.501,-1, False,photosynthetic electron transport in photosystem II ; GO:0009772
GO:0009099,valine biosynthetic process,0.177,-6.97,0.921,4.607,0.692,0.501,-1, False,valine biosynthetic process ; GO:0009099
GO:0009082,branched-chain amino acid biosynthetic process,0.439,-6.76,0.844,5.001,0.684,0.502,-1, False,branched-chain amino acid biosynthetic process ; GO:0009082
GO:0009097,isoleucine biosynthetic process,0.273, null, null,4.795,0.675,0.937,9082, True,isoleucine biosynthetic process ; GO:0009097
GO:0006814,sodium ion transport,0.354,2.907,4.431,4.908,0.942,0.505,-1, False,sodium ion transport ; GO:0006814
GO:0045892,"negative regulation of transcription, DNA-templated",0.665,4.052,-3.33,5.182,0.956,0.505,-1, False,"negative regulation of transcription, DNA-templated ; GO:0045892"
GO:0006817,phosphate ion transport,0.315,3.1,4.423,4.858,0.945,0.505,-1, False,phosphate ion transport ; GO:0006817
GO:0008643,carbohydrate transport,0.659,3.165,3.543,5.178,0.935,0.506,-1, False,carbohydrate transport ; GO:0008643
GO:0042254,ribosome biogenesis,1.659,1.97,-5.973,5.579,0.924,0.507,-1, False,ribosome biogenesis ; GO:0042254
GO:0006364,rRNA processing,1.104, null, null,5.402,0.702,0.906,42254, True,rRNA processing ; GO:0006364
GO:0006183,GTP biosynthetic process,0.05,-5.769,-0.318,4.058,0.67,0.507,-1, False,GTP biosynthetic process ; GO:0006183
GO:0015986,ATP synthesis coupled proton transport,0.435, null, null,4.998,0.563,0.811,6183, True,ATP synthesis coupled proton transport ; GO:0015986
GO:0006525,arginine metabolic process,0.39,-8.056,1.408,4.95,0.711,0.51,-1, False,arginine metabolic process ; GO:0006525
GO:0006541,glutamine metabolic process,0.652, null, null,5.173,0.699,0.805,6525, True,glutamine metabolic process ; GO:0006541
GO:0071793,bacillithiol biosynthetic process,0.01,-6.11,1.306,3.375,0.708,0.51,-1, False,bacillithiol biosynthetic process ; GO:0071793
GO:0009312,oligosaccharide biosynthetic process,0.283,-4.097,3.073,4.81,0.795,0.512,-1, False,oligosaccharide biosynthetic process ; GO:0009312
GO:0005992,trehalose biosynthetic process,0.069, null, null,4.196,0.8,0.849,9312, True,trehalose biosynthetic process ; GO:0005992
GO:0009245,lipid A biosynthetic process,0.163, null, null,4.572,0.695,0.909,9312, True,lipid A biosynthetic process ; GO:0009245
GO:0006449,regulation of translational termination,0.039,4.175,-3.135,3.951,0.963,0.518,-1, False,regulation of translational termination ; GO:0006449
GO:0031564,transcription antitermination,0.113, null, null,4.412,0.962,0.835,6449, True,transcription antitermination ; GO:0031564
GO:0006564,L-serine biosynthetic process,0.092,-7.236,0.921,4.325,0.696,0.518,-1, False,L-serine biosynthetic process ; GO:0006564
GO:0019464,glycine decarboxylation via glycine cleavage system,0.088, null, null,4.305,0.684,0.71,6564, True,glycine decarboxylation via glycine cleavage system ; GO:0019464
GO:0006535,cysteine biosynthetic process from serine,0.108, null, null,4.392,0.669,0.858,6564, True,cysteine biosynthetic process from serine ; GO:0006535
GO:0015753,D-xylose transmembrane transport,0.004,3.774,3.099,2.974,0.941,0.519,-1, False,D-xylose transmembrane transport ; GO:0015753
GO:0015757,galactose transmembrane transport,0.007, null, null,3.221,0.939,0.744,15753, True,galactose transmembrane transport ; GO:0015757
GO:0000302,response to reactive oxygen species,0.167,-0.303,-7.485,4.581,0.938,0.524,-1, False,response to reactive oxygen species ; GO:0000302
GO:0006354,"DNA-templated transcription, elongation",0.088,-5.485,-3.495,4.302,0.725,0.524,-1, False,"DNA-templated transcription, elongation ; GO:0006354"
GO:0052699,ergothioneine biosynthetic process,0.02,-6.524,0.317,3.661,0.7,0.531,-1, False,ergothioneine biosynthetic process ; GO:0052699
GO:0000716,"transcription-coupled nucleotide-excision repair, DNA damage recognition",0.031,-2.119,-5.682,3.857,0.746,0.532,-1, False,"transcription-coupled nucleotide-excision repair, DNA damage recognition ; GO:0000716"
GO:0015074,DNA integration,0.804,-5.242,-4.946,5.264,0.76,0.537,-1, False,DNA integration ; GO:0015074
GO:0009098,leucine biosynthetic process,0.193,-7.05,0.828,4.646,0.69,0.54,-1, False,leucine biosynthetic process ; GO:0009098
GO:0006097,glyoxylate cycle,0.056,-6.848,3.2,4.107,0.731,0.545,-1, False,glyoxylate cycle ; GO:0006097
GO:0006106,fumarate metabolic process,0.051,-8.256,2.306,4.07,0.771,0.548,-1, False,fumarate metabolic process ; GO:0006106
GO:0019301,rhamnose catabolic process,0.011,-5.966,3.991,3.416,0.753,0.552,-1, False,rhamnose catabolic process ; GO:0019301
GO:0019303,D-ribose catabolic process,0.034, null, null,3.89,0.737,0.749,19301, True,D-ribose catabolic process ; GO:0019303
GO:0006007,glucose catabolic process,0.029, null, null,3.826,0.738,0.852,19301, True,glucose catabolic process ; GO:0006007
GO:0043571,maintenance of CRISPR repeat elements,0.054,-3.034,-5.128,4.091,0.772,0.553,-1, False,maintenance of CRISPR repeat elements ; GO:0043571
GO:0070395,lipoteichoic acid biosynthetic process,0.005,-4.863,0.017,3.066,0.688,0.555,-1, False,lipoteichoic acid biosynthetic process ; GO:0070395
GO:0009073,aromatic amino acid family biosynthetic process,0.57,-6.488,-0.547,5.115,0.639,0.558,-1, False,aromatic amino acid family biosynthetic process ; GO:0009073
GO:0009094,L-phenylalanine biosynthetic process,0.045, null, null,4.008,0.679,0.749,9073, True,L-phenylalanine biosynthetic process ; GO:0009094
GO:0006571,tyrosine biosynthetic process,0.048, null, null,4.036,0.678,0.915,9073, True,tyrosine biosynthetic process ; GO:0006571
GO:0071897,DNA biosynthetic process,0.699,-5.169,-3.33,5.204,0.681,0.566,-1, False,DNA biosynthetic process ; GO:0071897
GO:0009432,SOS response,0.31,-0.474,-7.537,4.85,0.916,0.567,-1, False,SOS response ; GO:0009432
GO:0030253,protein secretion by the type I secretion system,0.011,3.223,3.169,3.409,0.929,0.57,-1, False,protein secretion by the type I secretion system ; GO:0030253
GO:0019545,arginine catabolic process to succinate,0.008,-6.925,2.843,3.275,0.714,0.57,-1, False,arginine catabolic process to succinate ; GO:0019545
GO:0010133,proline catabolic process to glutamate,0.037, null, null,3.931,0.687,0.767,19545, True,proline catabolic process to glutamate ; GO:0010133
GO:0019544,arginine catabolic process to glutamate,0.009, null, null,3.307,0.712,0.823,19545, True,arginine catabolic process to glutamate ; GO:0019544
GO:0008299,isoprenoid biosynthetic process,0.501,-8.822,-1.793,5.059,0.795,0.575,-1, False,isoprenoid biosynthetic process ; GO:0008299
GO:0019288,"isopentenyl diphosphate biosynthetic process, methylerythritol 4-phosphate pathway",0.17, null, null,4.59,0.646,0.89,8299, True,"isopentenyl diphosphate biosynthetic process, methylerythritol 4-phosphate pathway ; GO:0019288"
GO:0016114,terpenoid biosynthetic process,0.302, null, null,4.839,0.803,0.936,8299, True,terpenoid biosynthetic process ; GO:0016114
GO:0000105,histidine biosynthetic process,0.384,-6.907,0.742,4.944,0.67,0.576,-1, False,histidine biosynthetic process ; GO:0000105
GO:0019557,histidine catabolic process to glutamate and formate,0.061, null, null,4.142,0.667,0.829,105, True,histidine catabolic process to glutamate and formate ; GO:0019557
GO:0019556,histidine catabolic process to glutamate and formamide,0.062, null, null,4.149,0.657,0.997,105, True,histidine catabolic process to glutamate and formamide ; GO:0019556
GO:0070814,hydrogen sulfide biosynthetic process,0.074,-1.846,-0.353,4.226,0.826,0.578,-1, False,hydrogen sulfide biosynthetic process ; GO:0070814
GO:0006865,amino acid transport,0.753,3.371,3.67,5.236,0.93,0.584,-1, False,amino acid transport ; GO:0006865
GO:0006438,valyl-tRNA aminoacylation,0.046,-6.223,-1.854,4.026,0.66,0.584,-1, False,valyl-tRNA aminoacylation ; GO:0006438
GO:0006515,protein quality control for misfolded or incompletely synthesized proteins,0.062,-2.037,-2.568,4.153,0.776,0.587,-1, False,protein quality control for misfolded or incompletely synthesized proteins ; GO:0006515
GO:0010498,proteasomal protein catabolic process,0.311, null, null,4.851,0.749,0.72,6515, True,proteasomal protein catabolic process ; GO:0010498
GO:0019941,modification-dependent protein catabolic process,0.704, null, null,5.206,0.733,0.883,6515, True,modification-dependent protein catabolic process ; GO:0019941
GO:0006090,pyruvate metabolic process,0.823,-7.778,2.323,5.274,0.726,0.588,-1, False,pyruvate metabolic process ; GO:0006090
GO:0006631,fatty acid metabolic process,1.105, null, null,5.402,0.684,0.751,6090, True,fatty acid metabolic process ; GO:0006631
GO:0006298,mismatch repair,0.166,-3.352,-5.64,4.579,0.75,0.588,-1, False,mismatch repair ; GO:0006298
GO:0006428,isoleucyl-tRNA aminoacylation,0.048,-6.296,-1.767,4.039,0.659,0.59,-1, False,isoleucyl-tRNA aminoacylation ; GO:0006428
GO:0009168,purine ribonucleoside monophosphate biosynthetic process,0.713,-5.875,-0.43,5.212,0.628,0.591,-1, False,purine ribonucleoside monophosphate biosynthetic process ; GO:0009168
GO:0044208,'de novo' AMP biosynthetic process,0.08, null, null,4.265,0.659,0.813,9168, True,'de novo' AMP biosynthetic process ; GO:0044208
GO:0044205,'de novo' UMP biosynthetic process,0.26, null, null,4.774,0.626,0.817,9168, True,'de novo' UMP biosynthetic process ; GO:0044205
GO:0006177,GMP biosynthetic process,0.093, null, null,4.326,0.657,0.823,9168, True,GMP biosynthetic process ; GO:0006177
GO:0044209,AMP salvage,0.085, null, null,4.291,0.655,0.9,9168, True,AMP salvage ; GO:0044209
GO:0006166,purine ribonucleoside salvage,0.104, null, null,4.377,0.643,0.914,9168, True,purine ribonucleoside salvage ; GO:0006166
GO:0006189,'de novo' IMP biosynthetic process,0.429, null, null,4.991,0.617,0.944,9168, True,'de novo' IMP biosynthetic process ; GO:0006189
GO:0006013,mannose metabolic process,0.037,-6.497,4.016,3.924,0.788,0.591,-1, False,mannose metabolic process ; GO:0006013
GO:0006431,methionyl-tRNA aminoacylation,0.051,-6.231,-1.736,4.068,0.658,0.593,-1, False,methionyl-tRNA aminoacylation ; GO:0006431
GO:0017004,cytochrome complex assembly,0.247,2.114,-6.155,4.752,0.931,0.595,-1, False,cytochrome complex assembly ; GO:0017004
GO:0006436,tryptophanyl-tRNA aminoacylation,0.052,-6.149,-1.813,4.076,0.658,0.597,-1, False,tryptophanyl-tRNA aminoacylation ; GO:0006436
GO:0006813,potassium ion transport,0.528,2.969,4.358,5.082,0.94,0.598,-1, False,potassium ion transport ; GO:0006813
GO:0006430,lysyl-tRNA aminoacylation,0.054,-6.079,-1.789,4.094,0.657,0.599,-1, False,lysyl-tRNA aminoacylation ; GO:0006430
GO:0033567,"DNA replication, Okazaki fragment processing",0.02,-4.518,-4.14,3.659,0.78,0.601,-1, False,"DNA replication, Okazaki fragment processing ; GO:0033567"
GO:0016052,carbohydrate catabolic process,1.344,-4.753,5.883,5.487,0.795,0.604,-1, False,carbohydrate catabolic process ; GO:0016052
GO:0006419,alanyl-tRNA aminoacylation,0.059,-6.174,-1.676,4.127,0.655,0.604,-1, False,alanyl-tRNA aminoacylation ; GO:0006419
GO:0016226,iron-sulfur cluster assembly,0.337,0.96,-4.9,4.887,0.833,0.604,-1, False,iron-sulfur cluster assembly ; GO:0016226
GO:0030435,sporulation resulting in formation of a cellular spore,0.113,5.229,1.381,4.412,0.983,0.607,-1, False,sporulation resulting in formation of a cellular spore ; GO:0030435
GO:0016051,carbohydrate biosynthetic process,1.22,-4.076,2.428,5.446,0.782,0.607,-1, False,carbohydrate biosynthetic process ; GO:0016051
GO:0006426,glycyl-tRNA aminoacylation,0.062,-6.099,-1.681,4.154,0.654,0.609,-1, False,glycyl-tRNA aminoacylation ; GO:0006426
GO:0006289,nucleotide-excision repair,0.266,-3.415,-5.518,4.784,0.741,0.611,-1, False,nucleotide-excision repair ; GO:0006289
GO:0006420,arginyl-tRNA aminoacylation,0.067,-6.022,-1.712,4.185,0.652,0.615,-1, False,arginyl-tRNA aminoacylation ; GO:0006420
GO:0000272,polysaccharide catabolic process,0.453,-4.542,5.111,5.015,0.771,0.619,-1, False,polysaccharide catabolic process ; GO:0000272
GO:0030245,cellulose catabolic process,0.093, null, null,4.327,0.765,0.713,272, True,cellulose catabolic process ; GO:0030245
GO:0030163,protein catabolic process,1.027, null, null,5.371,0.752,0.748,272, True,protein catabolic process ; GO:0030163
GO:0006401,RNA catabolic process,0.457, null, null,5.019,0.692,0.748,272, True,RNA catabolic process ; GO:0006401
GO:0045493,xylan catabolic process,0.065, null, null,4.173,0.759,0.75,272, True,xylan catabolic process ; GO:0045493
GO:0005978,glycogen biosynthetic process,0.109, null, null,4.396,0.732,0.797,272, True,glycogen biosynthetic process ; GO:0005978
GO:0006096,glycolytic process,0.536, null, null,5.088,0.537,0.8,272, True,glycolytic process ; GO:0006096
GO:0009103,lipopolysaccharide biosynthetic process,0.137, null, null,4.497,0.677,0.805,272, True,lipopolysaccharide biosynthetic process ; GO:0009103
GO:0006402,mRNA catabolic process,0.267, null, null,4.785,0.674,0.835,272, True,mRNA catabolic process ; GO:0006402
GO:0005980,glycogen catabolic process,0.035, null, null,3.899,0.76,0.887,272, True,glycogen catabolic process ; GO:0005980
GO:0009244,lipopolysaccharide core region biosynthetic process,0.03, null, null,3.834,0.706,0.889,272, True,lipopolysaccharide core region biosynthetic process ; GO:0009244
GO:0008033,tRNA processing,1.512,-5.986,-4.649,5.539,0.732,0.62,-1, False,tRNA processing ; GO:0008033
GO:0006418,tRNA aminoacylation for protein translation,1.042, null, null,5.377,0.576,0.805,8033, True,tRNA aminoacylation for protein translation ; GO:0006418
GO:0006400,tRNA modification,1.054, null, null,5.382,0.729,0.819,8033, True,tRNA modification ; GO:0006400
GO:0043039,tRNA aminoacylation,1.068, null, null,5.388,0.624,0.986,8033, True,tRNA aminoacylation ; GO:0043039
GO:0006284,base-excision repair,0.297,-3.471,-5.497,4.832,0.738,0.621,-1, False,base-excision repair ; GO:0006284
GO:0006310,DNA recombination,1.722,-5.203,-4.781,5.595,0.743,0.623,-1, False,DNA recombination ; GO:0006310
GO:0009229,thiamine diphosphate biosynthetic process,0.166,-4.636,-1.639,4.579,0.683,0.625,-1, False,thiamine diphosphate biosynthetic process ; GO:0009229
GO:0009228,thiamine biosynthetic process,0.241, null, null,4.741,0.645,0.748,9229, True,thiamine biosynthetic process ; GO:0009228
GO:0006772,thiamine metabolic process,0.26, null, null,4.775,0.701,0.991,9229, True,thiamine metabolic process ; GO:0006772
GO:0006432,phenylalanyl-tRNA aminoacylation,0.089,-6.024,-1.632,4.309,0.645,0.63,-1, False,phenylalanyl-tRNA aminoacylation ; GO:0006432
GO:0008535,respiratory chain complex IV assembly,0.042,2.166,-6.277,3.983,0.939,0.634,-1, False,respiratory chain complex IV assembly ; GO:0008535
GO:0008360,regulation of cell shape,0.726,3.581,-2.862,5.22,0.961,0.634,-1, False,regulation of cell shape ; GO:0008360
GO:0006098,pentose-phosphate shunt,0.214,-2.238,4.151,4.69,0.8,0.64,-1, False,pentose-phosphate shunt ; GO:0006098
GO:0042026,protein refolding,0.101,5.502,-0.996,4.362,0.985,0.644,-1, False,protein refolding ; GO:0042026
GO:0009372,quorum sensing,0.021,-0.067,-7.805,3.674,0.944,0.645,-1, False,quorum sensing ; GO:0009372
GO:0006004,fucose metabolic process,0.07,-6.529,3.89,4.206,0.778,0.647,-1, False,fucose metabolic process ; GO:0006004
GO:0006006,glucose metabolic process,0.424, null, null,4.986,0.747,0.771,6004, True,glucose metabolic process ; GO:0006006
GO:0006094,gluconeogenesis,0.262, null, null,4.777,0.696,0.86,6004, True,gluconeogenesis ; GO:0006094
GO:0000453,enzyme-directed rRNA 2'-O-methylation,0.036,-3.988,-5.29,3.919,0.755,0.649,-1, False,enzyme-directed rRNA 2'-O-methylation ; GO:0000453
GO:0070475,rRNA base methylation,0.135, null, null,4.489,0.732,0.774,453, True,rRNA base methylation ; GO:0070475
GO:0000724,double-strand break repair via homologous recombination,0.118,-3.237,-5.711,4.43,0.755,0.653,-1, False,double-strand break repair via homologous recombination ; GO:0000724
GO:0006749,glutathione metabolic process,0.47,-7.29,-4.089,5.031,0.765,0.653,-1, False,glutathione metabolic process ; GO:0006749
GO:0015940,pantothenate biosynthetic process,0.12, null, null,4.439,0.654,0.726,6749, True,pantothenate biosynthetic process ; GO:0015940
GO:0035999,tetrahydrofolate interconversion,0.169, null, null,4.588,0.75,0.747,6749, True,tetrahydrofolate interconversion ; GO:0035999
GO:0006633,fatty acid biosynthetic process,0.771, null, null,5.246,0.641,0.78,6749, True,fatty acid biosynthetic process ; GO:0006633
GO:0009396,folic acid-containing compound biosynthetic process,0.262, null, null,4.778,0.729,0.866,6749, True,folic acid-containing compound biosynthetic process ; GO:0009396
GO:0046656,folic acid biosynthetic process,0.107, null, null,4.389,0.635,0.903,6749, True,folic acid biosynthetic process ; GO:0046656
GO:0002949,tRNA threonylcarbamoyladenosine modification,0.117,-5.856,-5.387,4.428,0.771,0.654,-1, False,tRNA threonylcarbamoyladenosine modification ; GO:0002949
GO:0030488,tRNA methylation,0.273, null, null,4.795,0.749,0.712,2949, True,tRNA methylation ; GO:0030488
GO:0043952,protein transport by the Sec complex,0.115,3.333,3.327,4.42,0.921,0.655,-1, False,protein transport by the Sec complex ; GO:0043952
GO:0065002,intracellular protein transmembrane transport,0.264, null, null,4.781,0.914,0.818,43952, True,intracellular protein transmembrane transport ; GO:0065002
GO:0009102,biotin biosynthetic process,0.08,-6.333,-0.405,4.265,0.642,0.656,-1, False,biotin biosynthetic process ; GO:0009102
GO:0042742,defense response to bacterium,0.115,-0.471,-7.694,4.419,0.936,0.656,-1, False,defense response to bacterium ; GO:0042742
GO:0051607,defense response to virus,0.148, null, null,4.528,0.934,0.789,42742, True,defense response to virus ; GO:0051607
GO:0006268,DNA unwinding involved in DNA replication,0.067,-2.37,-3.774,4.183,0.773,0.659,-1, False,DNA unwinding involved in DNA replication ; GO:0006268
GO:0006270,DNA replication initiation,0.124, null, null,4.453,0.751,0.737,6268, True,DNA replication initiation ; GO:0006270
GO:0006269,"DNA replication, synthesis of RNA primer",0.137, null, null,4.496,0.698,0.777,6268, True,"DNA replication, synthesis of RNA primer ; GO:0006269"
GO:0032324,molybdopterin cofactor biosynthetic process,0.053,-4.602,-2.253,4.08,0.73,0.659,-1, False,molybdopterin cofactor biosynthetic process ; GO:0032324
GO:0006777,Mo-molybdopterin cofactor biosynthetic process,0.235, null, null,4.731,0.701,0.887,32324, True,Mo-molybdopterin cofactor biosynthetic process ; GO:0006777
GO:0009401,phosphoenolpyruvate-dependent sugar phosphotransferase system,0.259,3.536,3.411,4.772,0.935,0.661,-1, False,phosphoenolpyruvate-dependent sugar phosphotransferase system ; GO:0009401
GO:0046417,chorismate metabolic process,0.284,-8.07,2.227,4.812,0.742,0.663,-1, False,chorismate metabolic process ; GO:0046417
GO:0019877,diaminopimelate biosynthetic process,0.149, null, null,4.533,0.702,0.72,46417, True,diaminopimelate biosynthetic process ; GO:0019877
GO:0009423,chorismate biosynthetic process,0.229, null, null,4.718,0.694,0.802,46417, True,chorismate biosynthetic process ; GO:0009423
GO:0009089,lysine biosynthetic process via diaminopimelate,0.296, null, null,4.83,0.655,0.942,46417, True,lysine biosynthetic process via diaminopimelate ; GO:0009089
GO:0033468,CMP-keto-3-deoxy-D-manno-octulosonic acid biosynthetic process,0.013,-5.576,0.078,3.47,0.718,0.665,-1, False,CMP-keto-3-deoxy-D-manno-octulosonic acid biosynthetic process ; GO:0033468
GO:0000725,recombinational repair,0.154,-3.288,-5.631,4.548,0.75,0.667,-1, False,recombinational repair ; GO:0000725
GO:0019619,"3,4-dihydroxybenzoate catabolic process",0.019,-6.659,1.892,3.629,0.697,0.668,-1, False,"3,4-dihydroxybenzoate catabolic process ; GO:0019619"
GO:0019441,tryptophan catabolic process to kynurenine,0.076, null, null,4.237,0.653,0.783,19619, True,tryptophan catabolic process to kynurenine ; GO:0019441
GO:0006228,UTP biosynthetic process,0.049,-5.674,-0.301,4.051,0.665,0.67,-1, False,UTP biosynthetic process ; GO:0006228
GO:0006241,CTP biosynthetic process,0.148, null, null,4.531,0.639,0.92,6228, True,CTP biosynthetic process ; GO:0006241
GO:0030261,chromosome condensation,0.088,1.88,-6.251,4.302,0.939,0.671,-1, False,chromosome condensation ; GO:0030261
GO:0006542,glutamine biosynthetic process,0.082,-7.181,1.027,4.274,0.695,0.674,-1, False,glutamine biosynthetic process ; GO:0006542
GO:0006526,arginine biosynthetic process,0.317, null, null,4.859,0.664,0.786,6542, True,arginine biosynthetic process ; GO:0006526
GO:0019632,shikimate metabolic process,0.022,-7.962,2.756,3.699,0.778,0.676,-1, False,shikimate metabolic process ; GO:0019632
GO:0009116,nucleoside metabolic process,0.782,-6.957,-0.663,5.252,0.663,0.677,-1, False,nucleoside metabolic process ; GO:0009116
GO:0006213,pyrimidine nucleoside metabolic process,0.053, null, null,4.086,0.711,0.767,9116, True,pyrimidine nucleoside metabolic process ; GO:0006213
GO:0008616,queuosine biosynthetic process,0.163, null, null,4.572,0.645,0.843,9116, True,queuosine biosynthetic process ; GO:0008616
GO:0030001,metal ion transport,1.312,3.022,4.253,5.477,0.935,0.68,-1, False,metal ion transport ; GO:0030001
GO:1902600,proton transmembrane transport,1.109, null, null,5.404,0.922,0.737,30001, True,proton transmembrane transport ; GO:1902600
GO:0044780,bacterial-type flagellum assembly,0.134,2.063,-6.055,4.486,0.93,0.682,-1, False,bacterial-type flagellum assembly ; GO:0044780
GO:0006751,glutathione catabolic process,0.059,-2.715,-1.223,4.127,0.735,0.685,-1, False,glutathione catabolic process ; GO:0006751
GO:0015941,pantothenate catabolic process,0.03, null, null,3.834,0.672,0.882,6751, True,pantothenate catabolic process ; GO:0015941
GO:0022904,respiratory electron transport chain,0.439,-0.77,6.167,5.002,0.893,0.689,-1, False,respiratory electron transport chain ; GO:0022904
GO:0042773,ATP synthesis coupled electron transport,0.233, null, null,4.726,0.893,0.769,22904, True,ATP synthesis coupled electron transport ; GO:0042773
GO:0006119,oxidative phosphorylation,0.382, null, null,4.941,0.889,0.803,22904, True,oxidative phosphorylation ; GO:0006119
GO:0009060,aerobic respiration,0.977, null, null,5.349,0.885,0.878,22904, True,aerobic respiration ; GO:0009060
GO:0006099,tricarboxylic acid cycle,0.546, null, null,5.096,0.884,0.898,22904, True,tricarboxylic acid cycle ; GO:0006099
GO:0045226,extracellular polysaccharide biosynthetic process,0.065,-3.481,-0.572,4.173,0.763,0.693,-1, False,extracellular polysaccharide biosynthetic process ; GO:0045226
GO:0009408,response to heat,0.19,-0.621,-7.704,4.638,0.939,0.698,-1, False,response to heat ; GO:0009408
GO:0034605,cellular response to heat,0.065, null, null,4.174,0.93,0.887,9408, True,cellular response to heat ; GO:0034605
GO:0017038,protein import,0.26, null, null,4.775,0.931,0.726,-1, True,protein import ; GO:0017038
GO:0006353,"DNA-templated transcription, termination",0.197, null, null,4.653,0.709,0.753,-1, True,"DNA-templated transcription, termination ; GO:0006353"
GO:0009306,protein secretion,0.396, null, null,4.957,0.912,0.76,-1, True,protein secretion ; GO:0009306
GO:0006605,protein targeting,0.58, null, null,5.123,0.913,0.793,-1, True,protein targeting ; GO:0006605
GO:0006164,purine nucleotide biosynthetic process,1.724, null, null,5.596,0.592,0.844,-1, True,purine nucleotide biosynthetic process ; GO:0006164
GO:0015628,protein secretion by the type II secretion system,0.085, null, null,4.288,0.918,0.874,-1, True,protein secretion by the type II secretion system ; GO:0015628
GO:0006352,"DNA-templated transcription, initiation",0.854, null, null,5.29,0.674,0.88,-1, True,"DNA-templated transcription, initiation ; GO:0006352"
